PuntFree.web,,,PuntPar.web,,,PuntParCon.web,,
15,2,,15,2,,15,2,
15,5,,15,5,,15,5,
16,2,,16,2,,16,2,
16,11,,16,11,,16,11,
17,2,,17,2,,17,2,
17,11,,17,11,,17,11,
18,2,,18,2,,18,2,
18,11,,18,11,,18,11,
19,2,,19,2,,19,2,
20,2,,20,2,,20,2,
21,2,,21,2,,21,2,
22,2,,22,2,,22,2,
23,2,,23,2,,23,2,
23,11,,23,11,,23,11,
24,2,,24,2,,24,2,
24,11,,24,11,,24,11,
25,2,,25,2,,25,2,
26,2,,26,2,,26,2,
27,2,,27,2,,27,2,
27,11,,27,11,,27,11,
27,15,,27,15,,27,15,
27,16,,27,16,,27,16,
27,17,,27,17,,27,17,
27,18,,27,18,,27,18,
27,19,,27,19,,27,19,
27,20,,27,20,,27,20,
27,21,,27,21,,27,21,
27,22,,27,22,,27,22,
27,23,,27,23,,27,23,
27,24,,27,24,,27,24,
27,25,,27,25,,27,25,
27,27,,27,27,,27,27,
27,28,,27,28,,27,28,
27,38,,27,38,,27,38,
27,39,,27,39,,27,39,
27,40,,27,40,,27,40,
27,41,,27,41,,27,41,
27,42,,27,42,,27,42,
27,43,,27,43,,27,43,
27,44,,27,44,,27,44,
27,45,,27,45,,27,45,
27,46,,27,46,,27,46,
27,47,,27,47,,27,47,
27,48,,27,48,,27,48,
27,62,,27,62,,27,62,
27,65,,27,65,,27,65,
27,66,,27,66,,27,66,
28,2,,27,153,,27,152,
28,11,,27,154,,27,153,
28,15,,27,155,,27,154,
28,16,,27,156,,27,155,
28,17,,27,157,,27,156,
28,18,,27,158,,27,157,
28,19,,27,159,,27,158,
28,20,,27,160,,27,159,
28,21,,27,161,,27,160,
28,22,,27,162,,27,161,
28,23,,27,164,,27,162,
28,24,,27,165,,27,163,
28,25,,27,168,,27,164,
28,27,,27,169,,27,165,
28,28,,27,170,,27,168,
28,38,,27,171,,27,169,
28,39,,27,172,,27,170,
28,40,,27,173,,27,171,
28,41,,27,174,,27,172,
28,42,,27,175,,27,173,
28,43,,27,176,,27,174,
28,44,,27,177,,27,175,
28,45,,27,178,,27,176,
28,46,,27,179,,27,177,
28,47,,27,180,,27,178,
28,48,,27,181,,27,179,
28,62,,27,182,,27,180,
28,65,,27,183,,27,181,
28,66,,27,185,,27,182,
29,78,,27,186,,27,183,
30,2,,27,187,,27,185,
30,16,,27,188,,27,186,
30,17,,27,189,,27,187,
30,18,,27,190,,27,188,
30,19,,28,2,,27,189,
30,20,,28,11,,27,190,
30,21,,28,15,,27,191,
30,22,,28,16,,27,194,
30,23,,28,17,,27,195,
30,24,,28,18,,27,196,
30,25,,28,19,,27,197,
30,27,,28,20,,27,198,
30,28,,28,21,,27,199,
30,38,,28,22,,27,211,
30,39,,28,23,,27,212,
30,40,,28,24,,28,2,
30,41,,28,25,,28,11,
30,42,,28,27,,28,15,
30,43,,28,28,,28,16,
30,44,,28,38,,28,17,
30,45,,28,39,,28,18,
30,46,,28,40,,28,19,
30,47,,28,41,,28,20,
30,48,,28,42,,28,21,
30,62,,28,43,,28,22,
31,2,,28,44,,28,23,
32,2,,28,45,,28,24,
33,16,,28,46,,28,25,
33,17,,28,47,,28,27,
33,18,,28,48,,28,28,
33,19,,28,62,,28,38,
33,20,,28,65,,28,39,
33,21,,28,66,,28,40,
33,22,,28,153,,28,41,
33,23,,28,154,,28,42,
33,24,,28,155,,28,43,
33,25,,28,156,,28,44,
33,26,,28,157,,28,45,
33,27,,28,158,,28,46,
33,28,,28,159,,28,47,
34,2,,28,160,,28,48,
34,5,,28,161,,28,62,
34,11,,28,162,,28,65,
35,2,,28,163,,28,66,
36,2,,28,164,,28,152,
37,64,,28,165,,28,153,
37,65,,28,168,,28,154,
38,5,,28,169,,28,155,
38,11,,28,170,,28,156,
38,16,,28,171,,28,157,
38,17,,28,172,,28,158,
38,18,,28,173,,28,159,
38,19,,28,174,,28,160,
38,20,,28,175,,28,161,
38,21,,28,176,,28,162,
38,22,,28,177,,28,163,
38,23,,28,178,,28,164,
38,24,,28,179,,28,165,
38,25,,28,180,,28,168,
38,27,,28,181,,28,169,
38,28,,28,182,,28,170,
38,38,,28,183,,28,171,
38,39,,28,184,,28,172,
38,40,,28,185,,28,173,
38,41,,28,186,,28,174,
38,42,,28,187,,28,175,
38,43,,28,188,,28,176,
38,44,,28,189,,28,177,
38,45,,28,190,,28,178,
38,46,,29,78,,28,179,
38,47,,30,2,,28,180,
38,48,,30,16,,28,181,
39,5,,30,17,,28,182,
39,11,,30,18,,28,183,
39,16,,30,19,,28,184,
39,17,,30,20,,28,185,
39,18,,30,21,,28,186,
39,19,,30,22,,28,187,
39,20,,30,23,,28,188,
39,21,,30,24,,28,189,
39,22,,30,25,,28,190,
39,23,,30,27,,28,191,
39,24,,30,28,,28,194,
39,25,,30,38,,28,195,
39,27,,30,39,,28,196,
39,28,,30,40,,28,197,
39,38,,30,41,,28,198,
39,39,,30,42,,28,199,
39,40,,30,43,,28,211,
39,41,,30,44,,28,212,
39,42,,30,45,,29,78,
39,43,,30,46,,30,2,
39,44,,30,47,,30,16,
39,45,,30,48,,30,17,
39,46,,30,62,,30,18,
39,47,,30,152,,30,19,
39,48,,30,153,,30,20,
40,11,,30,154,,30,21,
41,2,,30,155,,30,22,
41,11,,30,156,,30,23,
41,16,,30,157,,30,24,
41,17,,30,158,,30,25,
41,18,,30,159,,30,27,
41,19,,30,160,,30,28,
41,20,,30,161,,30,38,
41,21,,30,162,,30,39,
41,22,,30,163,,30,40,
41,23,,30,164,,30,41,
41,24,,30,165,,30,42,
41,25,,30,167,,30,43,
41,27,,30,168,,30,44,
41,28,,30,169,,30,45,
41,38,,30,170,,30,46,
41,39,,30,171,,30,47,
41,40,,30,172,,30,48,
41,41,,30,173,,30,62,
41,42,,30,174,,30,152,
41,43,,30,175,,30,153,
41,44,,30,176,,30,154,
41,45,,30,177,,30,155,
41,46,,30,178,,30,156,
41,47,,30,179,,30,157,
41,48,,30,180,,30,158,
42,5,,30,181,,30,159,
42,11,,30,182,,30,160,
42,16,,30,183,,30,161,
42,17,,30,184,,30,162,
42,18,,30,185,,30,163,
42,19,,30,186,,30,164,
42,20,,30,187,,30,165,
42,21,,30,188,,30,167,
42,22,,30,189,,30,168,
42,23,,30,190,,30,169,
42,24,,31,2,,30,170,
42,25,,32,2,,30,171,
42,27,,33,16,,30,172,
42,28,,33,17,,30,173,
42,38,,33,18,,30,174,
42,39,,33,19,,30,175,
42,40,,33,20,,30,176,
42,41,,33,21,,30,177,
42,42,,33,22,,30,178,
42,43,,33,23,,30,179,
42,44,,33,24,,30,180,
42,45,,33,25,,30,181,
42,46,,33,26,,30,182,
42,47,,33,27,,30,183,
42,48,,33,28,,30,184,
43,2,,34,2,,30,185,
43,5,,34,5,,30,186,
43,11,,34,11,,30,187,
44,5,,34,153,,30,188,
44,11,,34,154,,30,189,
45,5,,34,155,,30,190,
45,11,,34,156,,30,191,
45,16,,34,158,,30,194,
45,17,,34,159,,30,195,
45,18,,34,160,,30,196,
45,19,,34,161,,30,197,
45,20,,34,164,,30,198,
45,21,,34,165,,30,199,
45,22,,34,168,,30,211,
45,23,,34,169,,30,212,
45,24,,34,171,,31,2,
45,25,,34,175,,32,2,
45,27,,34,178,,33,16,
45,28,,34,179,,33,17,
45,38,,34,180,,33,18,
45,39,,34,181,,33,19,
45,40,,34,182,,33,20,
45,41,,34,183,,33,21,
45,42,,34,184,,33,22,
45,43,,34,185,,33,23,
45,44,,34,186,,33,24,
45,45,,34,187,,33,25,
45,46,,34,188,,33,26,
45,47,,34,189,,33,27,
45,48,,34,190,,33,28,
46,11,,35,2,,33,152,
46,16,,36,2,,33,163,
46,17,,37,64,,33,167,
46,18,,37,65,,33,172,
46,19,,38,5,,33,203,
46,20,,38,11,,34,2,
46,21,,38,16,,34,5,
46,22,,38,17,,34,11,
46,23,,38,18,,34,153,
46,24,,38,19,,34,154,
46,25,,38,20,,34,155,
46,27,,38,21,,34,156,
46,28,,38,22,,34,158,
46,38,,38,23,,34,159,
46,39,,38,24,,34,160,
46,40,,38,25,,34,161,
46,41,,38,27,,34,164,
46,42,,38,28,,34,165,
46,43,,38,38,,34,168,
46,44,,38,39,,34,169,
46,45,,38,40,,34,171,
46,46,,38,41,,34,175,
46,47,,38,42,,34,178,
46,48,,38,43,,34,179,
47,11,,38,44,,34,180,
48,11,,38,45,,34,181,
48,16,,38,46,,34,182,
48,17,,38,47,,34,183,
48,18,,38,48,,34,184,
48,19,,38,153,,34,185,
48,20,,38,154,,34,186,
48,21,,38,155,,34,187,
48,22,,38,156,,34,188,
48,23,,38,157,,34,189,
48,24,,38,158,,34,190,
48,25,,38,159,,35,2,
48,27,,38,160,,36,2,
48,28,,38,161,,37,64,
48,38,,38,162,,37,65,
48,39,,38,163,,37,161,
48,40,,38,164,,37,164,
48,41,,38,165,,37,165,
48,42,,38,167,,37,171,
48,43,,38,168,,37,186,
48,44,,38,169,,37,191,
48,45,,38,170,,37,194,
48,46,,38,171,,37,195,
48,47,,38,172,,37,196,
48,48,,38,173,,37,197,
49,2,,38,174,,37,198,
49,5,,38,175,,37,199,
50,3,,38,176,,37,211,
51,2,,38,177,,37,212,
51,5,,38,178,,38,5,
51,9,,38,179,,38,11,
52,2,,38,180,,38,16,
52,5,,38,181,,38,17,
53,2,,38,182,,38,18,
53,5,,38,183,,38,19,
53,9,,38,184,,38,20,
54,2,,38,185,,38,21,
54,5,,38,186,,38,22,
55,3,,38,187,,38,23,
56,1,,38,188,,38,24,
56,2,,38,189,,38,25,
56,51,,38,190,,38,27,
57,2,,39,5,,38,28,
58,38,,39,11,,38,38,
58,44,,39,16,,38,39,
58,46,,39,17,,38,40,
58,47,,39,18,,38,41,
59,2,,39,19,,38,42,
59,3,,39,20,,38,43,
59,93,,39,21,,38,44,
59,94,,39,22,,38,45,
59,95,,39,23,,38,46,
59,96,,39,24,,38,47,
59,97,,39,25,,38,48,
59,98,,39,27,,38,152,
59,99,,39,28,,38,153,
59,100,,39,38,,38,154,
59,101,,39,39,,38,155,
59,102,,39,40,,38,156,
59,103,,39,41,,38,157,
59,104,,39,42,,38,158,
59,105,,39,43,,38,159,
59,106,,39,44,,38,160,
59,107,,39,45,,38,161,
59,108,,39,46,,38,162,
59,109,,39,47,,38,163,
59,110,,39,48,,38,164,
59,111,,39,153,,38,165,
59,112,,39,154,,38,167,
59,113,,39,155,,38,168,
59,114,,39,156,,38,169,
59,115,,39,157,,38,170,
59,116,,39,158,,38,171,
59,117,,39,159,,38,172,
59,118,,39,160,,38,173,
59,119,,39,161,,38,174,
59,120,,39,162,,38,175,
59,121,,39,163,,38,176,
59,122,,39,164,,38,177,
59,123,,39,165,,38,178,
59,124,,39,167,,38,179,
59,125,,39,168,,38,180,
59,126,,39,169,,38,181,
59,127,,39,170,,38,182,
59,128,,39,171,,38,183,
59,129,,39,172,,38,184,
59,130,,39,173,,38,185,
59,131,,39,174,,38,186,
59,132,,39,175,,38,187,
59,133,,39,176,,38,188,
59,134,,39,177,,38,189,
59,135,,39,178,,38,190,
59,136,,39,179,,39,5,
59,137,,39,180,,39,11,
60,75,,39,181,,39,16,
60,77,,39,182,,39,17,
61,2,,39,183,,39,18,
61,3,,39,184,,39,19,
61,93,,39,185,,39,20,
61,94,,39,186,,39,21,
61,95,,39,187,,39,22,
61,96,,39,188,,39,23,
61,97,,39,189,,39,24,
61,98,,39,190,,39,25,
61,99,,40,11,,39,27,
61,100,,41,2,,39,28,
61,101,,41,11,,39,38,
61,102,,41,16,,39,39,
61,103,,41,17,,39,40,
61,104,,41,18,,39,41,
61,105,,41,19,,39,42,
61,106,,41,20,,39,43,
61,107,,41,21,,39,44,
61,108,,41,22,,39,45,
61,109,,41,23,,39,46,
61,110,,41,24,,39,47,
61,111,,41,25,,39,48,
61,112,,41,27,,39,152,
61,113,,41,28,,39,153,
61,114,,41,38,,39,154,
61,115,,41,39,,39,155,
61,116,,41,40,,39,156,
61,117,,41,41,,39,157,
61,118,,41,42,,39,158,
61,119,,41,43,,39,159,
61,120,,41,44,,39,160,
61,121,,41,45,,39,161,
61,122,,41,46,,39,162,
61,123,,41,47,,39,163,
61,124,,41,48,,39,164,
61,125,,42,5,,39,165,
61,126,,42,11,,39,167,
61,127,,42,16,,39,168,
61,128,,42,17,,39,169,
61,129,,42,18,,39,170,
61,130,,42,19,,39,171,
61,131,,42,20,,39,172,
61,132,,42,21,,39,173,
61,133,,42,22,,39,174,
61,134,,42,23,,39,175,
61,135,,42,24,,39,176,
61,136,,42,25,,39,177,
61,137,,42,27,,39,178,
62,11,,42,28,,39,179,
63,1,,42,38,,39,180,
63,2,,42,39,,39,181,
63,5,,42,40,,39,182,
64,2,,42,41,,39,183,
64,5,,42,42,,39,184,
64,9,,42,43,,39,185,
65,2,,42,44,,39,186,
66,2,,42,45,,39,187,
66,11,,42,46,,39,188,
67,2,,42,47,,39,189,
67,3,,42,48,,39,190,
68,2,,42,152,,40,11,
68,5,,42,153,,41,2,
69,2,,42,154,,41,11,
69,11,,42,155,,41,16,
70,2,,42,156,,41,17,
70,11,,42,157,,41,18,
70,15,,42,158,,41,19,
70,16,,42,159,,41,20,
70,17,,42,160,,41,21,
70,18,,42,161,,41,22,
70,19,,42,162,,41,23,
70,20,,42,163,,41,24,
70,21,,42,164,,41,25,
70,22,,42,165,,41,27,
70,23,,42,167,,41,28,
70,24,,42,168,,41,38,
70,25,,42,169,,41,39,
70,27,,42,170,,41,40,
70,28,,42,171,,41,41,
70,38,,42,172,,41,42,
70,39,,42,173,,41,43,
70,40,,42,174,,41,44,
70,41,,42,175,,41,45,
70,42,,42,176,,41,46,
70,43,,42,177,,41,47,
70,44,,42,178,,41,48,
70,45,,42,179,,42,5,
70,46,,42,180,,42,11,
70,47,,42,181,,42,16,
70,48,,42,182,,42,17,
70,62,,42,183,,42,18,
70,66,,42,184,,42,19,
71,1,,42,185,,42,20,
71,2,,42,186,,42,21,
71,3,,42,187,,42,22,
71,5,,42,188,,42,23,
71,9,,42,189,,42,24,
71,16,,42,190,,42,25,
71,17,,43,2,,42,27,
71,18,,43,5,,42,28,
71,19,,43,11,,42,38,
71,20,,43,153,,42,39,
71,21,,43,154,,42,40,
71,22,,43,155,,42,41,
71,23,,43,156,,42,42,
71,24,,43,158,,42,43,
71,25,,43,159,,42,44,
71,26,,43,160,,42,45,
71,27,,43,161,,42,46,
71,28,,43,162,,42,47,
71,30,,43,163,,42,48,
71,33,,43,164,,42,152,
71,34,,43,165,,42,153,
71,37,,43,167,,42,154,
71,38,,43,168,,42,155,
71,39,,43,169,,42,156,
71,40,,43,170,,42,157,
71,41,,43,171,,42,158,
71,42,,43,172,,42,159,
71,43,,43,173,,42,160,
71,44,,43,174,,42,161,
71,45,,43,175,,42,162,
71,46,,43,177,,42,163,
71,47,,43,178,,42,164,
71,48,,43,179,,42,165,
71,49,,43,180,,42,167,
71,51,,43,181,,42,168,
71,53,,43,182,,42,169,
71,57,,43,183,,42,170,
71,58,,43,184,,42,171,
71,63,,43,185,,42,172,
72,1,,43,186,,42,173,
72,2,,43,187,,42,174,
72,3,,43,188,,42,175,
72,5,,43,189,,42,176,
72,9,,43,190,,42,177,
72,12,,44,5,,42,178,
72,13,,44,11,,42,179,
72,16,,44,153,,42,180,
72,17,,44,154,,42,181,
72,18,,44,155,,42,182,
72,19,,44,156,,42,183,
72,20,,44,157,,42,184,
72,21,,44,158,,42,185,
72,22,,44,159,,42,186,
72,23,,44,160,,42,187,
72,24,,44,161,,42,188,
72,25,,44,162,,42,189,
72,26,,44,163,,42,190,
72,27,,44,164,,43,2,
72,28,,44,165,,43,5,
72,30,,44,167,,43,11,
72,33,,44,168,,43,152,
72,34,,44,169,,43,153,
72,37,,44,170,,43,154,
72,38,,44,171,,43,155,
72,39,,44,172,,43,156,
72,40,,44,173,,43,157,
72,41,,44,174,,43,158,
72,42,,44,175,,43,159,
72,43,,44,176,,43,160,
72,44,,44,177,,43,161,
72,45,,44,178,,43,162,
72,46,,44,179,,43,163,
72,47,,44,180,,43,164,
72,48,,44,181,,43,165,
72,49,,44,182,,43,167,
72,51,,44,183,,43,168,
72,52,,44,184,,43,169,
72,53,,44,185,,43,170,
72,54,,44,186,,43,171,
72,55,,44,187,,43,172,
72,56,,44,188,,43,173,
72,57,,44,189,,43,174,
72,58,,44,190,,43,175,
72,63,,45,5,,43,176,
72,64,,45,11,,43,177,
72,71,,45,16,,43,178,
72,73,,45,17,,43,179,
73,2,,45,18,,43,180,
73,3,,45,19,,43,181,
73,5,,45,20,,43,182,
73,9,,45,21,,43,183,
74,15,,45,22,,43,184,
74,16,,45,23,,43,185,
74,17,,45,24,,43,186,
74,18,,45,25,,43,187,
74,19,,45,27,,43,188,
74,20,,45,28,,43,189,
74,21,,45,38,,43,190,
74,22,,45,39,,44,5,
74,23,,45,40,,44,11,
74,24,,45,41,,44,152,
74,25,,45,42,,44,153,
74,27,,45,43,,44,154,
74,28,,45,44,,44,155,
74,38,,45,45,,44,156,
74,39,,45,46,,44,157,
74,40,,45,47,,44,158,
74,41,,45,48,,44,159,
74,42,,45,152,,44,160,
74,43,,45,153,,44,161,
74,44,,45,154,,44,162,
74,45,,45,155,,44,163,
74,46,,45,156,,44,164,
74,47,,45,157,,44,165,
74,48,,45,158,,44,167,
74,62,,45,159,,44,168,
74,66,,45,160,,44,169,
75,2,,45,161,,44,170,
75,9,,45,162,,44,171,
75,15,,45,163,,44,172,
75,16,,45,164,,44,173,
75,17,,45,165,,44,174,
75,18,,45,167,,44,175,
75,19,,45,168,,44,176,
75,20,,45,169,,44,177,
75,21,,45,170,,44,178,
75,22,,45,171,,44,179,
75,23,,45,172,,44,180,
75,24,,45,173,,44,181,
75,25,,45,174,,44,182,
75,27,,45,175,,44,183,
75,28,,45,176,,44,184,
75,38,,45,177,,44,185,
75,39,,45,178,,44,186,
75,40,,45,179,,44,187,
75,41,,45,180,,44,188,
75,42,,45,181,,44,189,
75,43,,45,182,,44,190,
75,44,,45,183,,45,5,
75,45,,45,184,,45,11,
75,46,,45,185,,45,16,
75,47,,45,186,,45,17,
75,48,,45,187,,45,18,
75,62,,45,188,,45,19,
75,66,,45,189,,45,20,
76,15,,45,190,,45,21,
76,16,,46,11,,45,22,
76,17,,46,16,,45,23,
76,18,,46,17,,45,24,
76,19,,46,18,,45,25,
76,20,,46,19,,45,27,
76,21,,46,20,,45,28,
76,22,,46,21,,45,38,
76,23,,46,22,,45,39,
76,24,,46,23,,45,40,
76,25,,46,24,,45,41,
76,27,,46,25,,45,42,
76,28,,46,27,,45,43,
76,38,,46,28,,45,44,
76,39,,46,38,,45,45,
76,40,,46,39,,45,46,
76,41,,46,40,,45,47,
76,42,,46,41,,45,48,
76,43,,46,42,,45,152,
76,44,,46,43,,45,153,
76,45,,46,44,,45,154,
76,46,,46,45,,45,155,
76,47,,46,46,,45,156,
76,48,,46,47,,45,157,
76,64,,46,48,,45,158,
76,65,,46,153,,45,159,
76,66,,46,154,,45,160,
76,68,,46,155,,45,161,
77,9,,46,156,,45,162,
77,16,,46,158,,45,163,
77,17,,46,159,,45,164,
77,18,,46,160,,45,165,
77,19,,46,161,,45,167,
77,20,,46,162,,45,168,
77,21,,46,163,,45,169,
77,22,,46,164,,45,170,
77,23,,46,165,,45,171,
77,24,,46,167,,45,172,
77,25,,46,168,,45,173,
77,26,,46,169,,45,174,
77,27,,46,170,,45,175,
77,28,,46,171,,45,176,
77,33,,46,172,,45,177,
77,34,,46,175,,45,178,
77,37,,46,178,,45,179,
77,38,,46,179,,45,180,
77,39,,46,180,,45,181,
77,40,,46,181,,45,182,
77,41,,46,182,,45,183,
77,42,,46,183,,45,184,
77,43,,46,185,,45,185,
77,44,,46,186,,45,186,
77,45,,46,187,,45,187,
77,46,,46,188,,45,188,
77,47,,46,189,,45,189,
77,48,,46,190,,45,190,
77,49,,47,11,,46,11,
77,50,,47,153,,46,16,
77,51,,47,154,,46,17,
77,53,,47,155,,46,18,
77,57,,47,156,,46,19,
77,58,,47,158,,46,20,
77,59,,47,159,,46,21,
77,61,,47,160,,46,22,
77,62,,47,161,,46,23,
77,63,,47,163,,46,24,
77,64,,47,164,,46,25,
77,65,,47,165,,46,27,
77,66,,47,167,,46,28,
77,68,,47,168,,46,38,
78,9,,47,169,,46,39,
78,63,,47,170,,46,40,
78,64,,47,171,,46,41,
78,65,,47,172,,46,42,
78,67,,47,175,,46,43,
78,68,,47,178,,46,44,
78,69,,47,179,,46,45,
78,70,,47,180,,46,46,
78,71,,47,181,,46,47,
78,72,,47,182,,46,48,
78,73,,47,183,,46,152,
78,76,,47,185,,46,153,
78,77,,47,186,,46,154,
78,79,,47,187,,46,155,
78,82,,47,188,,46,156,
78,90,,47,189,,46,157,
79,9,,47,190,,46,158,
79,64,,48,11,,46,159,
79,65,,48,16,,46,160,
80,64,,48,17,,46,161,
80,65,,48,18,,46,162,
80,68,,48,19,,46,163,
81,16,,48,20,,46,164,
81,17,,48,21,,46,165,
81,22,,48,22,,46,167,
81,23,,48,23,,46,168,
81,24,,48,24,,46,169,
81,25,,48,25,,46,170,
81,27,,48,27,,46,171,
81,28,,48,28,,46,172,
81,31,,48,38,,46,173,
81,33,,48,39,,46,174,
81,34,,48,40,,46,175,
81,35,,48,41,,46,176,
81,37,,48,42,,46,177,
81,38,,48,43,,46,178,
81,39,,48,44,,46,179,
81,42,,48,45,,46,180,
81,43,,48,46,,46,181,
81,44,,48,47,,46,182,
81,45,,48,48,,46,183,
81,46,,49,2,,46,184,
81,47,,49,5,,46,185,
81,64,,50,3,,46,186,
81,65,,51,2,,46,187,
81,67,,51,5,,46,188,
81,69,,51,9,,46,189,
81,70,,52,2,,46,190,
81,71,,52,5,,47,11,
81,72,,53,2,,47,152,
81,73,,53,5,,47,153,
81,76,,53,9,,47,154,
81,77,,54,2,,47,155,
81,79,,54,5,,47,156,
81,82,,55,3,,47,157,
81,90,,56,1,,47,158,
82,64,,56,2,,47,159,
82,65,,56,51,,47,160,
82,68,,57,2,,47,161,
83,38,,58,38,,47,162,
83,39,,58,44,,47,163,
83,42,,58,46,,47,164,
83,43,,58,47,,47,165,
83,44,,59,2,,47,167,
83,45,,59,3,,47,168,
83,46,,59,93,,47,169,
83,47,,59,94,,47,170,
83,69,,59,95,,47,171,
83,70,,59,96,,47,172,
83,71,,59,97,,47,173,
83,72,,59,98,,47,174,
83,73,,59,99,,47,175,
83,74,,59,100,,47,176,
83,75,,59,101,,47,177,
83,76,,59,102,,47,178,
83,77,,59,103,,47,179,
83,79,,59,104,,47,180,
83,81,,59,105,,47,181,
83,82,,59,106,,47,182,
83,86,,59,107,,47,183,
83,89,,59,108,,47,184,
83,90,,59,109,,47,185,
84,38,,59,110,,47,186,
84,39,,59,111,,47,187,
84,42,,59,112,,47,188,
84,43,,59,113,,47,189,
84,44,,59,114,,47,190,
84,45,,59,115,,48,11,
84,46,,59,116,,48,16,
84,47,,59,117,,48,17,
84,69,,59,118,,48,18,
84,70,,59,119,,48,19,
84,71,,59,120,,48,20,
84,72,,59,121,,48,21,
84,73,,59,122,,48,22,
84,74,,59,123,,48,23,
84,75,,59,124,,48,24,
84,76,,59,125,,48,25,
84,77,,59,126,,48,27,
84,79,,59,127,,48,28,
84,81,,59,128,,48,38,
84,82,,59,129,,48,39,
84,86,,59,130,,48,40,
84,89,,59,131,,48,41,
84,90,,59,132,,48,42,
85,25,,59,133,,48,43,
85,31,,59,134,,48,44,
85,38,,59,135,,48,45,
85,42,,59,136,,48,46,
85,43,,59,137,,48,47,
85,44,,60,75,,48,48,
85,45,,60,77,,49,2,
85,46,,61,2,,49,5,
85,47,,61,3,,50,3,
85,69,,61,93,,51,2,
85,70,,61,94,,51,5,
85,71,,61,95,,51,9,
85,72,,61,96,,52,2,
85,73,,61,97,,52,5,
86,64,,61,98,,53,2,
86,67,,61,99,,53,5,
86,71,,61,100,,53,9,
86,72,,61,101,,54,2,
86,74,,61,102,,54,5,
86,76,,61,103,,55,3,
86,77,,61,104,,56,1,
86,79,,61,105,,56,2,
86,80,,61,106,,56,51,
86,81,,61,107,,57,2,
86,82,,61,108,,58,38,
86,86,,61,109,,58,44,
86,87,,61,110,,58,46,
86,89,,61,111,,58,47,
86,90,,61,112,,59,2,
87,22,,61,113,,59,3,
87,33,,61,114,,59,93,
87,35,,61,115,,59,94,
87,37,,61,116,,59,95,
87,38,,61,117,,59,96,
87,39,,61,118,,59,97,
87,42,,61,119,,59,98,
87,43,,61,120,,59,99,
87,44,,61,121,,59,100,
87,45,,61,122,,59,101,
87,46,,61,123,,59,102,
87,47,,61,124,,59,103,
87,64,,61,125,,59,104,
87,65,,61,126,,59,105,
87,67,,61,127,,59,106,
87,69,,61,128,,59,107,
87,70,,61,129,,59,108,
87,71,,61,130,,59,109,
87,72,,61,131,,59,110,
87,73,,61,132,,59,111,
87,76,,61,133,,59,112,
87,77,,61,134,,59,113,
87,79,,61,135,,59,114,
87,82,,61,136,,59,115,
87,90,,61,137,,59,116,
88,25,,62,11,,59,117,
88,31,,63,1,,59,118,
88,38,,63,2,,59,119,
88,42,,63,5,,59,120,
88,43,,64,2,,59,121,
88,44,,64,5,,59,122,
88,45,,64,9,,59,123,
88,46,,65,2,,59,124,
88,47,,66,2,,59,125,
88,69,,66,11,,59,126,
88,70,,67,2,,59,127,
88,71,,67,3,,59,128,
88,72,,68,2,,59,129,
88,73,,68,5,,59,130,
89,64,,69,2,,59,131,
89,65,,69,11,,59,132,
89,71,,70,2,,59,133,
89,72,,70,11,,59,134,
89,76,,70,15,,59,135,
89,78,,70,16,,59,136,
89,82,,70,17,,59,137,
89,90,,70,18,,59,147,
90,16,,70,19,,60,75,
90,17,,70,20,,60,77,
90,23,,70,21,,61,2,
90,24,,70,22,,61,3,
90,25,,70,23,,61,93,
90,64,,70,24,,61,94,
90,65,,70,25,,61,95,
90,68,,70,27,,61,96,
91,38,,70,28,,61,97,
91,42,,70,38,,61,98,
91,43,,70,39,,61,99,
91,44,,70,40,,61,100,
91,45,,70,41,,61,101,
91,46,,70,42,,61,102,
91,47,,70,43,,61,103,
91,69,,70,44,,61,104,
91,70,,70,45,,61,105,
91,71,,70,46,,61,106,
91,72,,70,47,,61,107,
91,73,,70,48,,61,108,
91,76,,70,62,,61,109,
91,82,,70,66,,61,110,
91,90,,71,1,,61,111,
92,38,,71,2,,61,112,
92,42,,71,3,,61,113,
92,43,,71,5,,61,114,
92,44,,71,9,,61,115,
92,45,,71,16,,61,116,
92,46,,71,17,,61,117,
92,47,,71,18,,61,118,
92,69,,71,19,,61,119,
92,70,,71,20,,61,120,
92,71,,71,21,,61,121,
92,72,,71,22,,61,122,
92,73,,71,23,,61,123,
92,76,,71,24,,61,124,
92,82,,71,25,,61,125,
92,90,,71,26,,61,126,
93,16,,71,27,,61,127,
93,17,,71,28,,61,128,
93,18,,71,30,,61,129,
93,19,,71,33,,61,130,
93,20,,71,34,,61,131,
93,21,,71,37,,61,132,
93,22,,71,38,,61,133,
93,23,,71,39,,61,134,
93,24,,71,40,,61,135,
93,25,,71,41,,61,136,
93,26,,71,42,,61,137,
93,27,,71,43,,61,147,
93,28,,71,44,,62,11,
93,33,,71,45,,63,1,
93,34,,71,46,,63,2,
93,37,,71,47,,63,5,
93,52,,71,48,,64,2,
93,54,,71,49,,64,5,
93,56,,71,51,,64,9,
93,59,,71,53,,65,2,
93,61,,71,57,,66,2,
93,63,,71,58,,66,11,
93,68,,71,63,,67,2,
93,76,,72,1,,67,3,
93,77,,72,2,,68,2,
93,82,,72,3,,68,5,
93,90,,72,5,,69,2,
94,63,,72,9,,69,11,
94,71,,72,12,,70,2,
94,72,,72,13,,70,11,
94,73,,72,16,,70,15,
94,74,,72,17,,70,16,
94,75,,72,18,,70,17,
94,76,,72,19,,70,18,
94,77,,72,20,,70,19,
94,78,,72,21,,70,20,
94,79,,72,22,,70,21,
94,80,,72,23,,70,22,
94,81,,72,24,,70,23,
94,82,,72,25,,70,24,
94,86,,72,26,,70,25,
94,89,,72,27,,70,27,
94,90,,72,28,,70,28,
95,11,,72,30,,70,38,
95,12,,72,33,,70,39,
95,13,,72,34,,70,40,
95,49,,72,37,,70,41,
95,51,,72,38,,70,42,
95,53,,72,39,,70,43,
95,57,,72,40,,70,44,
95,58,,72,41,,70,45,
95,59,,72,42,,70,46,
95,61,,72,43,,70,47,
95,63,,72,44,,70,48,
95,64,,72,45,,70,62,
96,16,,72,46,,70,66,
96,17,,72,47,,70,161,
96,18,,72,48,,70,164,
96,19,,72,49,,70,165,
96,20,,72,51,,70,191,
96,21,,72,52,,70,194,
96,22,,72,53,,70,195,
96,23,,72,54,,70,196,
96,24,,72,55,,70,197,
96,25,,72,56,,70,198,
96,26,,72,57,,70,199,
96,27,,72,58,,70,211,
96,28,,72,63,,70,212,
96,33,,72,64,,71,1,
96,34,,72,71,,71,2,
96,37,,72,73,,71,3,
96,38,,73,2,,71,5,
96,39,,73,3,,71,9,
96,40,,73,5,,71,16,
96,41,,73,9,,71,17,
96,42,,74,15,,71,18,
96,43,,74,16,,71,19,
96,44,,74,17,,71,20,
96,45,,74,18,,71,21,
96,48,,74,19,,71,22,
96,52,,74,20,,71,23,
96,54,,74,21,,71,24,
96,56,,74,22,,71,25,
96,63,,74,23,,71,26,
96,64,,74,24,,71,27,
96,67,,74,25,,71,28,
96,71,,74,27,,71,30,
96,72,,74,28,,71,33,
96,73,,74,38,,71,34,
96,76,,74,39,,71,37,
96,82,,74,40,,71,38,
96,90,,74,41,,71,39,
97,71,,74,42,,71,40,
97,72,,74,43,,71,41,
97,73,,74,44,,71,42,
97,74,,74,45,,71,43,
97,75,,74,46,,71,44,
97,76,,74,47,,71,45,
97,77,,74,48,,71,46,
97,78,,74,62,,71,47,
97,79,,74,66,,71,48,
97,80,,74,152,,71,49,
97,81,,74,153,,71,51,
97,82,,74,154,,71,53,
97,86,,74,155,,71,57,
97,89,,74,156,,71,58,
97,90,,74,157,,71,63,
98,74,,74,158,,71,140,
98,75,,74,159,,71,149,
98,76,,74,160,,71,152,
98,77,,74,161,,71,157,
98,79,,74,162,,71,162,
98,82,,74,163,,71,163,
98,90,,74,164,,71,164,
99,49,,74,165,,71,167,
99,51,,74,167,,71,172,
99,52,,74,168,,71,173,
99,53,,74,169,,71,174,
99,54,,74,170,,71,176,
99,56,,74,171,,71,177,
99,64,,74,172,,71,184,
99,67,,74,173,,71,189,
99,71,,74,174,,71,192,
99,72,,74,175,,71,193,
99,73,,74,176,,71,194,
100,4,,74,177,,71,203,
100,6,,74,178,,71,204,
100,7,,74,179,,71,210,
100,9,,74,180,,72,1,
100,10,,74,181,,72,2,
100,12,,74,182,,72,3,
100,13,,74,183,,72,5,
100,14,,74,184,,72,9,
100,30,,74,185,,72,12,
100,49,,74,186,,72,13,
100,51,,74,187,,72,16,
100,53,,74,188,,72,17,
100,57,,74,189,,72,18,
100,58,,74,190,,72,19,
100,63,,75,2,,72,20,
100,64,,75,9,,72,21,
101,74,,75,15,,72,22,
101,75,,75,16,,72,23,
101,76,,75,17,,72,24,
101,77,,75,18,,72,25,
101,78,,75,19,,72,26,
101,79,,75,20,,72,27,
101,80,,75,21,,72,28,
101,81,,75,22,,72,30,
101,82,,75,23,,72,33,
101,86,,75,24,,72,34,
101,89,,75,25,,72,37,
101,90,,75,27,,72,38,
102,38,,75,28,,72,39,
102,39,,75,38,,72,40,
102,41,,75,39,,72,41,
102,42,,75,40,,72,42,
102,43,,75,41,,72,43,
102,44,,75,42,,72,44,
102,45,,75,43,,72,45,
102,49,,75,44,,72,46,
102,51,,75,45,,72,47,
102,52,,75,46,,72,48,
102,53,,75,47,,72,49,
102,54,,75,48,,72,51,
102,56,,75,62,,72,52,
102,57,,75,66,,72,53,
102,58,,76,15,,72,54,
102,64,,76,16,,72,55,
102,71,,76,17,,72,56,
102,72,,76,18,,72,57,
102,73,,76,19,,72,58,
103,1,,76,20,,72,63,
103,38,,76,21,,72,64,
103,39,,76,22,,72,71,
103,41,,76,23,,72,73,
103,42,,76,24,,72,139,
103,43,,76,25,,72,140,
103,44,,76,27,,72,142,
103,45,,76,28,,72,143,
103,46,,76,38,,72,144,
103,47,,76,39,,72,145,
103,71,,76,40,,72,146,
103,72,,76,41,,72,149,
103,74,,76,42,,72,152,
103,75,,76,43,,72,153,
103,77,,76,44,,72,154,
104,74,,76,45,,72,155,
104,75,,76,46,,72,156,
104,76,,76,47,,72,157,
104,77,,76,48,,72,158,
104,79,,76,64,,72,160,
104,82,,76,65,,72,162,
104,90,,76,66,,72,163,
105,11,,76,68,,72,164,
105,12,,76,152,,72,167,
105,13,,76,153,,72,168,
105,49,,76,154,,72,169,
105,51,,76,155,,72,171,
105,53,,76,156,,72,172,
105,57,,76,157,,72,173,
105,58,,76,158,,72,174,
105,59,,76,159,,72,175,
105,61,,76,160,,72,176,
105,63,,76,162,,72,177,
105,64,,76,163,,72,178,
106,49,,76,167,,72,179,
106,51,,76,168,,72,181,
106,52,,76,169,,72,182,
106,53,,76,170,,72,183,
106,54,,76,171,,72,184,
106,55,,76,172,,72,185,
106,56,,76,173,,72,186,
106,57,,76,174,,72,187,
106,58,,76,176,,72,189,
106,63,,76,177,,72,190,
106,64,,76,179,,72,192,
106,67,,76,180,,72,193,
106,71,,76,183,,72,194,
106,72,,76,184,,72,197,
106,73,,76,186,,72,202,
106,77,,76,189,,72,203,
106,78,,76,190,,72,204,
106,79,,77,9,,72,208,
106,80,,77,16,,72,210,
107,16,,77,17,,72,213,
107,17,,77,18,,72,214,
107,18,,77,19,,73,2,
107,19,,77,20,,73,3,
107,20,,77,21,,73,5,
107,21,,77,22,,73,9,
107,22,,77,23,,74,15,
107,23,,77,24,,74,16,
107,24,,77,25,,74,17,
107,25,,77,26,,74,18,
107,26,,77,27,,74,19,
107,27,,77,28,,74,20,
107,28,,77,33,,74,21,
107,31,,77,34,,74,22,
107,32,,77,37,,74,23,
107,33,,77,38,,74,24,
107,34,,77,39,,74,25,
107,36,,77,40,,74,27,
107,37,,77,41,,74,28,
107,38,,77,42,,74,38,
107,39,,77,43,,74,39,
107,42,,77,44,,74,40,
107,43,,77,45,,74,41,
107,44,,77,46,,74,42,
107,45,,77,47,,74,43,
107,52,,77,48,,74,44,
107,54,,77,49,,74,45,
107,56,,77,50,,74,46,
107,64,,77,51,,74,47,
107,67,,77,53,,74,48,
107,77,,77,57,,74,62,
107,79,,77,58,,74,66,
108,64,,77,59,,74,152,
108,71,,77,61,,74,153,
108,72,,77,62,,74,154,
108,73,,77,63,,74,155,
108,74,,77,64,,74,156,
108,75,,77,65,,74,157,
108,76,,77,66,,74,158,
108,77,,77,68,,74,159,
108,78,,77,152,,74,160,
108,79,,77,153,,74,161,
108,80,,77,154,,74,162,
108,81,,77,155,,74,163,
108,82,,77,156,,74,164,
108,86,,77,157,,74,165,
108,89,,77,159,,74,167,
108,90,,77,160,,74,168,
109,74,,77,162,,74,169,
109,75,,77,163,,74,170,
109,76,,77,167,,74,171,
109,77,,77,168,,74,172,
109,79,,77,169,,74,173,
109,82,,77,170,,74,174,
109,90,,77,171,,74,175,
110,74,,77,172,,74,176,
110,75,,77,173,,74,177,
110,76,,77,174,,74,178,
110,77,,77,176,,74,179,
110,78,,77,177,,74,180,
110,79,,77,179,,74,181,
110,80,,77,180,,74,182,
110,81,,77,184,,74,183,
110,82,,77,186,,74,184,
110,86,,77,189,,74,185,
110,89,,77,190,,74,186,
110,90,,78,9,,74,187,
111,74,,78,63,,74,188,
111,75,,78,64,,74,189,
111,76,,78,65,,74,190,
111,77,,78,67,,74,191,
111,78,,78,68,,74,194,
111,79,,78,69,,74,195,
111,80,,78,70,,74,196,
111,81,,78,71,,74,197,
111,82,,78,72,,74,198,
111,86,,78,73,,74,199,
111,89,,78,76,,74,211,
111,90,,78,77,,74,212,
112,16,,78,79,,75,2,
112,17,,78,82,,75,9,
112,18,,78,90,,75,15,
112,19,,78,152,,75,16,
112,20,,78,162,,75,17,
112,21,,78,163,,75,18,
112,22,,78,170,,75,19,
112,23,,78,172,,75,20,
112,24,,78,173,,75,21,
112,25,,78,174,,75,22,
112,26,,78,177,,75,23,
112,27,,79,9,,75,24,
112,28,,79,64,,75,25,
112,31,,79,65,,75,27,
112,32,,79,152,,75,28,
112,33,,79,153,,75,38,
112,34,,79,154,,75,39,
112,36,,79,155,,75,40,
112,37,,79,156,,75,41,
112,52,,79,157,,75,42,
112,54,,79,158,,75,43,
112,56,,79,159,,75,44,
112,59,,79,160,,75,45,
112,61,,79,162,,75,46,
112,63,,79,163,,75,47,
112,76,,79,167,,75,48,
112,82,,79,168,,75,62,
112,90,,79,169,,75,66,
113,11,,79,170,,75,161,
113,12,,79,171,,75,164,
113,13,,79,172,,75,165,
113,49,,79,173,,75,191,
113,51,,79,174,,75,194,
113,53,,79,175,,75,195,
113,57,,79,176,,75,196,
113,58,,79,177,,75,197,
113,59,,79,178,,75,198,
113,61,,79,179,,75,199,
113,63,,79,180,,75,211,
113,64,,79,181,,75,212,
114,63,,79,182,,76,15,
114,67,,79,183,,76,16,
115,40,,79,184,,76,17,
115,46,,79,185,,76,18,
115,47,,79,186,,76,19,
115,48,,79,187,,76,20,
115,69,,79,189,,76,21,
115,70,,79,190,,76,22,
115,71,,80,64,,76,23,
115,72,,80,65,,76,24,
115,73,,80,68,,76,25,
115,76,,80,152,,76,27,
115,82,,80,154,,76,28,
115,90,,80,155,,76,38,
116,16,,80,157,,76,39,
116,17,,80,162,,76,40,
116,18,,80,163,,76,41,
116,19,,80,170,,76,42,
116,20,,80,172,,76,43,
116,21,,80,173,,76,44,
116,22,,80,174,,76,45,
116,23,,80,176,,76,46,
116,24,,80,177,,76,47,
116,25,,80,182,,76,48,
116,26,,81,16,,76,64,
116,27,,81,17,,76,65,
116,28,,81,22,,76,66,
116,33,,81,23,,76,68,
116,34,,81,24,,76,152,
116,37,,81,25,,76,153,
116,43,,81,27,,76,154,
116,52,,81,28,,76,155,
116,54,,81,31,,76,156,
116,56,,81,33,,76,157,
116,63,,81,34,,76,158,
116,64,,81,35,,76,159,
116,65,,81,37,,76,160,
116,67,,81,38,,76,161,
116,77,,81,39,,76,162,
116,79,,81,42,,76,163,
117,4,,81,43,,76,164,
117,6,,81,44,,76,165,
117,7,,81,45,,76,167,
117,9,,81,46,,76,168,
117,10,,81,47,,76,169,
117,12,,81,64,,76,170,
117,13,,81,65,,76,171,
117,14,,81,67,,76,172,
117,30,,81,69,,76,173,
117,49,,81,70,,76,174,
117,51,,81,71,,76,175,
117,53,,81,72,,76,176,
117,57,,81,73,,76,177,
117,58,,81,76,,76,178,
117,59,,81,77,,76,179,
117,61,,81,79,,76,180,
117,63,,81,82,,76,181,
117,64,,81,90,,76,182,
118,74,,81,152,,76,183,
118,75,,81,154,,76,184,
118,76,,81,155,,76,185,
118,77,,81,157,,76,186,
118,79,,81,162,,76,187,
118,82,,81,163,,76,189,
118,90,,81,170,,76,190,
119,16,,81,172,,76,191,
119,17,,81,173,,76,194,
119,18,,81,174,,76,195,
119,19,,81,176,,76,196,
119,20,,81,177,,76,197,
119,21,,81,182,,76,198,
119,22,,82,64,,76,199,
119,23,,82,65,,76,211,
119,24,,82,68,,76,212,
119,25,,82,152,,77,9,
119,26,,82,153,,77,16,
119,27,,82,154,,77,17,
119,28,,82,155,,77,18,
119,31,,82,156,,77,19,
119,32,,82,157,,77,20,
119,33,,82,158,,77,21,
119,34,,82,159,,77,22,
119,36,,82,160,,77,23,
119,37,,82,162,,77,24,
119,38,,82,163,,77,25,
119,39,,82,167,,77,26,
119,42,,82,168,,77,27,
119,43,,82,169,,77,28,
119,44,,82,170,,77,33,
119,45,,82,171,,77,34,
119,55,,82,172,,77,37,
119,64,,82,173,,77,38,
119,67,,82,174,,77,39,
119,71,,82,176,,77,40,
119,72,,82,177,,77,41,
119,73,,82,179,,77,42,
119,76,,82,180,,77,43,
119,82,,82,183,,77,44,
119,90,,82,184,,77,45,
120,4,,82,186,,77,46,
120,6,,82,189,,77,47,
120,7,,82,190,,77,48,
120,8,,83,38,,77,49,
120,9,,83,39,,77,50,
120,10,,83,42,,77,51,
120,12,,83,43,,77,53,
120,13,,83,44,,77,57,
120,14,,83,45,,77,58,
120,30,,83,46,,77,59,
120,31,,83,47,,77,61,
120,32,,83,69,,77,62,
120,36,,83,70,,77,63,
120,49,,83,71,,77,64,
120,51,,83,72,,77,65,
120,52,,83,73,,77,66,
120,53,,83,74,,77,68,
120,57,,83,75,,77,152,
120,58,,83,76,,77,153,
120,59,,83,77,,77,154,
120,61,,83,79,,77,155,
120,63,,83,81,,77,156,
120,64,,83,82,,77,157,
121,99,,83,86,,77,158,
121,107,,83,89,,77,159,
121,116,,83,90,,77,160,
121,126,,84,38,,77,161,
121,127,,84,39,,77,162,
121,135,,84,42,,77,163,
122,74,,84,43,,77,164,
122,75,,84,44,,77,165,
122,77,,84,45,,77,167,
122,78,,84,46,,77,168,
122,79,,84,47,,77,169,
122,80,,84,69,,77,170,
122,81,,84,70,,77,171,
122,86,,84,71,,77,172,
122,89,,84,72,,77,173,
123,1,,84,73,,77,174,
123,38,,84,74,,77,175,
123,39,,84,75,,77,176,
123,41,,84,76,,77,177,
123,42,,84,77,,77,178,
123,43,,84,79,,77,179,
123,44,,84,81,,77,180,
123,45,,84,82,,77,181,
123,46,,84,86,,77,182,
123,47,,84,89,,77,183,
123,71,,84,90,,77,184,
123,72,,85,25,,77,185,
123,74,,85,31,,77,186,
123,75,,85,38,,77,187,
124,74,,85,42,,77,189,
124,75,,85,43,,77,190,
124,76,,85,44,,77,191,
124,77,,85,45,,77,194,
124,78,,85,46,,77,195,
124,79,,85,47,,77,196,
124,80,,85,69,,77,197,
124,81,,85,70,,77,198,
124,82,,85,71,,77,199,
124,86,,85,72,,77,203,
124,89,,85,73,,77,211,
124,90,,86,64,,77,212,
125,71,,86,67,,78,9,
125,72,,86,71,,78,63,
125,73,,86,72,,78,64,
125,74,,86,74,,78,65,
125,75,,86,76,,78,67,
125,76,,86,77,,78,68,
125,77,,86,79,,78,69,
125,78,,86,80,,78,70,
125,79,,86,81,,78,71,
125,80,,86,82,,78,72,
125,81,,86,86,,78,73,
125,82,,86,87,,78,76,
125,86,,86,89,,78,77,
125,89,,86,90,,78,79,
125,90,,86,152,,78,82,
126,1,,86,154,,78,90,
126,49,,86,155,,78,138,
126,51,,86,157,,78,139,
126,52,,86,162,,78,141,
126,53,,86,163,,78,142,
126,54,,86,170,,78,143,
126,56,,86,172,,78,144,
126,64,,86,173,,78,145,
126,67,,86,174,,78,146,
126,71,,86,176,,78,148,
126,72,,86,177,,78,150,
126,73,,86,182,,78,152,
127,16,,87,22,,78,153,
127,17,,87,33,,78,157,
127,18,,87,35,,78,158,
127,19,,87,37,,78,159,
127,20,,87,38,,78,160,
127,21,,87,39,,78,161,
127,22,,87,42,,78,162,
127,23,,87,43,,78,163,
127,24,,87,44,,78,164,
127,25,,87,45,,78,165,
127,26,,87,46,,78,168,
127,27,,87,47,,78,169,
127,28,,87,64,,78,170,
127,31,,87,65,,78,171,
127,33,,87,67,,78,172,
127,34,,87,69,,78,173,
127,37,,87,70,,78,174,
127,38,,87,71,,78,175,
127,39,,87,72,,78,176,
127,42,,87,73,,78,177,
127,43,,87,76,,78,178,
127,44,,87,77,,78,179,
127,45,,87,79,,78,180,
127,46,,87,82,,78,181,
127,47,,87,90,,78,182,
127,49,,87,152,,78,183,
127,50,,87,154,,78,185,
127,51,,87,155,,78,186,
127,52,,87,157,,78,187,
127,53,,87,162,,78,191,
127,54,,87,163,,78,194,
127,55,,87,170,,78,195,
127,56,,87,172,,78,196,
127,57,,87,173,,78,197,
127,58,,87,174,,78,198,
127,63,,87,176,,78,199,
127,64,,87,177,,78,200,
127,71,,87,182,,78,201,
127,76,,88,25,,78,202,
127,77,,88,31,,78,205,
127,79,,88,38,,78,207,
127,82,,88,42,,78,208,
127,90,,88,43,,78,209,
128,16,,88,44,,78,211,
128,17,,88,45,,78,212,
128,18,,88,46,,78,213,
128,19,,88,47,,78,214,
128,20,,88,69,,79,9,
128,21,,88,70,,79,64,
128,22,,88,71,,79,65,
128,23,,88,72,,79,152,
128,24,,88,73,,79,153,
128,25,,89,64,,79,154,
128,26,,89,65,,79,155,
128,27,,89,71,,79,156,
128,28,,89,72,,79,157,
128,33,,89,76,,79,158,
128,34,,89,78,,79,159,
128,37,,89,82,,79,160,
128,41,,89,90,,79,161,
128,43,,89,152,,79,162,
128,63,,89,154,,79,163,
129,63,,89,155,,79,164,
129,71,,89,157,,79,165,
129,72,,89,162,,79,167,
129,73,,89,163,,79,168,
129,74,,89,170,,79,169,
129,75,,89,172,,79,170,
129,76,,89,173,,79,171,
129,77,,89,174,,79,172,
129,78,,89,176,,79,173,
129,79,,89,177,,79,174,
129,80,,89,182,,79,175,
129,81,,90,16,,79,176,
129,82,,90,17,,79,177,
129,86,,90,23,,79,178,
129,89,,90,24,,79,179,
129,90,,90,25,,79,180,
130,63,,90,64,,79,181,
130,67,,90,65,,79,182,
131,49,,90,68,,79,183,
131,51,,90,152,,79,184,
131,52,,90,153,,79,185,
131,53,,90,154,,79,186,
131,54,,90,155,,79,187,
131,55,,90,156,,79,189,
131,56,,90,157,,79,190,
131,57,,90,158,,79,191,
131,58,,90,159,,79,194,
131,63,,90,160,,79,195,
131,64,,90,162,,79,196,
131,67,,90,163,,79,197,
131,71,,90,167,,79,198,
131,72,,90,168,,79,199,
131,73,,90,169,,79,211,
131,77,,90,170,,79,212,
131,78,,90,171,,80,64,
131,79,,90,172,,80,65,
131,80,,90,173,,80,68,
132,63,,90,174,,80,152,
132,71,,90,176,,80,154,
132,72,,90,177,,80,155,
132,73,,90,179,,80,157,
132,74,,90,180,,80,161,
132,75,,90,183,,80,162,
132,76,,90,184,,80,163,
132,77,,90,186,,80,164,
132,78,,90,189,,80,165,
132,79,,90,190,,80,170,
132,80,,91,38,,80,171,
132,81,,91,42,,80,172,
132,82,,91,43,,80,173,
132,86,,91,44,,80,174,
132,89,,91,45,,80,176,
132,90,,91,46,,80,177,
133,74,,91,47,,80,182,
133,75,,91,69,,80,186,
133,76,,91,70,,80,191,
133,77,,91,71,,80,194,
133,78,,91,72,,80,195,
133,79,,91,73,,80,196,
133,80,,91,76,,80,197,
133,81,,91,82,,80,198,
133,82,,91,90,,80,199,
133,86,,92,38,,80,211,
133,89,,92,42,,80,212,
133,90,,92,43,,81,16,
134,1,,92,44,,81,17,
134,38,,92,45,,81,22,
134,39,,92,46,,81,23,
134,41,,92,47,,81,24,
134,42,,92,69,,81,25,
134,43,,92,70,,81,27,
134,44,,92,71,,81,28,
134,45,,92,72,,81,31,
134,46,,92,73,,81,33,
134,47,,92,76,,81,34,
134,71,,92,82,,81,35,
134,72,,92,90,,81,37,
134,74,,93,16,,81,38,
134,75,,93,17,,81,39,
135,5,,93,18,,81,42,
135,16,,93,19,,81,43,
135,17,,93,20,,81,44,
135,18,,93,21,,81,45,
135,19,,93,22,,81,46,
135,20,,93,23,,81,47,
135,21,,93,24,,81,64,
135,22,,93,25,,81,65,
135,23,,93,26,,81,67,
135,24,,93,27,,81,69,
135,25,,93,28,,81,70,
135,26,,93,33,,81,71,
135,27,,93,34,,81,72,
135,28,,93,37,,81,73,
135,33,,93,52,,81,76,
135,34,,93,54,,81,77,
135,37,,93,56,,81,79,
135,40,,93,59,,81,82,
135,41,,93,61,,81,90,
135,43,,93,63,,81,138,
135,48,,93,68,,81,139,
135,49,,93,76,,81,140,
135,51,,93,77,,81,141,
135,52,,93,82,,81,142,
135,53,,93,90,,81,143,
135,54,,94,63,,81,144,
135,56,,94,71,,81,145,
135,57,,94,72,,81,146,
135,58,,94,73,,81,148,
135,63,,94,74,,81,149,
135,71,,94,75,,81,150,
136,55,,94,76,,81,152,
136,71,,94,77,,81,153,
136,72,,94,78,,81,154,
136,73,,94,79,,81,155,
137,16,,94,80,,81,157,
137,17,,94,81,,81,158,
137,18,,94,82,,81,159,
137,19,,94,86,,81,160,
137,20,,94,89,,81,161,
137,21,,94,90,,81,162,
137,22,,95,11,,81,163,
137,23,,95,12,,81,164,
137,24,,95,13,,81,165,
137,25,,95,49,,81,167,
137,26,,95,51,,81,168,
137,27,,95,53,,81,169,
137,28,,95,57,,81,170,
137,31,,95,58,,81,171,
137,32,,95,59,,81,172,
137,33,,95,61,,81,173,
137,34,,95,63,,81,174,
137,36,,95,64,,81,175,
137,37,,96,16,,81,176,
137,38,,96,17,,81,177,
137,39,,96,18,,81,178,
137,40,,96,19,,81,179,
137,41,,96,20,,81,180,
137,42,,96,21,,81,181,
137,43,,96,22,,81,182,
137,44,,96,23,,81,183,
137,45,,96,24,,81,184,
137,46,,96,25,,81,185,
137,47,,96,26,,81,186,
137,48,,96,27,,81,187,
137,52,,96,28,,81,189,
137,54,,96,33,,81,191,
137,56,,96,34,,81,192,
137,59,,96,37,,81,193,
137,61,,96,38,,81,194,
137,63,,96,39,,81,195,
137,64,,96,40,,81,196,
137,67,,96,41,,81,197,
137,69,,96,42,,81,198,
137,70,,96,43,,81,199,
137,71,,96,44,,81,200,
137,72,,96,45,,81,201,
137,73,,96,48,,81,202,
137,76,,96,52,,81,203,
137,82,,96,54,,81,204,
137,90,,96,56,,81,205,
138,2,,96,63,,81,207,
,,,96,64,,81,208,
,,,96,67,,81,209,
,,,96,71,,81,210,
,,,96,72,,81,211,
,,,96,73,,81,212,
,,,96,76,,81,213,
,,,96,82,,81,214,
,,,96,90,,82,64,
,,,97,71,,82,65,
,,,97,72,,82,68,
,,,97,73,,82,152,
,,,97,74,,82,153,
,,,97,75,,82,154,
,,,97,76,,82,155,
,,,97,77,,82,156,
,,,97,78,,82,157,
,,,97,79,,82,158,
,,,97,80,,82,159,
,,,97,81,,82,160,
,,,97,82,,82,161,
,,,97,86,,82,162,
,,,97,89,,82,163,
,,,97,90,,82,164,
,,,98,74,,82,165,
,,,98,75,,82,167,
,,,98,76,,82,168,
,,,98,77,,82,169,
,,,98,79,,82,170,
,,,98,82,,82,171,
,,,98,90,,82,172,
,,,99,49,,82,173,
,,,99,51,,82,174,
,,,99,52,,82,175,
,,,99,53,,82,176,
,,,99,54,,82,177,
,,,99,56,,82,178,
,,,99,64,,82,179,
,,,99,67,,82,180,
,,,99,71,,82,181,
,,,99,72,,82,182,
,,,99,73,,82,183,
,,,100,4,,82,184,
,,,100,6,,82,185,
,,,100,7,,82,186,
,,,100,9,,82,187,
,,,100,10,,82,189,
,,,100,12,,82,190,
,,,100,13,,82,191,
,,,100,14,,82,194,
,,,100,30,,82,195,
,,,100,49,,82,196,
,,,100,51,,82,197,
,,,100,53,,82,198,
,,,100,57,,82,199,
,,,100,58,,82,211,
,,,100,63,,82,212,
,,,100,64,,83,38,
,,,101,74,,83,39,
,,,101,75,,83,42,
,,,101,76,,83,43,
,,,101,77,,83,44,
,,,101,78,,83,45,
,,,101,79,,83,46,
,,,101,80,,83,47,
,,,101,81,,83,69,
,,,101,82,,83,70,
,,,101,86,,83,71,
,,,101,89,,83,72,
,,,101,90,,83,73,
,,,102,38,,83,74,
,,,102,39,,83,75,
,,,102,41,,83,76,
,,,102,42,,83,77,
,,,102,43,,83,79,
,,,102,44,,83,81,
,,,102,45,,83,82,
,,,102,49,,83,86,
,,,102,51,,83,89,
,,,102,52,,83,90,
,,,102,53,,83,138,
,,,102,54,,83,139,
,,,102,56,,83,140,
,,,102,57,,83,141,
,,,102,58,,83,142,
,,,102,64,,83,143,
,,,102,71,,83,144,
,,,102,72,,83,145,
,,,102,73,,83,146,
,,,103,1,,83,148,
,,,103,38,,83,149,
,,,103,39,,83,150,
,,,103,41,,83,151,
,,,103,42,,83,152,
,,,103,43,,83,153,
,,,103,44,,83,157,
,,,103,45,,83,158,
,,,103,46,,83,159,
,,,103,47,,83,160,
,,,103,71,,83,161,
,,,103,72,,83,162,
,,,103,74,,83,165,
,,,103,75,,83,166,
,,,103,77,,83,168,
,,,104,74,,83,169,
,,,104,75,,83,170,
,,,104,76,,83,173,
,,,104,77,,83,174,
,,,104,79,,83,175,
,,,104,82,,83,176,
,,,104,90,,83,177,
,,,105,11,,83,178,
,,,105,12,,83,179,
,,,105,13,,83,180,
,,,105,49,,83,181,
,,,105,51,,83,182,
,,,105,53,,83,183,
,,,105,57,,83,184,
,,,105,58,,83,185,
,,,105,59,,83,187,
,,,105,61,,83,188,
,,,105,63,,83,189,
,,,105,64,,83,191,
,,,106,49,,83,192,
,,,106,51,,83,193,
,,,106,52,,83,194,
,,,106,53,,83,195,
,,,106,54,,83,196,
,,,106,55,,83,197,
,,,106,56,,83,198,
,,,106,57,,83,199,
,,,106,58,,83,200,
,,,106,63,,83,201,
,,,106,64,,83,202,
,,,106,67,,83,204,
,,,106,71,,83,205,
,,,106,72,,83,206,
,,,106,73,,83,207,
,,,106,77,,83,208,
,,,106,78,,83,209,
,,,106,79,,83,210,
,,,106,80,,83,211,
,,,107,16,,83,212,
,,,107,17,,83,213,
,,,107,18,,83,214,
,,,107,19,,84,38,
,,,107,20,,84,39,
,,,107,21,,84,42,
,,,107,22,,84,43,
,,,107,23,,84,44,
,,,107,24,,84,45,
,,,107,25,,84,46,
,,,107,26,,84,47,
,,,107,27,,84,69,
,,,107,28,,84,70,
,,,107,31,,84,71,
,,,107,32,,84,72,
,,,107,33,,84,73,
,,,107,34,,84,74,
,,,107,36,,84,75,
,,,107,37,,84,76,
,,,107,38,,84,77,
,,,107,39,,84,79,
,,,107,42,,84,81,
,,,107,43,,84,82,
,,,107,44,,84,86,
,,,107,45,,84,89,
,,,107,52,,84,90,
,,,107,54,,84,138,
,,,107,56,,84,139,
,,,107,64,,84,140,
,,,107,67,,84,141,
,,,107,77,,84,142,
,,,107,79,,84,143,
,,,108,64,,84,144,
,,,108,71,,84,145,
,,,108,72,,84,146,
,,,108,73,,84,148,
,,,108,74,,84,149,
,,,108,75,,84,150,
,,,108,76,,84,151,
,,,108,77,,84,152,
,,,108,78,,84,153,
,,,108,79,,84,157,
,,,108,80,,84,158,
,,,108,81,,84,159,
,,,108,82,,84,160,
,,,108,86,,84,161,
,,,108,89,,84,162,
,,,108,90,,84,165,
,,,109,74,,84,166,
,,,109,75,,84,168,
,,,109,76,,84,169,
,,,109,77,,84,170,
,,,109,79,,84,173,
,,,109,82,,84,174,
,,,109,90,,84,175,
,,,110,74,,84,176,
,,,110,75,,84,177,
,,,110,76,,84,178,
,,,110,77,,84,179,
,,,110,78,,84,180,
,,,110,79,,84,181,
,,,110,80,,84,182,
,,,110,81,,84,183,
,,,110,82,,84,184,
,,,110,86,,84,185,
,,,110,89,,84,187,
,,,110,90,,84,188,
,,,111,74,,84,189,
,,,111,75,,84,191,
,,,111,76,,84,192,
,,,111,77,,84,193,
,,,111,78,,84,194,
,,,111,79,,84,195,
,,,111,80,,84,196,
,,,111,81,,84,197,
,,,111,82,,84,198,
,,,111,86,,84,199,
,,,111,89,,84,200,
,,,111,90,,84,201,
,,,112,16,,84,202,
,,,112,17,,84,204,
,,,112,18,,84,205,
,,,112,19,,84,206,
,,,112,20,,84,207,
,,,112,21,,84,208,
,,,112,22,,84,209,
,,,112,23,,84,210,
,,,112,24,,84,211,
,,,112,25,,84,212,
,,,112,26,,84,213,
,,,112,27,,84,214,
,,,112,28,,85,25,
,,,112,31,,85,31,
,,,112,32,,85,38,
,,,112,33,,85,42,
,,,112,34,,85,43,
,,,112,36,,85,44,
,,,112,37,,85,45,
,,,112,52,,85,46,
,,,112,54,,85,47,
,,,112,56,,85,69,
,,,112,59,,85,70,
,,,112,61,,85,71,
,,,112,63,,85,72,
,,,112,76,,85,73,
,,,112,82,,85,138,
,,,112,90,,85,139,
,,,113,11,,85,140,
,,,113,12,,85,141,
,,,113,13,,85,142,
,,,113,49,,85,143,
,,,113,51,,85,144,
,,,113,53,,85,145,
,,,113,57,,85,146,
,,,113,58,,85,149,
,,,113,59,,85,152,
,,,113,61,,85,153,
,,,113,63,,85,157,
,,,113,64,,85,159,
,,,114,63,,85,160,
,,,114,67,,85,162,
,,,115,40,,85,163,
,,,115,46,,85,167,
,,,115,47,,85,168,
,,,115,48,,85,169,
,,,115,69,,85,170,
,,,115,70,,85,173,
,,,115,71,,85,174,
,,,115,72,,85,176,
,,,115,73,,85,177,
,,,115,76,,85,179,
,,,115,82,,85,180,
,,,115,90,,85,184,
,,,116,16,,85,189,
,,,116,17,,85,192,
,,,116,18,,85,193,
,,,116,19,,85,194,
,,,116,20,,85,197,
,,,116,21,,85,198,
,,,116,22,,85,200,
,,,116,23,,85,201,
,,,116,24,,85,202,
,,,116,25,,85,204,
,,,116,26,,85,205,
,,,116,27,,85,207,
,,,116,28,,85,208,
,,,116,33,,85,210,
,,,116,34,,85,211,
,,,116,37,,85,212,
,,,116,43,,85,213,
,,,116,52,,85,214,
,,,116,54,,86,64,
,,,116,56,,86,67,
,,,116,63,,86,71,
,,,116,64,,86,72,
,,,116,65,,86,74,
,,,116,67,,86,76,
,,,116,77,,86,77,
,,,116,79,,86,79,
,,,117,4,,86,80,
,,,117,6,,86,81,
,,,117,7,,86,82,
,,,117,9,,86,86,
,,,117,10,,86,87,
,,,117,12,,86,89,
,,,117,13,,86,90,
,,,117,14,,86,139,
,,,117,30,,86,141,
,,,117,49,,86,142,
,,,117,51,,86,143,
,,,117,53,,86,144,
,,,117,57,,86,145,
,,,117,58,,86,148,
,,,117,59,,86,150,
,,,117,61,,86,151,
,,,117,63,,86,152,
,,,117,64,,86,153,
,,,118,74,,86,154,
,,,118,75,,86,155,
,,,118,76,,86,157,
,,,118,77,,86,158,
,,,118,79,,86,161,
,,,118,82,,86,162,
,,,118,90,,86,163,
,,,119,16,,86,165,
,,,119,17,,86,168,
,,,119,18,,86,170,
,,,119,19,,86,171,
,,,119,20,,86,172,
,,,119,21,,86,173,
,,,119,22,,86,174,
,,,119,23,,86,175,
,,,119,24,,86,176,
,,,119,25,,86,177,
,,,119,26,,86,178,
,,,119,27,,86,179,
,,,119,28,,86,180,
,,,119,31,,86,181,
,,,119,32,,86,182,
,,,119,33,,86,183,
,,,119,34,,86,185,
,,,119,36,,86,186,
,,,119,37,,86,187,
,,,119,38,,86,188,
,,,119,39,,86,191,
,,,119,42,,86,195,
,,,119,43,,86,196,
,,,119,44,,86,197,
,,,119,45,,86,199,
,,,119,55,,86,201,
,,,119,64,,86,205,
,,,119,67,,86,207,
,,,119,71,,86,209,
,,,119,72,,86,211,
,,,119,73,,86,213,
,,,119,76,,86,214,
,,,119,82,,87,22,
,,,119,90,,87,33,
,,,120,4,,87,35,
,,,120,6,,87,37,
,,,120,7,,87,38,
,,,120,8,,87,39,
,,,120,9,,87,42,
,,,120,10,,87,43,
,,,120,12,,87,44,
,,,120,13,,87,45,
,,,120,14,,87,46,
,,,120,30,,87,47,
,,,120,31,,87,64,
,,,120,32,,87,65,
,,,120,36,,87,67,
,,,120,49,,87,69,
,,,120,51,,87,70,
,,,120,52,,87,71,
,,,120,53,,87,72,
,,,120,57,,87,73,
,,,120,58,,87,76,
,,,120,59,,87,77,
,,,120,61,,87,79,
,,,120,63,,87,82,
,,,120,64,,87,90,
,,,121,99,,87,138,
,,,121,107,,87,139,
,,,121,116,,87,140,
,,,121,126,,87,141,
,,,121,127,,87,142,
,,,121,135,,87,143,
,,,122,74,,87,144,
,,,122,75,,87,145,
,,,122,77,,87,146,
,,,122,78,,87,148,
,,,122,79,,87,149,
,,,122,80,,87,150,
,,,122,81,,87,152,
,,,122,86,,87,153,
,,,122,89,,87,154,
,,,123,1,,87,155,
,,,123,38,,87,157,
,,,123,39,,87,158,
,,,123,41,,87,159,
,,,123,42,,87,160,
,,,123,43,,87,161,
,,,123,44,,87,162,
,,,123,45,,87,163,
,,,123,46,,87,164,
,,,123,47,,87,165,
,,,123,71,,87,168,
,,,123,72,,87,169,
,,,123,74,,87,170,
,,,123,75,,87,171,
,,,124,74,,87,172,
,,,124,75,,87,173,
,,,124,76,,87,174,
,,,124,77,,87,175,
,,,124,78,,87,176,
,,,124,79,,87,177,
,,,124,80,,87,178,
,,,124,81,,87,179,
,,,124,82,,87,180,
,,,124,86,,87,181,
,,,124,89,,87,182,
,,,124,90,,87,183,
,,,125,71,,87,184,
,,,125,72,,87,185,
,,,125,73,,87,186,
,,,125,74,,87,187,
,,,125,75,,87,189,
,,,125,76,,87,191,
,,,125,77,,87,192,
,,,125,78,,87,193,
,,,125,79,,87,194,
,,,125,80,,87,195,
,,,125,81,,87,196,
,,,125,82,,87,197,
,,,125,86,,87,198,
,,,125,89,,87,199,
,,,125,90,,87,200,
,,,126,1,,87,201,
,,,126,49,,87,202,
,,,126,51,,87,204,
,,,126,52,,87,205,
,,,126,53,,87,207,
,,,126,54,,87,208,
,,,126,56,,87,209,
,,,126,64,,87,210,
,,,126,67,,87,211,
,,,126,71,,87,212,
,,,126,72,,87,213,
,,,126,73,,87,214,
,,,127,16,,88,25,
,,,127,17,,88,31,
,,,127,18,,88,38,
,,,127,19,,88,42,
,,,127,20,,88,43,
,,,127,21,,88,44,
,,,127,22,,88,45,
,,,127,23,,88,46,
,,,127,24,,88,47,
,,,127,25,,88,69,
,,,127,26,,88,70,
,,,127,27,,88,71,
,,,127,28,,88,72,
,,,127,31,,88,73,
,,,127,33,,88,138,
,,,127,34,,88,139,
,,,127,37,,88,140,
,,,127,38,,88,141,
,,,127,39,,88,142,
,,,127,42,,88,143,
,,,127,43,,88,144,
,,,127,44,,88,145,
,,,127,45,,88,146,
,,,127,46,,88,149,
,,,127,47,,88,152,
,,,127,49,,88,153,
,,,127,50,,88,157,
,,,127,51,,88,159,
,,,127,52,,88,160,
,,,127,53,,88,162,
,,,127,54,,88,163,
,,,127,55,,88,167,
,,,127,56,,88,168,
,,,127,57,,88,169,
,,,127,58,,88,170,
,,,127,63,,88,173,
,,,127,64,,88,174,
,,,127,71,,88,176,
,,,127,76,,88,177,
,,,127,77,,88,179,
,,,127,79,,88,180,
,,,127,82,,88,184,
,,,127,90,,88,189,
,,,128,16,,88,192,
,,,128,17,,88,193,
,,,128,18,,88,194,
,,,128,19,,88,197,
,,,128,20,,88,198,
,,,128,21,,88,200,
,,,128,22,,88,201,
,,,128,23,,88,202,
,,,128,24,,88,204,
,,,128,25,,88,205,
,,,128,26,,88,207,
,,,128,27,,88,208,
,,,128,28,,88,210,
,,,128,33,,88,211,
,,,128,34,,88,212,
,,,128,37,,88,213,
,,,128,41,,88,214,
,,,128,43,,89,64,
,,,128,63,,89,65,
,,,129,63,,89,71,
,,,129,71,,89,72,
,,,129,72,,89,76,
,,,129,73,,89,78,
,,,129,74,,89,82,
,,,129,75,,89,90,
,,,129,76,,89,139,
,,,129,77,,89,141,
,,,129,78,,89,142,
,,,129,79,,89,143,
,,,129,80,,89,144,
,,,129,81,,89,145,
,,,129,82,,89,148,
,,,129,86,,89,150,
,,,129,89,,89,152,
,,,129,90,,89,153,
,,,130,63,,89,154,
,,,130,67,,89,155,
,,,131,49,,89,157,
,,,131,51,,89,161,
,,,131,52,,89,162,
,,,131,53,,89,163,
,,,131,54,,89,164,
,,,131,55,,89,165,
,,,131,56,,89,168,
,,,131,57,,89,170,
,,,131,58,,89,171,
,,,131,63,,89,172,
,,,131,64,,89,173,
,,,131,67,,89,174,
,,,131,71,,89,175,
,,,131,72,,89,176,
,,,131,73,,89,177,
,,,131,77,,89,178,
,,,131,78,,89,179,
,,,131,79,,89,180,
,,,131,80,,89,181,
,,,132,63,,89,182,
,,,132,71,,89,183,
,,,132,72,,89,185,
,,,132,73,,89,186,
,,,132,74,,89,187,
,,,132,75,,89,191,
,,,132,76,,89,194,
,,,132,77,,89,195,
,,,132,78,,89,196,
,,,132,79,,89,197,
,,,132,80,,89,198,
,,,132,81,,89,199,
,,,132,82,,89,201,
,,,132,86,,89,205,
,,,132,89,,89,206,
,,,132,90,,89,207,
,,,133,74,,89,209,
,,,133,75,,89,211,
,,,133,76,,89,212,
,,,133,77,,89,213,
,,,133,78,,89,214,
,,,133,79,,90,16,
,,,133,80,,90,17,
,,,133,81,,90,23,
,,,133,82,,90,24,
,,,133,86,,90,25,
,,,133,89,,90,64,
,,,133,90,,90,65,
,,,134,1,,90,68,
,,,134,38,,90,152,
,,,134,39,,90,153,
,,,134,41,,90,154,
,,,134,42,,90,155,
,,,134,43,,90,156,
,,,134,44,,90,157,
,,,134,45,,90,158,
,,,134,46,,90,159,
,,,134,47,,90,160,
,,,134,71,,90,161,
,,,134,72,,90,162,
,,,134,74,,90,163,
,,,134,75,,90,164,
,,,135,5,,90,165,
,,,135,16,,90,167,
,,,135,17,,90,168,
,,,135,18,,90,169,
,,,135,19,,90,170,
,,,135,20,,90,171,
,,,135,21,,90,172,
,,,135,22,,90,173,
,,,135,23,,90,174,
,,,135,24,,90,175,
,,,135,25,,90,176,
,,,135,26,,90,177,
,,,135,27,,90,178,
,,,135,28,,90,179,
,,,135,33,,90,180,
,,,135,34,,90,181,
,,,135,37,,90,182,
,,,135,40,,90,183,
,,,135,41,,90,184,
,,,135,43,,90,185,
,,,135,48,,90,186,
,,,135,49,,90,187,
,,,135,51,,90,189,
,,,135,52,,90,190,
,,,135,53,,90,191,
,,,135,54,,90,194,
,,,135,56,,90,195,
,,,135,57,,90,196,
,,,135,58,,90,197,
,,,135,63,,90,198,
,,,135,71,,90,199,
,,,136,55,,90,211,
,,,136,71,,90,212,
,,,136,72,,91,38,
,,,136,73,,91,42,
,,,137,16,,91,43,
,,,137,17,,91,44,
,,,137,18,,91,45,
,,,137,19,,91,46,
,,,137,20,,91,47,
,,,137,21,,91,69,
,,,137,22,,91,70,
,,,137,23,,91,71,
,,,137,24,,91,72,
,,,137,25,,91,73,
,,,137,26,,91,76,
,,,137,27,,91,82,
,,,137,28,,91,90,
,,,137,31,,91,138,
,,,137,32,,91,139,
,,,137,33,,91,140,
,,,137,34,,91,141,
,,,137,36,,91,142,
,,,137,37,,91,143,
,,,137,38,,91,144,
,,,137,39,,91,145,
,,,137,40,,91,146,
,,,137,41,,91,148,
,,,137,42,,91,149,
,,,137,43,,91,150,
,,,137,44,,91,152,
,,,137,45,,91,153,
,,,137,46,,91,157,
,,,137,47,,91,159,
,,,137,48,,91,160,
,,,137,52,,91,162,
,,,137,54,,91,165,
,,,137,56,,91,168,
,,,137,59,,91,169,
,,,137,61,,91,170,
,,,137,63,,91,173,
,,,137,64,,91,174,
,,,137,67,,91,175,
,,,137,69,,91,176,
,,,137,70,,91,177,
,,,137,71,,91,178,
,,,137,72,,91,179,
,,,137,73,,91,180,
,,,137,76,,91,181,
,,,137,82,,91,182,
,,,137,90,,91,184,
,,,138,2,,91,185,
,,,139,213,,91,187,
,,,140,46,,91,189,
,,,140,47,,91,192,
,,,141,72,,91,193,
,,,142,168,,91,194,
,,,143,153,,91,195,
,,,144,179,,91,196,
,,,145,71,,91,197,
,,,146,73,,91,198,
,,,147,61,,91,199,
,,,147,93,,91,200,
,,,147,94,,91,201,
,,,147,95,,91,202,
,,,147,96,,91,204,
,,,147,97,,91,205,
,,,147,98,,91,207,
,,,147,99,,91,208,
,,,147,100,,91,209,
,,,147,101,,91,210,
,,,147,102,,91,211,
,,,147,103,,91,212,
,,,147,104,,91,213,
,,,147,105,,91,214,
,,,147,106,,92,38,
,,,147,107,,92,42,
,,,147,108,,92,43,
,,,147,109,,92,44,
,,,147,110,,92,45,
,,,147,111,,92,46,
,,,147,112,,92,47,
,,,147,113,,92,69,
,,,147,114,,92,70,
,,,147,115,,92,71,
,,,147,116,,92,72,
,,,147,117,,92,73,
,,,147,118,,92,76,
,,,147,119,,92,82,
,,,147,120,,92,90,
,,,147,121,,92,138,
,,,147,122,,92,139,
,,,147,123,,92,140,
,,,147,124,,92,141,
,,,147,125,,92,142,
,,,147,126,,92,143,
,,,147,127,,92,144,
,,,147,128,,92,145,
,,,147,129,,92,146,
,,,147,130,,92,148,
,,,147,131,,92,149,
,,,147,132,,92,150,
,,,147,133,,92,152,
,,,147,134,,92,153,
,,,147,135,,92,157,
,,,147,136,,92,159,
,,,147,137,,92,160,
,,,148,74,,92,162,
,,,148,75,,92,165,
,,,148,77,,92,168,
,,,148,78,,92,169,
,,,148,79,,92,170,
,,,148,80,,92,173,
,,,148,81,,92,174,
,,,148,86,,92,175,
,,,148,87,,92,176,
,,,148,89,,92,177,
,,,148,90,,92,178,
,,,149,44,,92,179,
,,,149,46,,92,180,
,,,149,47,,92,181,
,,,150,74,,92,182,
,,,150,75,,92,184,
,,,150,76,,92,185,
,,,150,77,,92,187,
,,,150,78,,92,189,
,,,150,79,,92,192,
,,,150,80,,92,193,
,,,150,81,,92,194,
,,,150,82,,92,195,
,,,150,86,,92,197,
,,,150,87,,92,198,
,,,150,89,,92,199,
,,,150,90,,92,200,
,,,151,74,,92,201,
,,,152,18,,92,202,
,,,152,25,,92,204,
,,,152,27,,92,205,
,,,152,28,,92,207,
,,,152,38,,92,208,
,,,152,39,,92,209,
,,,152,40,,92,210,
,,,152,41,,92,211,
,,,152,43,,92,212,
,,,152,44,,92,213,
,,,152,46,,92,214,
,,,152,47,,93,16,
,,,152,52,,93,17,
,,,152,53,,93,18,
,,,152,93,,93,19,
,,,152,96,,93,20,
,,,152,102,,93,21,
,,,152,103,,93,22,
,,,152,106,,93,23,
,,,152,107,,93,24,
,,,152,112,,93,25,
,,,152,115,,93,26,
,,,152,116,,93,27,
,,,152,119,,93,28,
,,,152,123,,93,33,
,,,152,128,,93,34,
,,,152,134,,93,37,
,,,152,135,,93,52,
,,,152,137,,93,54,
,,,152,156,,93,56,
,,,152,157,,93,59,
,,,152,158,,93,61,
,,,152,167,,93,63,
,,,152,175,,93,68,
,,,152,178,,93,76,
,,,152,179,,93,77,
,,,152,181,,93,82,
,,,152,182,,93,90,
,,,152,183,,93,148,
,,,152,185,,93,150,
,,,152,187,,93,152,
,,,153,50,,93,154,
,,,153,71,,93,155,
,,,153,72,,93,156,
,,,153,73,,93,157,
,,,153,96,,93,158,
,,,153,97,,93,161,
,,,153,102,,93,162,
,,,153,103,,93,163,
,,,153,106,,93,165,
,,,153,115,,93,167,
,,,153,119,,93,172,
,,,153,123,,93,173,
,,,153,129,,93,175,
,,,153,134,,93,176,
,,,153,135,,93,178,
,,,153,136,,93,179,
,,,153,137,,93,181,
,,,154,52,,93,182,
,,,154,93,,93,183,
,,,154,96,,93,184,
,,,154,103,,93,185,
,,,154,107,,93,186,
,,,154,109,,93,187,
,,,154,123,,93,190,
,,,154,134,,93,191,
,,,154,135,,93,195,
,,,154,137,,93,196,
,,,154,152,,93,199,
,,,154,156,,93,203,
,,,154,157,,93,209,
,,,154,158,,94,63,
,,,154,162,,94,71,
,,,154,163,,94,72,
,,,154,167,,94,73,
,,,154,175,,94,74,
,,,154,176,,94,75,
,,,154,178,,94,76,
,,,154,179,,94,77,
,,,154,181,,94,78,
,,,154,182,,94,79,
,,,154,183,,94,80,
,,,154,185,,94,81,
,,,154,187,,94,82,
,,,155,56,,94,86,
,,,155,93,,94,89,
,,,155,96,,94,90,
,,,155,103,,94,139,
,,,155,107,,94,141,
,,,155,109,,94,142,
,,,155,123,,94,143,
,,,155,134,,94,144,
,,,155,135,,94,145,
,,,155,137,,94,146,
,,,156,52,,94,148,
,,,156,93,,94,150,
,,,156,96,,94,151,
,,,156,106,,94,153,
,,,156,107,,94,157,
,,,156,112,,94,158,
,,,156,116,,94,160,
,,,156,135,,94,161,
,,,156,137,,94,162,
,,,156,167,,94,164,
,,,156,175,,94,165,
,,,156,179,,94,166,
,,,156,182,,94,168,
,,,156,183,,94,169,
,,,156,185,,94,175,
,,,157,41,,94,176,
,,,157,43,,94,178,
,,,157,46,,94,179,
,,,157,47,,94,180,
,,,157,52,,94,181,
,,,157,69,,94,182,
,,,157,71,,94,183,
,,,157,72,,94,185,
,,,157,73,,94,187,
,,,157,96,,94,188,
,,,157,97,,94,191,
,,,157,102,,94,195,
,,,157,103,,94,196,
,,,157,106,,94,197,
,,,157,107,,94,199,
,,,157,115,,94,201,
,,,157,116,,94,202,
,,,157,119,,94,205,
,,,157,123,,94,206,
,,,157,128,,94,207,
,,,157,129,,94,208,
,,,157,134,,94,209,
,,,157,135,,94,211,
,,,157,136,,94,213,
,,,157,137,,94,214,
,,,157,152,,95,11,
,,,157,156,,95,12,
,,,157,158,,95,13,
,,,157,167,,95,49,
,,,157,175,,95,51,
,,,157,178,,95,53,
,,,157,179,,95,57,
,,,157,181,,95,58,
,,,157,182,,95,59,
,,,157,183,,95,61,
,,,157,185,,95,63,
,,,157,187,,95,64,
,,,158,52,,95,152,
,,,158,77,,95,163,
,,,158,93,,95,164,
,,,158,97,,95,171,
,,,158,103,,95,186,
,,,158,106,,96,16,
,,,158,107,,96,17,
,,,158,109,,96,18,
,,,158,110,,96,19,
,,,158,111,,96,20,
,,,158,116,,96,21,
,,,158,122,,96,22,
,,,158,129,,96,23,
,,,158,156,,96,24,
,,,158,167,,96,25,
,,,158,175,,96,26,
,,,158,178,,96,27,
,,,158,179,,96,28,
,,,158,181,,96,33,
,,,158,182,,96,34,
,,,158,183,,96,37,
,,,158,185,,96,38,
,,,158,187,,96,39,
,,,159,69,,96,40,
,,,159,115,,96,41,
,,,159,137,,96,42,
,,,160,73,,96,43,
,,,160,94,,96,44,
,,,160,96,,96,45,
,,,160,97,,96,48,
,,,160,99,,96,52,
,,,160,102,,96,54,
,,,160,106,,96,56,
,,,160,108,,96,63,
,,,160,115,,96,64,
,,,160,119,,96,67,
,,,160,125,,96,71,
,,,160,126,,96,72,
,,,160,129,,96,73,
,,,160,131,,96,76,
,,,160,132,,96,82,
,,,160,136,,96,90,
,,,160,137,,96,139,
,,,161,62,,96,141,
,,,161,65,,96,142,
,,,161,74,,96,143,
,,,161,75,,96,144,
,,,161,77,,96,145,
,,,161,86,,96,146,
,,,162,47,,96,148,
,,,162,52,,96,149,
,,,162,55,,96,150,
,,,162,69,,96,152,
,,,162,70,,96,153,
,,,162,71,,96,154,
,,,162,72,,96,155,
,,,162,73,,96,156,
,,,162,96,,96,157,
,,,162,97,,96,158,
,,,162,102,,96,160,
,,,162,103,,96,162,
,,,162,106,,96,163,
,,,162,115,,96,165,
,,,162,119,,96,167,
,,,162,123,,96,168,
,,,162,129,,96,169,
,,,162,134,,96,171,
,,,162,135,,96,172,
,,,162,136,,96,173,
,,,162,137,,96,175,
,,,162,152,,96,176,
,,,162,156,,96,178,
,,,162,157,,96,179,
,,,162,158,,96,180,
,,,162,163,,96,181,
,,,162,167,,96,182,
,,,162,175,,96,183,
,,,162,178,,96,184,
,,,162,179,,96,185,
,,,162,181,,96,186,
,,,162,182,,96,187,
,,,162,183,,96,190,
,,,162,185,,96,195,
,,,162,187,,96,197,
,,,163,19,,96,199,
,,,163,20,,96,201,
,,,163,25,,96,202,
,,,163,27,,96,203,
,,,163,49,,96,205,
,,,163,52,,96,207,
,,,163,93,,96,208,
,,,163,96,,96,209,
,,,163,102,,96,210,
,,,163,106,,96,211,
,,,163,107,,96,213,
,,,163,112,,96,214,
,,,163,113,,97,71,
,,,163,116,,97,72,
,,,163,119,,97,73,
,,,163,120,,97,74,
,,,163,128,,97,75,
,,,163,135,,97,76,
,,,163,137,,97,77,
,,,163,152,,97,78,
,,,163,156,,97,79,
,,,163,157,,97,80,
,,,163,158,,97,81,
,,,163,167,,97,82,
,,,163,175,,97,86,
,,,163,176,,97,89,
,,,163,178,,97,90,
,,,163,179,,97,139,
,,,163,181,,97,141,
,,,163,182,,97,142,
,,,163,183,,97,143,
,,,163,185,,97,144,
,,,163,187,,97,145,
,,,164,49,,97,146,
,,,164,62,,97,148,
,,,164,65,,97,150,
,,,164,78,,97,151,
,,,165,62,,97,153,
,,,165,65,,97,157,
,,,165,76,,97,158,
,,,165,77,,97,160,
,,,165,82,,97,161,
,,,165,90,,97,162,
,,,166,75,,97,164,
,,,167,18,,97,165,
,,,167,25,,97,166,
,,,167,27,,97,168,
,,,167,28,,97,169,
,,,167,52,,97,175,
,,,167,93,,97,176,
,,,167,96,,97,178,
,,,167,107,,97,179,
,,,167,112,,97,180,
,,,167,116,,97,181,
,,,167,119,,97,182,
,,,167,128,,97,183,
,,,167,135,,97,185,
,,,167,137,,97,187,
,,,167,156,,97,188,
,,,167,175,,97,191,
,,,167,179,,97,195,
,,,167,182,,97,196,
,,,167,183,,97,197,
,,,167,185,,97,199,
,,,168,71,,97,201,
,,,168,72,,97,202,
,,,168,73,,97,205,
,,,168,94,,97,206,
,,,168,96,,97,207,
,,,168,97,,97,208,
,,,168,99,,97,209,
,,,168,102,,97,211,
,,,168,103,,97,213,
,,,168,106,,97,214,
,,,168,108,,98,74,
,,,168,115,,98,75,
,,,168,119,,98,76,
,,,168,123,,98,77,
,,,168,125,,98,79,
,,,168,126,,98,82,
,,,168,127,,98,90,
,,,168,129,,98,148,
,,,168,131,,98,150,
,,,168,132,,98,151,
,,,168,134,,98,158,
,,,168,135,,98,161,
,,,168,136,,98,165,
,,,168,137,,98,166,
,,,169,73,,98,175,
,,,169,94,,98,178,
,,,169,96,,98,181,
,,,169,97,,98,182,
,,,169,99,,98,183,
,,,169,102,,98,185,
,,,169,106,,98,187,
,,,169,108,,98,191,
,,,169,115,,98,195,
,,,169,119,,98,196,
,,,169,125,,98,199,
,,,169,126,,98,206,
,,,169,129,,98,209,
,,,169,131,,99,49,
,,,169,132,,99,51,
,,,169,136,,99,52,
,,,169,137,,99,53,
,,,170,69,,99,54,
,,,170,115,,99,56,
,,,170,137,,99,64,
,,,171,64,,99,67,
,,,171,95,,99,71,
,,,171,96,,99,72,
,,,171,99,,99,73,
,,,171,100,,99,139,
,,,171,102,,99,141,
,,,171,105,,99,142,
,,,171,106,,99,143,
,,,171,107,,99,144,
,,,171,108,,99,145,
,,,171,113,,99,146,
,,,171,116,,99,152,
,,,171,117,,99,153,
,,,171,119,,99,154,
,,,171,120,,99,155,
,,,171,126,,99,156,
,,,171,127,,99,157,
,,,171,128,,99,158,
,,,171,131,,99,160,
,,,171,135,,99,162,
,,,171,137,,99,163,
,,,172,16,,99,164,
,,,172,93,,99,167,
,,,172,96,,99,168,
,,,172,107,,99,169,
,,,172,112,,99,171,
,,,172,116,,99,173,
,,,172,119,,99,175,
,,,172,127,,99,176,
,,,172,128,,99,178,
,,,172,135,,99,179,
,,,172,137,,99,180,
,,,173,46,,99,181,
,,,173,47,,99,182,
,,,173,56,,99,183,
,,,173,103,,99,184,
,,,173,115,,99,185,
,,,173,123,,99,186,
,,,173,127,,99,187,
,,,173,134,,99,190,
,,,173,137,,99,197,
,,,174,46,,99,201,
,,,174,47,,99,202,
,,,174,103,,99,205,
,,,174,115,,99,207,
,,,174,123,,99,208,
,,,174,127,,99,211,
,,,174,134,,99,213,
,,,174,137,,99,214,
,,,175,52,,100,4,
,,,175,75,,100,6,
,,,175,76,,100,7,
,,,175,77,,100,9,
,,,175,78,,100,10,
,,,175,81,,100,12,
,,,175,82,,100,13,
,,,175,90,,100,14,
,,,175,93,,100,30,
,,,175,96,,100,49,
,,,175,97,,100,51,
,,,175,103,,100,53,
,,,175,106,,100,57,
,,,175,109,,100,58,
,,,175,110,,100,63,
,,,175,111,,100,64,
,,,175,112,,100,152,
,,,175,115,,100,163,
,,,175,119,,100,164,
,,,175,122,,100,171,
,,,175,123,,100,186,
,,,175,129,,101,74,
,,,175,134,,101,75,
,,,175,137,,101,76,
,,,175,156,,101,77,
,,,175,158,,101,78,
,,,175,167,,101,79,
,,,175,178,,101,80,
,,,175,179,,101,81,
,,,175,181,,101,82,
,,,175,182,,101,86,
,,,175,183,,101,89,
,,,175,185,,101,90,
,,,175,187,,101,148,
,,,176,41,,101,150,
,,,176,43,,101,151,
,,,176,46,,101,158,
,,,176,47,,101,161,
,,,176,52,,101,164,
,,,176,69,,101,165,
,,,176,71,,101,166,
,,,176,72,,101,175,
,,,176,73,,101,178,
,,,176,93,,101,181,
,,,176,96,,101,182,
,,,176,97,,101,183,
,,,176,102,,101,185,
,,,176,103,,101,187,
,,,176,106,,101,188,
,,,176,107,,101,191,
,,,176,112,,101,195,
,,,176,115,,101,196,
,,,176,116,,101,199,
,,,176,119,,101,206,
,,,176,123,,101,209,
,,,176,128,,102,38,
,,,176,129,,102,39,
,,,176,134,,102,41,
,,,176,135,,102,42,
,,,176,136,,102,43,
,,,176,137,,102,44,
,,,176,152,,102,45,
,,,176,156,,102,49,
,,,176,157,,102,51,
,,,176,158,,102,52,
,,,176,162,,102,53,
,,,176,163,,102,54,
,,,176,167,,102,56,
,,,176,175,,102,57,
,,,176,178,,102,58,
,,,176,179,,102,64,
,,,176,181,,102,71,
,,,176,182,,102,72,
,,,176,183,,102,73,
,,,176,185,,102,139,
,,,176,187,,102,141,
,,,177,46,,102,142,
,,,177,47,,102,143,
,,,177,103,,102,144,
,,,177,115,,102,145,
,,,177,123,,102,146,
,,,177,127,,102,149,
,,,177,134,,102,152,
,,,177,137,,102,153,
,,,178,52,,102,154,
,,,178,75,,102,155,
,,,178,76,,102,156,
,,,178,77,,102,157,
,,,178,78,,102,158,
,,,178,81,,102,160,
,,,178,82,,102,162,
,,,178,86,,102,163,
,,,178,90,,102,164,
,,,178,93,,102,167,
,,,178,96,,102,168,
,,,178,97,,102,169,
,,,178,103,,102,171,
,,,178,106,,102,173,
,,,178,107,,102,175,
,,,178,109,,102,176,
,,,178,110,,102,178,
,,,178,111,,102,179,
,,,178,112,,102,180,
,,,178,115,,102,181,
,,,178,116,,102,182,
,,,178,119,,102,183,
,,,178,122,,102,184,
,,,178,123,,102,185,
,,,178,129,,102,186,
,,,178,134,,102,187,
,,,178,137,,102,190,
,,,178,156,,102,197,
,,,178,158,,102,201,
,,,178,167,,102,202,
,,,178,175,,102,205,
,,,178,179,,102,207,
,,,178,181,,102,208,
,,,178,182,,102,210,
,,,178,183,,102,211,
,,,178,185,,102,213,
,,,178,187,,102,214,
,,,179,52,,103,1,
,,,179,71,,103,38,
,,,179,72,,103,39,
,,,179,73,,103,41,
,,,179,96,,103,42,
,,,179,97,,103,43,
,,,179,102,,103,44,
,,,179,103,,103,45,
,,,179,106,,103,46,
,,,179,115,,103,47,
,,,179,119,,103,71,
,,,179,123,,103,72,
,,,179,129,,103,74,
,,,179,134,,103,75,
,,,179,135,,103,77,
,,,179,136,,103,139,
,,,179,137,,103,140,
,,,179,156,,103,141,
,,,179,175,,103,142,
,,,179,182,,103,143,
,,,179,183,,103,144,
,,,180,72,,103,145,
,,,180,94,,103,148,
,,,180,96,,103,149,
,,,180,97,,103,150,
,,,180,99,,103,151,
,,,180,102,,103,152,
,,,180,103,,103,153,
,,,180,106,,103,157,
,,,180,108,,103,158,
,,,180,115,,103,161,
,,,180,119,,103,162,
,,,180,123,,103,165,
,,,180,125,,103,166,
,,,180,126,,103,168,
,,,180,129,,103,173,
,,,180,131,,103,174,
,,,180,132,,103,175,
,,,180,134,,103,176,
,,,180,136,,103,177,
,,,180,137,,103,178,
,,,181,52,,103,179,
,,,181,75,,103,180,
,,,181,76,,103,181,
,,,181,77,,103,182,
,,,181,78,,103,183,
,,,181,81,,103,184,
,,,181,82,,103,185,
,,,181,86,,103,187,
,,,181,87,,103,189,
,,,181,90,,103,191,
,,,181,93,,103,192,
,,,181,96,,103,193,
,,,181,97,,103,194,
,,,181,103,,103,195,
,,,181,106,,103,196,
,,,181,107,,103,197,
,,,181,109,,103,199,
,,,181,110,,103,201,
,,,181,111,,103,204,
,,,181,112,,103,205,
,,,181,115,,103,206,
,,,181,116,,103,207,
,,,181,119,,103,209,
,,,181,122,,103,210,
,,,181,123,,103,211,
,,,181,129,,103,213,
,,,181,134,,103,214,
,,,181,137,,104,74,
,,,181,156,,104,75,
,,,181,158,,104,76,
,,,181,167,,104,77,
,,,181,175,,104,79,
,,,181,178,,104,82,
,,,181,179,,104,90,
,,,181,182,,104,148,
,,,181,183,,104,150,
,,,181,185,,104,151,
,,,181,187,,104,158,
,,,182,52,,104,161,
,,,182,75,,104,165,
,,,182,76,,104,166,
,,,182,77,,104,175,
,,,182,78,,104,178,
,,,182,82,,104,181,
,,,182,90,,104,182,
,,,182,93,,104,183,
,,,182,97,,104,185,
,,,182,106,,104,187,
,,,182,107,,104,191,
,,,182,109,,104,195,
,,,182,110,,104,196,
,,,182,111,,104,199,
,,,182,116,,104,206,
,,,182,122,,104,209,
,,,182,167,,105,11,
,,,182,175,,105,12,
,,,182,179,,105,13,
,,,182,183,,105,49,
,,,182,185,,105,51,
,,,183,52,,105,53,
,,,183,77,,105,57,
,,,183,78,,105,58,
,,,183,93,,105,59,
,,,183,97,,105,61,
,,,183,106,,105,63,
,,,183,107,,105,64,
,,,183,109,,105,152,
,,,183,110,,105,163,
,,,183,111,,105,164,
,,,183,116,,105,171,
,,,183,122,,105,186,
,,,183,167,,106,49,
,,,183,175,,106,51,
,,,183,179,,106,52,
,,,183,182,,106,53,
,,,183,185,,106,54,
,,,184,41,,106,55,
,,,184,46,,106,56,
,,,184,47,,106,57,
,,,184,52,,106,58,
,,,184,55,,106,63,
,,,184,93,,106,64,
,,,184,96,,106,67,
,,,184,99,,106,71,
,,,184,102,,106,72,
,,,184,103,,106,73,
,,,184,106,,106,77,
,,,184,107,,106,78,
,,,184,112,,106,79,
,,,184,115,,106,80,
,,,184,116,,106,139,
,,,184,119,,106,141,
,,,184,120,,106,142,
,,,184,123,,106,143,
,,,184,126,,106,144,
,,,184,127,,106,145,
,,,184,128,,106,146,
,,,184,131,,106,148,
,,,184,134,,106,150,
,,,184,135,,106,152,
,,,184,136,,106,153,
,,,184,137,,106,154,
,,,185,52,,106,155,
,,,185,75,,106,156,
,,,185,76,,106,157,
,,,185,77,,106,158,
,,,185,78,,106,160,
,,,185,81,,106,161,
,,,185,82,,106,162,
,,,185,86,,106,163,
,,,185,90,,106,164,
,,,185,93,,106,165,
,,,185,96,,106,167,
,,,185,97,,106,168,
,,,185,103,,106,169,
,,,185,106,,106,171,
,,,185,107,,106,173,
,,,185,109,,106,175,
,,,185,110,,106,176,
,,,185,111,,106,178,
,,,185,112,,106,179,
,,,185,115,,106,180,
,,,185,116,,106,181,
,,,185,119,,106,182,
,,,185,122,,106,183,
,,,185,123,,106,184,
,,,185,129,,106,185,
,,,185,134,,106,186,
,,,185,137,,106,187,
,,,185,156,,106,190,
,,,185,167,,106,191,
,,,185,175,,106,195,
,,,185,179,,106,196,
,,,185,182,,106,197,
,,,185,183,,106,199,
,,,186,52,,106,201,
,,,186,67,,106,202,
,,,186,96,,106,205,
,,,186,102,,106,206,
,,,186,106,,106,207,
,,,186,107,,106,208,
,,,186,113,,106,209,
,,,186,116,,106,211,
,,,186,119,,106,213,
,,,186,120,,106,214,
,,,186,137,,107,16,
,,,187,52,,107,17,
,,,187,75,,107,18,
,,,187,76,,107,19,
,,,187,77,,107,20,
,,,187,78,,107,21,
,,,187,81,,107,22,
,,,187,82,,107,23,
,,,187,86,,107,24,
,,,187,89,,107,25,
,,,187,90,,107,26,
,,,187,93,,107,27,
,,,187,96,,107,28,
,,,187,97,,107,31,
,,,187,103,,107,32,
,,,187,106,,107,33,
,,,187,107,,107,34,
,,,187,109,,107,36,
,,,187,110,,107,37,
,,,187,111,,107,38,
,,,187,112,,107,39,
,,,187,115,,107,42,
,,,187,116,,107,43,
,,,187,119,,107,44,
,,,187,122,,107,45,
,,,187,123,,107,52,
,,,187,129,,107,54,
,,,187,134,,107,56,
,,,187,137,,107,64,
,,,187,156,,107,67,
,,,187,158,,107,77,
,,,187,167,,107,79,
,,,187,175,,107,148,
,,,187,178,,107,149,
,,,187,179,,107,150,
,,,187,181,,107,152,
,,,187,182,,107,154,
,,,187,183,,107,155,
,,,187,185,,107,156,
,,,188,62,,107,157,
,,,188,65,,107,158,
,,,188,81,,107,161,
,,,189,47,,107,162,
,,,190,56,,107,163,
,,,191,62,,107,165,
,,,191,65,,107,167,
,,,191,77,,107,171,
,,,191,86,,107,172,
,,,191,93,,107,173,
,,,191,94,,107,175,
,,,191,97,,107,176,
,,,191,98,,107,178,
,,,191,101,,107,179,
,,,191,104,,107,181,
,,,191,106,,107,182,
,,,191,107,,107,183,
,,,191,108,,107,184,
,,,191,109,,107,185,
,,,191,110,,107,186,
,,,191,111,,107,187,
,,,191,116,,107,190,
,,,191,118,,107,191,
,,,191,122,,107,195,
,,,191,124,,107,196,
,,,191,125,,107,199,
,,,191,127,,107,203,
,,,191,129,,107,209,
,,,191,131,,107,210,
,,,191,132,,108,64,
,,,191,133,,108,71,
,,,192,46,,108,72,
,,,192,47,,108,73,
,,,192,83,,108,74,
,,,192,84,,108,75,
,,,192,85,,108,76,
,,,192,88,,108,77,
,,,192,91,,108,78,
,,,193,46,,108,79,
,,,193,47,,108,80,
,,,193,83,,108,81,
,,,193,84,,108,82,
,,,193,85,,108,86,
,,,193,88,,108,89,
,,,193,91,,108,90,
,,,194,46,,108,139,
,,,194,47,,108,141,
,,,194,62,,108,142,
,,,194,65,,108,143,
,,,194,83,,108,144,
,,,194,84,,108,145,
,,,194,85,,108,146,
,,,194,88,,108,148,
,,,194,91,,108,150,
,,,195,62,,108,151,
,,,195,65,,108,153,
,,,195,75,,108,157,
,,,195,76,,108,158,
,,,195,77,,108,160,
,,,195,78,,108,161,
,,,195,82,,108,162,
,,,195,83,,108,164,
,,,195,84,,108,165,
,,,195,86,,108,166,
,,,195,90,,108,168,
,,,195,91,,108,169,
,,,196,62,,108,171,
,,,196,65,,108,175,
,,,196,75,,108,176,
,,,196,77,,108,178,
,,,196,83,,108,179,
,,,196,84,,108,180,
,,,196,91,,108,181,
,,,197,62,,108,182,
,,,197,65,,108,183,
,,,197,71,,108,185,
,,,197,72,,108,186,
,,,197,83,,108,187,
,,,197,84,,108,188,
,,,197,85,,108,191,
,,,197,88,,108,195,
,,,197,91,,108,196,
,,,198,62,,108,197,
,,,198,65,,108,199,
,,,198,69,,108,201,
,,,198,70,,108,202,
,,,198,83,,108,205,
,,,198,84,,108,206,
,,,198,85,,108,207,
,,,198,88,,108,208,
,,,198,91,,108,209,
,,,199,62,,108,211,
,,,199,65,,108,213,
,,,199,75,,108,214,
,,,199,76,,109,74,
,,,199,77,,109,75,
,,,199,78,,109,76,
,,,199,81,,109,77,
,,,199,82,,109,79,
,,,199,90,,109,82,
,,,200,69,,109,90,
,,,201,72,,109,148,
,,,202,73,,109,150,
,,,203,27,,109,151,
,,,204,46,,109,158,
,,,204,47,,109,161,
,,,205,72,,109,165,
,,,206,75,,109,166,
,,,206,78,,109,175,
,,,207,72,,109,178,
,,,207,94,,109,181,
,,,207,96,,109,182,
,,,207,97,,109,183,
,,,207,99,,109,185,
,,,207,102,,109,187,
,,,207,103,,109,191,
,,,207,106,,109,195,
,,,207,108,,109,196,
,,,207,115,,109,199,
,,,207,119,,109,206,
,,,207,123,,109,209,
,,,207,125,,110,74,
,,,207,126,,110,75,
,,,207,129,,110,76,
,,,207,131,,110,77,
,,,207,132,,110,78,
,,,207,134,,110,79,
,,,207,136,,110,80,
,,,207,137,,110,81,
,,,208,73,,110,82,
,,,208,94,,110,86,
,,,208,96,,110,89,
,,,208,97,,110,90,
,,,208,99,,110,148,
,,,208,102,,110,150,
,,,208,106,,110,151,
,,,208,108,,110,158,
,,,208,115,,110,161,
,,,208,119,,110,164,
,,,208,125,,110,165,
,,,208,126,,110,166,
,,,208,129,,110,175,
,,,208,131,,110,178,
,,,208,132,,110,181,
,,,208,136,,110,182,
,,,208,137,,110,183,
,,,209,76,,110,185,
,,,209,77,,110,187,
,,,209,78,,110,188,
,,,209,82,,110,191,
,,,209,93,,110,195,
,,,209,94,,110,196,
,,,209,96,,110,199,
,,,209,97,,110,206,
,,,209,98,,110,209,
,,,209,101,,111,74,
,,,209,104,,111,75,
,,,209,106,,111,76,
,,,209,107,,111,77,
,,,209,108,,111,78,
,,,209,109,,111,79,
,,,209,110,,111,80,
,,,209,111,,111,81,
,,,209,112,,111,82,
,,,209,115,,111,86,
,,,209,116,,111,89,
,,,209,118,,111,90,
,,,209,119,,111,148,
,,,209,122,,111,150,
,,,209,124,,111,151,
,,,209,125,,111,158,
,,,209,127,,111,161,
,,,209,129,,111,164,
,,,209,131,,111,165,
,,,209,132,,111,166,
,,,209,133,,111,175,
,,,209,137,,111,178,
,,,210,41,,111,181,
,,,210,46,,111,182,
,,,210,47,,111,183,
,,,211,62,,111,185,
,,,211,65,,111,187,
,,,211,72,,111,188,
,,,212,62,,111,191,
,,,212,65,,111,195,
,,,212,70,,111,196,
,,,213,71,,111,199,
,,,214,71,,111,206,
,,,,,,111,209,
,,,,,,112,16,
,,,,,,112,17,
,,,,,,112,18,
,,,,,,112,19,
,,,,,,112,20,
,,,,,,112,21,
,,,,,,112,22,
,,,,,,112,23,
,,,,,,112,24,
,,,,,,112,25,
,,,,,,112,26,
,,,,,,112,27,
,,,,,,112,28,
,,,,,,112,31,
,,,,,,112,32,
,,,,,,112,33,
,,,,,,112,34,
,,,,,,112,36,
,,,,,,112,37,
,,,,,,112,52,
,,,,,,112,54,
,,,,,,112,56,
,,,,,,112,59,
,,,,,,112,61,
,,,,,,112,63,
,,,,,,112,76,
,,,,,,112,82,
,,,,,,112,90,
,,,,,,112,148,
,,,,,,112,150,
,,,,,,112,152,
,,,,,,112,154,
,,,,,,112,155,
,,,,,,112,156,
,,,,,,112,157,
,,,,,,112,158,
,,,,,,112,162,
,,,,,,112,163,
,,,,,,112,165,
,,,,,,112,167,
,,,,,,112,172,
,,,,,,112,173,
,,,,,,112,175,
,,,,,,112,176,
,,,,,,112,178,
,,,,,,112,179,
,,,,,,112,181,
,,,,,,112,182,
,,,,,,112,183,
,,,,,,112,184,
,,,,,,112,185,
,,,,,,112,186,
,,,,,,112,187,
,,,,,,112,190,
,,,,,,112,195,
,,,,,,112,199,
,,,,,,112,203,
,,,,,,112,209,
,,,,,,113,11,
,,,,,,113,12,
,,,,,,113,13,
,,,,,,113,49,
,,,,,,113,51,
,,,,,,113,53,
,,,,,,113,57,
,,,,,,113,58,
,,,,,,113,59,
,,,,,,113,61,
,,,,,,113,63,
,,,,,,113,64,
,,,,,,113,152,
,,,,,,113,163,
,,,,,,113,164,
,,,,,,113,171,
,,,,,,113,186,
,,,,,,114,63,
,,,,,,114,67,
,,,,,,114,186,
,,,,,,115,40,
,,,,,,115,46,
,,,,,,115,47,
,,,,,,115,48,
,,,,,,115,69,
,,,,,,115,70,
,,,,,,115,71,
,,,,,,115,72,
,,,,,,115,73,
,,,,,,115,76,
,,,,,,115,82,
,,,,,,115,90,
,,,,,,115,138,
,,,,,,115,139,
,,,,,,115,140,
,,,,,,115,141,
,,,,,,115,142,
,,,,,,115,143,
,,,,,,115,144,
,,,,,,115,145,
,,,,,,115,146,
,,,,,,115,148,
,,,,,,115,149,
,,,,,,115,150,
,,,,,,115,152,
,,,,,,115,153,
,,,,,,115,157,
,,,,,,115,159,
,,,,,,115,160,
,,,,,,115,162,
,,,,,,115,165,
,,,,,,115,168,
,,,,,,115,169,
,,,,,,115,170,
,,,,,,115,173,
,,,,,,115,174,
,,,,,,115,175,
,,,,,,115,176,
,,,,,,115,177,
,,,,,,115,178,
,,,,,,115,179,
,,,,,,115,180,
,,,,,,115,181,
,,,,,,115,182,
,,,,,,115,184,
,,,,,,115,185,
,,,,,,115,187,
,,,,,,115,189,
,,,,,,115,192,
,,,,,,115,193,
,,,,,,115,194,
,,,,,,115,195,
,,,,,,115,197,
,,,,,,115,198,
,,,,,,115,199,
,,,,,,115,200,
,,,,,,115,201,
,,,,,,115,202,
,,,,,,115,204,
,,,,,,115,205,
,,,,,,115,207,
,,,,,,115,208,
,,,,,,115,209,
,,,,,,115,210,
,,,,,,115,211,
,,,,,,115,212,
,,,,,,115,213,
,,,,,,115,214,
,,,,,,116,16,
,,,,,,116,17,
,,,,,,116,18,
,,,,,,116,19,
,,,,,,116,20,
,,,,,,116,21,
,,,,,,116,22,
,,,,,,116,23,
,,,,,,116,24,
,,,,,,116,25,
,,,,,,116,26,
,,,,,,116,27,
,,,,,,116,28,
,,,,,,116,33,
,,,,,,116,34,
,,,,,,116,37,
,,,,,,116,43,
,,,,,,116,52,
,,,,,,116,54,
,,,,,,116,56,
,,,,,,116,63,
,,,,,,116,64,
,,,,,,116,65,
,,,,,,116,67,
,,,,,,116,77,
,,,,,,116,79,
,,,,,,116,148,
,,,,,,116,150,
,,,,,,116,152,
,,,,,,116,154,
,,,,,,116,155,
,,,,,,116,156,
,,,,,,116,157,
,,,,,,116,158,
,,,,,,116,161,
,,,,,,116,162,
,,,,,,116,163,
,,,,,,116,164,
,,,,,,116,165,
,,,,,,116,167,
,,,,,,116,171,
,,,,,,116,172,
,,,,,,116,173,
,,,,,,116,175,
,,,,,,116,176,
,,,,,,116,178,
,,,,,,116,179,
,,,,,,116,181,
,,,,,,116,182,
,,,,,,116,183,
,,,,,,116,184,
,,,,,,116,185,
,,,,,,116,186,
,,,,,,116,187,
,,,,,,116,190,
,,,,,,116,191,
,,,,,,116,194,
,,,,,,116,195,
,,,,,,116,196,
,,,,,,116,197,
,,,,,,116,198,
,,,,,,116,199,
,,,,,,116,203,
,,,,,,116,209,
,,,,,,116,211,
,,,,,,116,212,
,,,,,,117,4,
,,,,,,117,6,
,,,,,,117,7,
,,,,,,117,9,
,,,,,,117,10,
,,,,,,117,12,
,,,,,,117,13,
,,,,,,117,14,
,,,,,,117,30,
,,,,,,117,49,
,,,,,,117,51,
,,,,,,117,53,
,,,,,,117,57,
,,,,,,117,58,
,,,,,,117,59,
,,,,,,117,61,
,,,,,,117,63,
,,,,,,117,64,
,,,,,,117,152,
,,,,,,117,163,
,,,,,,117,164,
,,,,,,117,171,
,,,,,,117,186,
,,,,,,118,74,
,,,,,,118,75,
,,,,,,118,76,
,,,,,,118,77,
,,,,,,118,79,
,,,,,,118,82,
,,,,,,118,90,
,,,,,,118,148,
,,,,,,118,150,
,,,,,,118,151,
,,,,,,118,158,
,,,,,,118,161,
,,,,,,118,165,
,,,,,,118,166,
,,,,,,118,175,
,,,,,,118,178,
,,,,,,118,181,
,,,,,,118,182,
,,,,,,118,183,
,,,,,,118,185,
,,,,,,118,187,
,,,,,,118,191,
,,,,,,118,195,
,,,,,,118,196,
,,,,,,118,199,
,,,,,,118,206,
,,,,,,118,209,
,,,,,,119,16,
,,,,,,119,17,
,,,,,,119,18,
,,,,,,119,19,
,,,,,,119,20,
,,,,,,119,21,
,,,,,,119,22,
,,,,,,119,23,
,,,,,,119,24,
,,,,,,119,25,
,,,,,,119,26,
,,,,,,119,27,
,,,,,,119,28,
,,,,,,119,31,
,,,,,,119,32,
,,,,,,119,33,
,,,,,,119,34,
,,,,,,119,36,
,,,,,,119,37,
,,,,,,119,38,
,,,,,,119,39,
,,,,,,119,42,
,,,,,,119,43,
,,,,,,119,44,
,,,,,,119,45,
,,,,,,119,55,
,,,,,,119,64,
,,,,,,119,67,
,,,,,,119,71,
,,,,,,119,72,
,,,,,,119,73,
,,,,,,119,76,
,,,,,,119,82,
,,,,,,119,90,
,,,,,,119,139,
,,,,,,119,141,
,,,,,,119,142,
,,,,,,119,143,
,,,,,,119,144,
,,,,,,119,145,
,,,,,,119,146,
,,,,,,119,148,
,,,,,,119,149,
,,,,,,119,150,
,,,,,,119,152,
,,,,,,119,153,
,,,,,,119,157,
,,,,,,119,160,
,,,,,,119,162,
,,,,,,119,163,
,,,,,,119,165,
,,,,,,119,167,
,,,,,,119,168,
,,,,,,119,169,
,,,,,,119,171,
,,,,,,119,172,
,,,,,,119,175,
,,,,,,119,176,
,,,,,,119,178,
,,,,,,119,179,
,,,,,,119,180,
,,,,,,119,181,
,,,,,,119,182,
,,,,,,119,184,
,,,,,,119,185,
,,,,,,119,186,
,,,,,,119,187,
,,,,,,119,195,
,,,,,,119,197,
,,,,,,119,199,
,,,,,,119,201,
,,,,,,119,202,
,,,,,,119,203,
,,,,,,119,205,
,,,,,,119,207,
,,,,,,119,208,
,,,,,,119,209,
,,,,,,119,210,
,,,,,,119,211,
,,,,,,119,213,
,,,,,,119,214,
,,,,,,120,4,
,,,,,,120,6,
,,,,,,120,7,
,,,,,,120,8,
,,,,,,120,9,
,,,,,,120,10,
,,,,,,120,12,
,,,,,,120,13,
,,,,,,120,14,
,,,,,,120,30,
,,,,,,120,31,
,,,,,,120,32,
,,,,,,120,36,
,,,,,,120,49,
,,,,,,120,51,
,,,,,,120,52,
,,,,,,120,53,
,,,,,,120,57,
,,,,,,120,58,
,,,,,,120,59,
,,,,,,120,61,
,,,,,,120,63,
,,,,,,120,64,
,,,,,,120,152,
,,,,,,120,154,
,,,,,,120,156,
,,,,,,120,157,
,,,,,,120,158,
,,,,,,120,162,
,,,,,,120,163,
,,,,,,120,164,
,,,,,,120,167,
,,,,,,120,171,
,,,,,,120,175,
,,,,,,120,176,
,,,,,,120,178,
,,,,,,120,179,
,,,,,,120,181,
,,,,,,120,182,
,,,,,,120,183,
,,,,,,120,184,
,,,,,,120,185,
,,,,,,120,186,
,,,,,,120,187,
,,,,,,121,99,
,,,,,,121,107,
,,,,,,121,116,
,,,,,,121,126,
,,,,,,121,127,
,,,,,,121,135,
,,,,,,121,147,
,,,,,,121,152,
,,,,,,121,153,
,,,,,,121,154,
,,,,,,121,155,
,,,,,,121,156,
,,,,,,121,157,
,,,,,,121,158,
,,,,,,121,160,
,,,,,,121,162,
,,,,,,121,163,
,,,,,,121,167,
,,,,,,121,168,
,,,,,,121,169,
,,,,,,121,171,
,,,,,,121,172,
,,,,,,121,173,
,,,,,,121,174,
,,,,,,121,175,
,,,,,,121,176,
,,,,,,121,177,
,,,,,,121,178,
,,,,,,121,179,
,,,,,,121,180,
,,,,,,121,181,
,,,,,,121,182,
,,,,,,121,183,
,,,,,,121,184,
,,,,,,121,185,
,,,,,,121,186,
,,,,,,121,187,
,,,,,,121,191,
,,,,,,121,207,
,,,,,,121,208,
,,,,,,121,209,
,,,,,,122,74,
,,,,,,122,75,
,,,,,,122,77,
,,,,,,122,78,
,,,,,,122,79,
,,,,,,122,80,
,,,,,,122,81,
,,,,,,122,86,
,,,,,,122,89,
,,,,,,122,148,
,,,,,,122,150,
,,,,,,122,151,
,,,,,,122,158,
,,,,,,122,161,
,,,,,,122,164,
,,,,,,122,165,
,,,,,,122,166,
,,,,,,122,175,
,,,,,,122,178,
,,,,,,122,181,
,,,,,,122,182,
,,,,,,122,183,
,,,,,,122,185,
,,,,,,122,187,
,,,,,,122,188,
,,,,,,122,191,
,,,,,,122,195,
,,,,,,122,196,
,,,,,,122,199,
,,,,,,122,206,
,,,,,,122,209,
,,,,,,123,1,
,,,,,,123,38,
,,,,,,123,39,
,,,,,,123,41,
,,,,,,123,42,
,,,,,,123,43,
,,,,,,123,44,
,,,,,,123,45,
,,,,,,123,46,
,,,,,,123,47,
,,,,,,123,71,
,,,,,,123,72,
,,,,,,123,74,
,,,,,,123,75,
,,,,,,123,139,
,,,,,,123,140,
,,,,,,123,141,
,,,,,,123,142,
,,,,,,123,143,
,,,,,,123,144,
,,,,,,123,145,
,,,,,,123,148,
,,,,,,123,149,
,,,,,,123,150,
,,,,,,123,151,
,,,,,,123,152,
,,,,,,123,153,
,,,,,,123,157,
,,,,,,123,161,
,,,,,,123,162,
,,,,,,123,166,
,,,,,,123,168,
,,,,,,123,173,
,,,,,,123,174,
,,,,,,123,175,
,,,,,,123,176,
,,,,,,123,177,
,,,,,,123,178,
,,,,,,123,179,
,,,,,,123,180,
,,,,,,123,181,
,,,,,,123,182,
,,,,,,123,184,
,,,,,,123,185,
,,,,,,123,187,
,,,,,,123,189,
,,,,,,123,192,
,,,,,,123,193,
,,,,,,123,194,
,,,,,,123,195,
,,,,,,123,196,
,,,,,,123,197,
,,,,,,123,199,
,,,,,,123,201,
,,,,,,123,204,
,,,,,,123,205,
,,,,,,123,206,
,,,,,,123,207,
,,,,,,123,210,
,,,,,,123,211,
,,,,,,123,213,
,,,,,,123,214,
,,,,,,124,74,
,,,,,,124,75,
,,,,,,124,76,
,,,,,,124,77,
,,,,,,124,78,
,,,,,,124,79,
,,,,,,124,80,
,,,,,,124,81,
,,,,,,124,82,
,,,,,,124,86,
,,,,,,124,89,
,,,,,,124,90,
,,,,,,124,148,
,,,,,,124,150,
,,,,,,124,151,
,,,,,,124,158,
,,,,,,124,161,
,,,,,,124,164,
,,,,,,124,165,
,,,,,,124,166,
,,,,,,124,175,
,,,,,,124,178,
,,,,,,124,181,
,,,,,,124,182,
,,,,,,124,183,
,,,,,,124,185,
,,,,,,124,187,
,,,,,,124,188,
,,,,,,124,191,
,,,,,,124,195,
,,,,,,124,196,
,,,,,,124,199,
,,,,,,124,206,
,,,,,,124,209,
,,,,,,125,71,
,,,,,,125,72,
,,,,,,125,73,
,,,,,,125,74,
,,,,,,125,75,
,,,,,,125,76,
,,,,,,125,77,
,,,,,,125,78,
,,,,,,125,79,
,,,,,,125,80,
,,,,,,125,81,
,,,,,,125,82,
,,,,,,125,86,
,,,,,,125,89,
,,,,,,125,90,
,,,,,,125,139,
,,,,,,125,141,
,,,,,,125,142,
,,,,,,125,143,
,,,,,,125,144,
,,,,,,125,145,
,,,,,,125,146,
,,,,,,125,148,
,,,,,,125,150,
,,,,,,125,151,
,,,,,,125,153,
,,,,,,125,157,
,,,,,,125,158,
,,,,,,125,160,
,,,,,,125,161,
,,,,,,125,162,
,,,,,,125,164,
,,,,,,125,165,
,,,,,,125,166,
,,,,,,125,168,
,,,,,,125,169,
,,,,,,125,175,
,,,,,,125,176,
,,,,,,125,178,
,,,,,,125,179,
,,,,,,125,180,
,,,,,,125,181,
,,,,,,125,182,
,,,,,,125,183,
,,,,,,125,185,
,,,,,,125,187,
,,,,,,125,188,
,,,,,,125,191,
,,,,,,125,195,
,,,,,,125,196,
,,,,,,125,197,
,,,,,,125,199,
,,,,,,125,201,
,,,,,,125,202,
,,,,,,125,205,
,,,,,,125,206,
,,,,,,125,207,
,,,,,,125,208,
,,,,,,125,209,
,,,,,,125,211,
,,,,,,125,213,
,,,,,,125,214,
,,,,,,126,1,
,,,,,,126,49,
,,,,,,126,51,
,,,,,,126,52,
,,,,,,126,53,
,,,,,,126,54,
,,,,,,126,56,
,,,,,,126,64,
,,,,,,126,67,
,,,,,,126,71,
,,,,,,126,72,
,,,,,,126,73,
,,,,,,126,139,
,,,,,,126,141,
,,,,,,126,142,
,,,,,,126,143,
,,,,,,126,144,
,,,,,,126,145,
,,,,,,126,146,
,,,,,,126,152,
,,,,,,126,153,
,,,,,,126,154,
,,,,,,126,155,
,,,,,,126,156,
,,,,,,126,157,
,,,,,,126,158,
,,,,,,126,160,
,,,,,,126,162,
,,,,,,126,163,
,,,,,,126,164,
,,,,,,126,167,
,,,,,,126,168,
,,,,,,126,169,
,,,,,,126,171,
,,,,,,126,173,
,,,,,,126,175,
,,,,,,126,176,
,,,,,,126,178,
,,,,,,126,179,
,,,,,,126,180,
,,,,,,126,181,
,,,,,,126,182,
,,,,,,126,183,
,,,,,,126,184,
,,,,,,126,185,
,,,,,,126,186,
,,,,,,126,187,
,,,,,,126,190,
,,,,,,126,197,
,,,,,,126,201,
,,,,,,126,202,
,,,,,,126,205,
,,,,,,126,207,
,,,,,,126,208,
,,,,,,126,211,
,,,,,,126,213,
,,,,,,126,214,
,,,,,,127,16,
,,,,,,127,17,
,,,,,,127,18,
,,,,,,127,19,
,,,,,,127,20,
,,,,,,127,21,
,,,,,,127,22,
,,,,,,127,23,
,,,,,,127,24,
,,,,,,127,25,
,,,,,,127,26,
,,,,,,127,27,
,,,,,,127,28,
,,,,,,127,31,
,,,,,,127,33,
,,,,,,127,34,
,,,,,,127,37,
,,,,,,127,38,
,,,,,,127,39,
,,,,,,127,42,
,,,,,,127,43,
,,,,,,127,44,
,,,,,,127,45,
,,,,,,127,46,
,,,,,,127,47,
,,,,,,127,49,
,,,,,,127,50,
,,,,,,127,51,
,,,,,,127,52,
,,,,,,127,53,
,,,,,,127,54,
,,,,,,127,55,
,,,,,,127,56,
,,,,,,127,57,
,,,,,,127,58,
,,,,,,127,63,
,,,,,,127,64,
,,,,,,127,71,
,,,,,,127,76,
,,,,,,127,77,
,,,,,,127,79,
,,,,,,127,82,
,,,,,,127,90,
,,,,,,127,139,
,,,,,,127,140,
,,,,,,127,142,
,,,,,,127,143,
,,,,,,127,144,
,,,,,,127,145,
,,,,,,127,148,
,,,,,,127,149,
,,,,,,127,150,
,,,,,,127,152,
,,,,,,127,153,
,,,,,,127,154,
,,,,,,127,155,
,,,,,,127,156,
,,,,,,127,157,
,,,,,,127,158,
,,,,,,127,161,
,,,,,,127,162,
,,,,,,127,163,
,,,,,,127,164,
,,,,,,127,165,
,,,,,,127,167,
,,,,,,127,168,
,,,,,,127,171,
,,,,,,127,172,
,,,,,,127,173,
,,,,,,127,174,
,,,,,,127,175,
,,,,,,127,176,
,,,,,,127,177,
,,,,,,127,178,
,,,,,,127,179,
,,,,,,127,181,
,,,,,,127,182,
,,,,,,127,183,
,,,,,,127,184,
,,,,,,127,185,
,,,,,,127,186,
,,,,,,127,187,
,,,,,,127,189,
,,,,,,127,190,
,,,,,,127,191,
,,,,,,127,192,
,,,,,,127,193,
,,,,,,127,194,
,,,,,,127,195,
,,,,,,127,196,
,,,,,,127,197,
,,,,,,127,199,
,,,,,,127,203,
,,,,,,127,204,
,,,,,,127,209,
,,,,,,127,210,
,,,,,,127,213,
,,,,,,127,214,
,,,,,,128,16,
,,,,,,128,17,
,,,,,,128,18,
,,,,,,128,19,
,,,,,,128,20,
,,,,,,128,21,
,,,,,,128,22,
,,,,,,128,23,
,,,,,,128,24,
,,,,,,128,25,
,,,,,,128,26,
,,,,,,128,27,
,,,,,,128,28,
,,,,,,128,33,
,,,,,,128,34,
,,,,,,128,37,
,,,,,,128,41,
,,,,,,128,43,
,,,,,,128,63,
,,,,,,128,152,
,,,,,,128,157,
,,,,,,128,163,
,,,,,,128,167,
,,,,,,128,171,
,,,,,,128,172,
,,,,,,128,176,
,,,,,,128,184,
,,,,,,128,186,
,,,,,,128,203,
,,,,,,128,210,
,,,,,,129,63,
,,,,,,129,71,
,,,,,,129,72,
,,,,,,129,73,
,,,,,,129,74,
,,,,,,129,75,
,,,,,,129,76,
,,,,,,129,77,
,,,,,,129,78,
,,,,,,129,79,
,,,,,,129,80,
,,,,,,129,81,
,,,,,,129,82,
,,,,,,129,86,
,,,,,,129,89,
,,,,,,129,90,
,,,,,,129,139,
,,,,,,129,141,
,,,,,,129,142,
,,,,,,129,143,
,,,,,,129,144,
,,,,,,129,145,
,,,,,,129,146,
,,,,,,129,148,
,,,,,,129,150,
,,,,,,129,151,
,,,,,,129,153,
,,,,,,129,157,
,,,,,,129,158,
,,,,,,129,160,
,,,,,,129,161,
,,,,,,129,162,
,,,,,,129,164,
,,,,,,129,165,
,,,,,,129,166,
,,,,,,129,168,
,,,,,,129,169,
,,,,,,129,175,
,,,,,,129,176,
,,,,,,129,178,
,,,,,,129,179,
,,,,,,129,180,
,,,,,,129,181,
,,,,,,129,182,
,,,,,,129,183,
,,,,,,129,185,
,,,,,,129,187,
,,,,,,129,188,
,,,,,,129,191,
,,,,,,129,195,
,,,,,,129,196,
,,,,,,129,197,
,,,,,,129,199,
,,,,,,129,201,
,,,,,,129,202,
,,,,,,129,205,
,,,,,,129,206,
,,,,,,129,207,
,,,,,,129,208,
,,,,,,129,209,
,,,,,,129,211,
,,,,,,129,213,
,,,,,,129,214,
,,,,,,130,63,
,,,,,,130,67,
,,,,,,130,186,
,,,,,,131,49,
,,,,,,131,51,
,,,,,,131,52,
,,,,,,131,53,
,,,,,,131,54,
,,,,,,131,55,
,,,,,,131,56,
,,,,,,131,57,
,,,,,,131,58,
,,,,,,131,63,
,,,,,,131,64,
,,,,,,131,67,
,,,,,,131,71,
,,,,,,131,72,
,,,,,,131,73,
,,,,,,131,77,
,,,,,,131,78,
,,,,,,131,79,
,,,,,,131,80,
,,,,,,131,139,
,,,,,,131,141,
,,,,,,131,142,
,,,,,,131,143,
,,,,,,131,144,
,,,,,,131,145,
,,,,,,131,146,
,,,,,,131,148,
,,,,,,131,150,
,,,,,,131,152,
,,,,,,131,153,
,,,,,,131,154,
,,,,,,131,155,
,,,,,,131,156,
,,,,,,131,157,
,,,,,,131,158,
,,,,,,131,160,
,,,,,,131,161,
,,,,,,131,162,
,,,,,,131,163,
,,,,,,131,164,
,,,,,,131,165,
,,,,,,131,167,
,,,,,,131,168,
,,,,,,131,169,
,,,,,,131,171,
,,,,,,131,173,
,,,,,,131,175,
,,,,,,131,176,
,,,,,,131,178,
,,,,,,131,179,
,,,,,,131,180,
,,,,,,131,181,
,,,,,,131,182,
,,,,,,131,183,
,,,,,,131,184,
,,,,,,131,185,
,,,,,,131,186,
,,,,,,131,187,
,,,,,,131,190,
,,,,,,131,191,
,,,,,,131,195,
,,,,,,131,196,
,,,,,,131,197,
,,,,,,131,199,
,,,,,,131,201,
,,,,,,131,202,
,,,,,,131,205,
,,,,,,131,206,
,,,,,,131,207,
,,,,,,131,208,
,,,,,,131,209,
,,,,,,131,211,
,,,,,,131,213,
,,,,,,131,214,
,,,,,,132,63,
,,,,,,132,71,
,,,,,,132,72,
,,,,,,132,73,
,,,,,,132,74,
,,,,,,132,75,
,,,,,,132,76,
,,,,,,132,77,
,,,,,,132,78,
,,,,,,132,79,
,,,,,,132,80,
,,,,,,132,81,
,,,,,,132,82,
,,,,,,132,86,
,,,,,,132,89,
,,,,,,132,90,
,,,,,,132,139,
,,,,,,132,141,
,,,,,,132,142,
,,,,,,132,143,
,,,,,,132,144,
,,,,,,132,145,
,,,,,,132,146,
,,,,,,132,148,
,,,,,,132,150,
,,,,,,132,151,
,,,,,,132,153,
,,,,,,132,157,
,,,,,,132,158,
,,,,,,132,160,
,,,,,,132,161,
,,,,,,132,162,
,,,,,,132,164,
,,,,,,132,165,
,,,,,,132,166,
,,,,,,132,168,
,,,,,,132,169,
,,,,,,132,175,
,,,,,,132,176,
,,,,,,132,178,
,,,,,,132,179,
,,,,,,132,180,
,,,,,,132,181,
,,,,,,132,182,
,,,,,,132,183,
,,,,,,132,185,
,,,,,,132,187,
,,,,,,132,188,
,,,,,,132,191,
,,,,,,132,195,
,,,,,,132,196,
,,,,,,132,197,
,,,,,,132,199,
,,,,,,132,201,
,,,,,,132,202,
,,,,,,132,205,
,,,,,,132,206,
,,,,,,132,207,
,,,,,,132,208,
,,,,,,132,209,
,,,,,,132,211,
,,,,,,132,213,
,,,,,,132,214,
,,,,,,133,74,
,,,,,,133,75,
,,,,,,133,76,
,,,,,,133,77,
,,,,,,133,78,
,,,,,,133,79,
,,,,,,133,80,
,,,,,,133,81,
,,,,,,133,82,
,,,,,,133,86,
,,,,,,133,89,
,,,,,,133,90,
,,,,,,133,148,
,,,,,,133,150,
,,,,,,133,151,
,,,,,,133,158,
,,,,,,133,161,
,,,,,,133,164,
,,,,,,133,165,
,,,,,,133,166,
,,,,,,133,175,
,,,,,,133,178,
,,,,,,133,181,
,,,,,,133,182,
,,,,,,133,183,
,,,,,,133,185,
,,,,,,133,187,
,,,,,,133,188,
,,,,,,133,191,
,,,,,,133,195,
,,,,,,133,196,
,,,,,,133,199,
,,,,,,133,206,
,,,,,,133,209,
,,,,,,134,1,
,,,,,,134,38,
,,,,,,134,39,
,,,,,,134,41,
,,,,,,134,42,
,,,,,,134,43,
,,,,,,134,44,
,,,,,,134,45,
,,,,,,134,46,
,,,,,,134,47,
,,,,,,134,71,
,,,,,,134,72,
,,,,,,134,74,
,,,,,,134,75,
,,,,,,134,139,
,,,,,,134,140,
,,,,,,134,141,
,,,,,,134,142,
,,,,,,134,143,
,,,,,,134,144,
,,,,,,134,145,
,,,,,,134,148,
,,,,,,134,149,
,,,,,,134,150,
,,,,,,134,151,
,,,,,,134,152,
,,,,,,134,153,
,,,,,,134,157,
,,,,,,134,161,
,,,,,,134,162,
,,,,,,134,166,
,,,,,,134,168,
,,,,,,134,173,
,,,,,,134,174,
,,,,,,134,175,
,,,,,,134,176,
,,,,,,134,177,
,,,,,,134,178,
,,,,,,134,179,
,,,,,,134,180,
,,,,,,134,181,
,,,,,,134,182,
,,,,,,134,184,
,,,,,,134,185,
,,,,,,134,187,
,,,,,,134,189,
,,,,,,134,192,
,,,,,,134,193,
,,,,,,134,194,
,,,,,,134,195,
,,,,,,134,196,
,,,,,,134,197,
,,,,,,134,199,
,,,,,,134,201,
,,,,,,134,204,
,,,,,,134,205,
,,,,,,134,206,
,,,,,,134,207,
,,,,,,134,210,
,,,,,,134,211,
,,,,,,134,213,
,,,,,,134,214,
,,,,,,135,5,
,,,,,,135,16,
,,,,,,135,17,
,,,,,,135,18,
,,,,,,135,19,
,,,,,,135,20,
,,,,,,135,21,
,,,,,,135,22,
,,,,,,135,23,
,,,,,,135,24,
,,,,,,135,25,
,,,,,,135,26,
,,,,,,135,27,
,,,,,,135,28,
,,,,,,135,33,
,,,,,,135,34,
,,,,,,135,37,
,,,,,,135,40,
,,,,,,135,41,
,,,,,,135,43,
,,,,,,135,48,
,,,,,,135,49,
,,,,,,135,51,
,,,,,,135,52,
,,,,,,135,53,
,,,,,,135,54,
,,,,,,135,56,
,,,,,,135,57,
,,,,,,135,58,
,,,,,,135,63,
,,,,,,135,71,
,,,,,,135,139,
,,,,,,135,142,
,,,,,,135,143,
,,,,,,135,144,
,,,,,,135,145,
,,,,,,135,152,
,,,,,,135,153,
,,,,,,135,154,
,,,,,,135,155,
,,,,,,135,156,
,,,,,,135,157,
,,,,,,135,158,
,,,,,,135,162,
,,,,,,135,163,
,,,,,,135,164,
,,,,,,135,167,
,,,,,,135,168,
,,,,,,135,171,
,,,,,,135,172,
,,,,,,135,173,
,,,,,,135,175,
,,,,,,135,176,
,,,,,,135,178,
,,,,,,135,179,
,,,,,,135,181,
,,,,,,135,182,
,,,,,,135,183,
,,,,,,135,184,
,,,,,,135,185,
,,,,,,135,186,
,,,,,,135,187,
,,,,,,135,190,
,,,,,,135,197,
,,,,,,135,203,
,,,,,,135,210,
,,,,,,135,213,
,,,,,,135,214,
,,,,,,136,55,
,,,,,,136,71,
,,,,,,136,72,
,,,,,,136,73,
,,,,,,136,139,
,,,,,,136,141,
,,,,,,136,142,
,,,,,,136,143,
,,,,,,136,144,
,,,,,,136,145,
,,,,,,136,146,
,,,,,,136,153,
,,,,,,136,157,
,,,,,,136,160,
,,,,,,136,162,
,,,,,,136,168,
,,,,,,136,169,
,,,,,,136,176,
,,,,,,136,179,
,,,,,,136,180,
,,,,,,136,184,
,,,,,,136,197,
,,,,,,136,201,
,,,,,,136,202,
,,,,,,136,205,
,,,,,,136,207,
,,,,,,136,208,
,,,,,,136,211,
,,,,,,136,213,
,,,,,,136,214,
,,,,,,137,16,
,,,,,,137,17,
,,,,,,137,18,
,,,,,,137,19,
,,,,,,137,20,
,,,,,,137,21,
,,,,,,137,22,
,,,,,,137,23,
,,,,,,137,24,
,,,,,,137,25,
,,,,,,137,26,
,,,,,,137,27,
,,,,,,137,28,
,,,,,,137,31,
,,,,,,137,32,
,,,,,,137,33,
,,,,,,137,34,
,,,,,,137,36,
,,,,,,137,37,
,,,,,,137,38,
,,,,,,137,39,
,,,,,,137,40,
,,,,,,137,41,
,,,,,,137,42,
,,,,,,137,43,
,,,,,,137,44,
,,,,,,137,45,
,,,,,,137,46,
,,,,,,137,47,
,,,,,,137,48,
,,,,,,137,52,
,,,,,,137,54,
,,,,,,137,56,
,,,,,,137,59,
,,,,,,137,61,
,,,,,,137,63,
,,,,,,137,64,
,,,,,,137,67,
,,,,,,137,69,
,,,,,,137,70,
,,,,,,137,71,
,,,,,,137,72,
,,,,,,137,73,
,,,,,,137,76,
,,,,,,137,82,
,,,,,,137,90,
,,,,,,137,138,
,,,,,,137,139,
,,,,,,137,140,
,,,,,,137,141,
,,,,,,137,142,
,,,,,,137,143,
,,,,,,137,144,
,,,,,,137,145,
,,,,,,137,146,
,,,,,,137,148,
,,,,,,137,149,
,,,,,,137,150,
,,,,,,137,152,
,,,,,,137,153,
,,,,,,137,154,
,,,,,,137,155,
,,,,,,137,156,
,,,,,,137,157,
,,,,,,137,158,
,,,,,,137,159,
,,,,,,137,160,
,,,,,,137,162,
,,,,,,137,163,
,,,,,,137,165,
,,,,,,137,167,
,,,,,,137,168,
,,,,,,137,169,
,,,,,,137,170,
,,,,,,137,171,
,,,,,,137,172,
,,,,,,137,173,
,,,,,,137,174,
,,,,,,137,175,
,,,,,,137,176,
,,,,,,137,177,
,,,,,,137,178,
,,,,,,137,179,
,,,,,,137,180,
,,,,,,137,181,
,,,,,,137,182,
,,,,,,137,183,
,,,,,,137,184,
,,,,,,137,185,
,,,,,,137,186,
,,,,,,137,187,
,,,,,,137,189,
,,,,,,137,190,
,,,,,,137,192,
,,,,,,137,193,
,,,,,,137,194,
,,,,,,137,195,
,,,,,,137,197,
,,,,,,137,198,
,,,,,,137,199,
,,,,,,137,200,
,,,,,,137,201,
,,,,,,137,202,
,,,,,,137,203,
,,,,,,137,204,
,,,,,,137,205,
,,,,,,137,207,
,,,,,,137,208,
,,,,,,137,209,
,,,,,,137,210,
,,,,,,137,211,
,,,,,,137,212,
,,,,,,137,213,
,,,,,,137,214,
,,,,,,138,2,
,,,,,,139,213,
,,,,,,140,46,
,,,,,,140,47,
,,,,,,141,72,
,,,,,,142,168,
,,,,,,143,153,
,,,,,,144,179,
,,,,,,145,71,
,,,,,,146,73,
,,,,,,147,61,
,,,,,,147,93,
,,,,,,147,94,
,,,,,,147,95,
,,,,,,147,96,
,,,,,,147,97,
,,,,,,147,98,
,,,,,,147,99,
,,,,,,147,100,
,,,,,,147,101,
,,,,,,147,102,
,,,,,,147,103,
,,,,,,147,104,
,,,,,,147,105,
,,,,,,147,106,
,,,,,,147,107,
,,,,,,147,108,
,,,,,,147,109,
,,,,,,147,110,
,,,,,,147,111,
,,,,,,147,112,
,,,,,,147,113,
,,,,,,147,114,
,,,,,,147,115,
,,,,,,147,116,
,,,,,,147,117,
,,,,,,147,118,
,,,,,,147,119,
,,,,,,147,120,
,,,,,,147,121,
,,,,,,147,122,
,,,,,,147,123,
,,,,,,147,124,
,,,,,,147,125,
,,,,,,147,126,
,,,,,,147,127,
,,,,,,147,128,
,,,,,,147,129,
,,,,,,147,130,
,,,,,,147,131,
,,,,,,147,132,
,,,,,,147,133,
,,,,,,147,134,
,,,,,,147,135,
,,,,,,147,136,
,,,,,,147,137,
,,,,,,148,74,
,,,,,,148,75,
,,,,,,148,77,
,,,,,,148,78,
,,,,,,148,79,
,,,,,,148,80,
,,,,,,148,81,
,,,,,,148,86,
,,,,,,148,87,
,,,,,,148,89,
,,,,,,148,90,
,,,,,,149,44,
,,,,,,149,46,
,,,,,,149,47,
,,,,,,150,74,
,,,,,,150,75,
,,,,,,150,76,
,,,,,,150,77,
,,,,,,150,78,
,,,,,,150,79,
,,,,,,150,80,
,,,,,,150,81,
,,,,,,150,82,
,,,,,,150,86,
,,,,,,150,87,
,,,,,,150,89,
,,,,,,150,90,
,,,,,,151,74,
,,,,,,152,18,
,,,,,,152,25,
,,,,,,152,27,
,,,,,,152,28,
,,,,,,152,38,
,,,,,,152,39,
,,,,,,152,40,
,,,,,,152,41,
,,,,,,152,43,
,,,,,,152,44,
,,,,,,152,46,
,,,,,,152,47,
,,,,,,152,52,
,,,,,,152,53,
,,,,,,152,93,
,,,,,,152,96,
,,,,,,152,102,
,,,,,,152,103,
,,,,,,152,106,
,,,,,,152,107,
,,,,,,152,112,
,,,,,,152,115,
,,,,,,152,116,
,,,,,,152,119,
,,,,,,152,123,
,,,,,,152,128,
,,,,,,152,134,
,,,,,,152,135,
,,,,,,152,137,
,,,,,,152,156,
,,,,,,152,157,
,,,,,,152,158,
,,,,,,152,167,
,,,,,,152,175,
,,,,,,152,178,
,,,,,,152,179,
,,,,,,152,181,
,,,,,,152,182,
,,,,,,152,183,
,,,,,,152,185,
,,,,,,152,187,
,,,,,,153,50,
,,,,,,153,71,
,,,,,,153,72,
,,,,,,153,73,
,,,,,,153,96,
,,,,,,153,97,
,,,,,,153,102,
,,,,,,153,103,
,,,,,,153,106,
,,,,,,153,115,
,,,,,,153,119,
,,,,,,153,123,
,,,,,,153,129,
,,,,,,153,134,
,,,,,,153,135,
,,,,,,153,136,
,,,,,,153,137,
,,,,,,154,52,
,,,,,,154,93,
,,,,,,154,96,
,,,,,,154,103,
,,,,,,154,107,
,,,,,,154,109,
,,,,,,154,123,
,,,,,,154,134,
,,,,,,154,135,
,,,,,,154,137,
,,,,,,154,152,
,,,,,,154,156,
,,,,,,154,157,
,,,,,,154,158,
,,,,,,154,162,
,,,,,,154,163,
,,,,,,154,167,
,,,,,,154,175,
,,,,,,154,176,
,,,,,,154,178,
,,,,,,154,179,
,,,,,,154,181,
,,,,,,154,182,
,,,,,,154,183,
,,,,,,154,185,
,,,,,,154,187,
,,,,,,155,56,
,,,,,,155,93,
,,,,,,155,96,
,,,,,,155,103,
,,,,,,155,107,
,,,,,,155,109,
,,,,,,155,123,
,,,,,,155,134,
,,,,,,155,135,
,,,,,,155,137,
,,,,,,156,52,
,,,,,,156,93,
,,,,,,156,96,
,,,,,,156,106,
,,,,,,156,107,
,,,,,,156,112,
,,,,,,156,116,
,,,,,,156,135,
,,,,,,156,137,
,,,,,,156,167,
,,,,,,156,175,
,,,,,,156,179,
,,,,,,156,182,
,,,,,,156,183,
,,,,,,156,185,
,,,,,,157,41,
,,,,,,157,43,
,,,,,,157,46,
,,,,,,157,47,
,,,,,,157,52,
,,,,,,157,69,
,,,,,,157,71,
,,,,,,157,72,
,,,,,,157,73,
,,,,,,157,96,
,,,,,,157,97,
,,,,,,157,102,
,,,,,,157,103,
,,,,,,157,106,
,,,,,,157,107,
,,,,,,157,115,
,,,,,,157,116,
,,,,,,157,119,
,,,,,,157,123,
,,,,,,157,128,
,,,,,,157,129,
,,,,,,157,134,
,,,,,,157,135,
,,,,,,157,136,
,,,,,,157,137,
,,,,,,157,152,
,,,,,,157,156,
,,,,,,157,158,
,,,,,,157,167,
,,,,,,157,175,
,,,,,,157,178,
,,,,,,157,179,
,,,,,,157,181,
,,,,,,157,182,
,,,,,,157,183,
,,,,,,157,185,
,,,,,,157,187,
,,,,,,158,52,
,,,,,,158,77,
,,,,,,158,93,
,,,,,,158,97,
,,,,,,158,103,
,,,,,,158,106,
,,,,,,158,107,
,,,,,,158,109,
,,,,,,158,110,
,,,,,,158,111,
,,,,,,158,116,
,,,,,,158,122,
,,,,,,158,129,
,,,,,,158,156,
,,,,,,158,167,
,,,,,,158,175,
,,,,,,158,178,
,,,,,,158,179,
,,,,,,158,181,
,,,,,,158,182,
,,,,,,158,183,
,,,,,,158,185,
,,,,,,158,187,
,,,,,,159,69,
,,,,,,159,115,
,,,,,,159,137,
,,,,,,160,73,
,,,,,,160,94,
,,,,,,160,96,
,,,,,,160,97,
,,,,,,160,99,
,,,,,,160,102,
,,,,,,160,106,
,,,,,,160,108,
,,,,,,160,115,
,,,,,,160,119,
,,,,,,160,125,
,,,,,,160,126,
,,,,,,160,129,
,,,,,,160,131,
,,,,,,160,132,
,,,,,,160,136,
,,,,,,160,137,
,,,,,,161,62,
,,,,,,161,65,
,,,,,,161,74,
,,,,,,161,75,
,,,,,,161,77,
,,,,,,161,86,
,,,,,,162,47,
,,,,,,162,52,
,,,,,,162,55,
,,,,,,162,69,
,,,,,,162,70,
,,,,,,162,71,
,,,,,,162,72,
,,,,,,162,73,
,,,,,,162,96,
,,,,,,162,97,
,,,,,,162,102,
,,,,,,162,103,
,,,,,,162,106,
,,,,,,162,115,
,,,,,,162,119,
,,,,,,162,123,
,,,,,,162,129,
,,,,,,162,134,
,,,,,,162,135,
,,,,,,162,136,
,,,,,,162,137,
,,,,,,162,152,
,,,,,,162,156,
,,,,,,162,157,
,,,,,,162,158,
,,,,,,162,163,
,,,,,,162,167,
,,,,,,162,175,
,,,,,,162,178,
,,,,,,162,179,
,,,,,,162,181,
,,,,,,162,182,
,,,,,,162,183,
,,,,,,162,185,
,,,,,,162,187,
,,,,,,163,19,
,,,,,,163,20,
,,,,,,163,25,
,,,,,,163,27,
,,,,,,163,49,
,,,,,,163,52,
,,,,,,163,93,
,,,,,,163,96,
,,,,,,163,102,
,,,,,,163,106,
,,,,,,163,107,
,,,,,,163,112,
,,,,,,163,113,
,,,,,,163,116,
,,,,,,163,119,
,,,,,,163,120,
,,,,,,163,128,
,,,,,,163,135,
,,,,,,163,137,
,,,,,,163,152,
,,,,,,163,156,
,,,,,,163,157,
,,,,,,163,158,
,,,,,,163,167,
,,,,,,163,175,
,,,,,,163,176,
,,,,,,163,178,
,,,,,,163,179,
,,,,,,163,181,
,,,,,,163,182,
,,,,,,163,183,
,,,,,,163,185,
,,,,,,163,187,
,,,,,,164,49,
,,,,,,164,62,
,,,,,,164,65,
,,,,,,164,78,
,,,,,,165,62,
,,,,,,165,65,
,,,,,,165,76,
,,,,,,165,77,
,,,,,,165,82,
,,,,,,165,90,
,,,,,,166,75,
,,,,,,167,18,
,,,,,,167,25,
,,,,,,167,27,
,,,,,,167,28,
,,,,,,167,52,
,,,,,,167,93,
,,,,,,167,96,
,,,,,,167,107,
,,,,,,167,112,
,,,,,,167,116,
,,,,,,167,119,
,,,,,,167,128,
,,,,,,167,135,
,,,,,,167,137,
,,,,,,167,156,
,,,,,,167,175,
,,,,,,167,179,
,,,,,,167,182,
,,,,,,167,183,
,,,,,,167,185,
,,,,,,168,71,
,,,,,,168,72,
,,,,,,168,73,
,,,,,,168,94,
,,,,,,168,96,
,,,,,,168,97,
,,,,,,168,99,
,,,,,,168,102,
,,,,,,168,103,
,,,,,,168,106,
,,,,,,168,108,
,,,,,,168,115,
,,,,,,168,119,
,,,,,,168,123,
,,,,,,168,125,
,,,,,,168,126,
,,,,,,168,127,
,,,,,,168,129,
,,,,,,168,131,
,,,,,,168,132,
,,,,,,168,134,
,,,,,,168,135,
,,,,,,168,136,
,,,,,,168,137,
,,,,,,169,73,
,,,,,,169,94,
,,,,,,169,96,
,,,,,,169,97,
,,,,,,169,99,
,,,,,,169,102,
,,,,,,169,106,
,,,,,,169,108,
,,,,,,169,115,
,,,,,,169,119,
,,,,,,169,125,
,,,,,,169,126,
,,,,,,169,129,
,,,,,,169,131,
,,,,,,169,132,
,,,,,,169,136,
,,,,,,169,137,
,,,,,,170,69,
,,,,,,170,115,
,,,,,,170,137,
,,,,,,171,64,
,,,,,,171,95,
,,,,,,171,96,
,,,,,,171,99,
,,,,,,171,100,
,,,,,,171,102,
,,,,,,171,105,
,,,,,,171,106,
,,,,,,171,107,
,,,,,,171,108,
,,,,,,171,113,
,,,,,,171,116,
,,,,,,171,117,
,,,,,,171,119,
,,,,,,171,120,
,,,,,,171,126,
,,,,,,171,127,
,,,,,,171,128,
,,,,,,171,131,
,,,,,,171,135,
,,,,,,171,137,
,,,,,,172,16,
,,,,,,172,93,
,,,,,,172,96,
,,,,,,172,107,
,,,,,,172,112,
,,,,,,172,116,
,,,,,,172,119,
,,,,,,172,127,
,,,,,,172,128,
,,,,,,172,135,
,,,,,,172,137,
,,,,,,173,46,
,,,,,,173,47,
,,,,,,173,56,
,,,,,,173,103,
,,,,,,173,115,
,,,,,,173,123,
,,,,,,173,127,
,,,,,,173,134,
,,,,,,173,137,
,,,,,,174,46,
,,,,,,174,47,
,,,,,,174,103,
,,,,,,174,115,
,,,,,,174,123,
,,,,,,174,127,
,,,,,,174,134,
,,,,,,174,137,
,,,,,,175,52,
,,,,,,175,75,
,,,,,,175,76,
,,,,,,175,77,
,,,,,,175,78,
,,,,,,175,81,
,,,,,,175,82,
,,,,,,175,90,
,,,,,,175,93,
,,,,,,175,96,
,,,,,,175,97,
,,,,,,175,103,
,,,,,,175,106,
,,,,,,175,109,
,,,,,,175,110,
,,,,,,175,111,
,,,,,,175,112,
,,,,,,175,115,
,,,,,,175,119,
,,,,,,175,122,
,,,,,,175,123,
,,,,,,175,129,
,,,,,,175,134,
,,,,,,175,137,
,,,,,,175,156,
,,,,,,175,158,
,,,,,,175,167,
,,,,,,175,178,
,,,,,,175,179,
,,,,,,175,181,
,,,,,,175,182,
,,,,,,175,183,
,,,,,,175,185,
,,,,,,175,187,
,,,,,,176,41,
,,,,,,176,43,
,,,,,,176,46,
,,,,,,176,47,
,,,,,,176,52,
,,,,,,176,69,
,,,,,,176,71,
,,,,,,176,72,
,,,,,,176,73,
,,,,,,176,93,
,,,,,,176,96,
,,,,,,176,97,
,,,,,,176,102,
,,,,,,176,103,
,,,,,,176,106,
,,,,,,176,107,
,,,,,,176,112,
,,,,,,176,115,
,,,,,,176,116,
,,,,,,176,119,
,,,,,,176,123,
,,,,,,176,128,
,,,,,,176,129,
,,,,,,176,134,
,,,,,,176,135,
,,,,,,176,136,
,,,,,,176,137,
,,,,,,176,152,
,,,,,,176,156,
,,,,,,176,157,
,,,,,,176,158,
,,,,,,176,162,
,,,,,,176,163,
,,,,,,176,167,
,,,,,,176,175,
,,,,,,176,178,
,,,,,,176,179,
,,,,,,176,181,
,,,,,,176,182,
,,,,,,176,183,
,,,,,,176,185,
,,,,,,176,187,
,,,,,,177,46,
,,,,,,177,47,
,,,,,,177,103,
,,,,,,177,115,
,,,,,,177,123,
,,,,,,177,127,
,,,,,,177,134,
,,,,,,177,137,
,,,,,,178,52,
,,,,,,178,75,
,,,,,,178,76,
,,,,,,178,77,
,,,,,,178,78,
,,,,,,178,81,
,,,,,,178,82,
,,,,,,178,86,
,,,,,,178,90,
,,,,,,178,93,
,,,,,,178,96,
,,,,,,178,97,
,,,,,,178,103,
,,,,,,178,106,
,,,,,,178,107,
,,,,,,178,109,
,,,,,,178,110,
,,,,,,178,111,
,,,,,,178,112,
,,,,,,178,115,
,,,,,,178,116,
,,,,,,178,119,
,,,,,,178,122,
,,,,,,178,123,
,,,,,,178,129,
,,,,,,178,134,
,,,,,,178,137,
,,,,,,178,156,
,,,,,,178,158,
,,,,,,178,167,
,,,,,,178,175,
,,,,,,178,179,
,,,,,,178,181,
,,,,,,178,182,
,,,,,,178,183,
,,,,,,178,185,
,,,,,,178,187,
,,,,,,179,52,
,,,,,,179,71,
,,,,,,179,72,
,,,,,,179,73,
,,,,,,179,96,
,,,,,,179,97,
,,,,,,179,102,
,,,,,,179,103,
,,,,,,179,106,
,,,,,,179,115,
,,,,,,179,119,
,,,,,,179,123,
,,,,,,179,129,
,,,,,,179,134,
,,,,,,179,135,
,,,,,,179,136,
,,,,,,179,137,
,,,,,,179,156,
,,,,,,179,175,
,,,,,,179,182,
,,,,,,179,183,
,,,,,,180,72,
,,,,,,180,94,
,,,,,,180,96,
,,,,,,180,97,
,,,,,,180,99,
,,,,,,180,102,
,,,,,,180,103,
,,,,,,180,106,
,,,,,,180,108,
,,,,,,180,115,
,,,,,,180,119,
,,,,,,180,123,
,,,,,,180,125,
,,,,,,180,126,
,,,,,,180,129,
,,,,,,180,131,
,,,,,,180,132,
,,,,,,180,134,
,,,,,,180,136,
,,,,,,180,137,
,,,,,,181,52,
,,,,,,181,75,
,,,,,,181,76,
,,,,,,181,77,
,,,,,,181,78,
,,,,,,181,81,
,,,,,,181,82,
,,,,,,181,86,
,,,,,,181,87,
,,,,,,181,90,
,,,,,,181,93,
,,,,,,181,96,
,,,,,,181,97,
,,,,,,181,103,
,,,,,,181,106,
,,,,,,181,107,
,,,,,,181,109,
,,,,,,181,110,
,,,,,,181,111,
,,,,,,181,112,
,,,,,,181,115,
,,,,,,181,116,
,,,,,,181,119,
,,,,,,181,122,
,,,,,,181,123,
,,,,,,181,129,
,,,,,,181,134,
,,,,,,181,137,
,,,,,,181,156,
,,,,,,181,158,
,,,,,,181,167,
,,,,,,181,175,
,,,,,,181,178,
,,,,,,181,179,
,,,,,,181,182,
,,,,,,181,183,
,,,,,,181,185,
,,,,,,181,187,
,,,,,,182,52,
,,,,,,182,75,
,,,,,,182,76,
,,,,,,182,77,
,,,,,,182,78,
,,,,,,182,82,
,,,,,,182,90,
,,,,,,182,93,
,,,,,,182,97,
,,,,,,182,106,
,,,,,,182,107,
,,,,,,182,109,
,,,,,,182,110,
,,,,,,182,111,
,,,,,,182,116,
,,,,,,182,122,
,,,,,,182,167,
,,,,,,182,175,
,,,,,,182,179,
,,,,,,182,183,
,,,,,,182,185,
,,,,,,183,52,
,,,,,,183,77,
,,,,,,183,78,
,,,,,,183,93,
,,,,,,183,97,
,,,,,,183,106,
,,,,,,183,107,
,,,,,,183,109,
,,,,,,183,110,
,,,,,,183,111,
,,,,,,183,116,
,,,,,,183,122,
,,,,,,183,167,
,,,,,,183,175,
,,,,,,183,179,
,,,,,,183,182,
,,,,,,183,185,
,,,,,,184,41,
,,,,,,184,46,
,,,,,,184,47,
,,,,,,184,52,
,,,,,,184,55,
,,,,,,184,93,
,,,,,,184,96,
,,,,,,184,99,
,,,,,,184,102,
,,,,,,184,103,
,,,,,,184,106,
,,,,,,184,107,
,,,,,,184,112,
,,,,,,184,115,
,,,,,,184,116,
,,,,,,184,119,
,,,,,,184,120,
,,,,,,184,123,
,,,,,,184,126,
,,,,,,184,127,
,,,,,,184,128,
,,,,,,184,131,
,,,,,,184,134,
,,,,,,184,135,
,,,,,,184,136,
,,,,,,184,137,
,,,,,,185,52,
,,,,,,185,75,
,,,,,,185,76,
,,,,,,185,77,
,,,,,,185,78,
,,,,,,185,81,
,,,,,,185,82,
,,,,,,185,86,
,,,,,,185,90,
,,,,,,185,93,
,,,,,,185,96,
,,,,,,185,97,
,,,,,,185,103,
,,,,,,185,106,
,,,,,,185,107,
,,,,,,185,109,
,,,,,,185,110,
,,,,,,185,111,
,,,,,,185,112,
,,,,,,185,115,
,,,,,,185,116,
,,,,,,185,119,
,,,,,,185,122,
,,,,,,185,123,
,,,,,,185,129,
,,,,,,185,134,
,,,,,,185,137,
,,,,,,185,156,
,,,,,,185,167,
,,,,,,185,175,
,,,,,,185,179,
,,,,,,185,182,
,,,,,,185,183,
,,,,,,186,52,
,,,,,,186,67,
,,,,,,186,96,
,,,,,,186,102,
,,,,,,186,106,
,,,,,,186,107,
,,,,,,186,113,
,,,,,,186,116,
,,,,,,186,119,
,,,,,,186,120,
,,,,,,186,137,
,,,,,,187,52,
,,,,,,187,75,
,,,,,,187,76,
,,,,,,187,77,
,,,,,,187,78,
,,,,,,187,81,
,,,,,,187,82,
,,,,,,187,86,
,,,,,,187,89,
,,,,,,187,90,
,,,,,,187,93,
,,,,,,187,96,
,,,,,,187,97,
,,,,,,187,103,
,,,,,,187,106,
,,,,,,187,107,
,,,,,,187,109,
,,,,,,187,110,
,,,,,,187,111,
,,,,,,187,112,
,,,,,,187,115,
,,,,,,187,116,
,,,,,,187,119,
,,,,,,187,122,
,,,,,,187,123,
,,,,,,187,129,
,,,,,,187,134,
,,,,,,187,137,
,,,,,,187,156,
,,,,,,187,158,
,,,,,,187,167,
,,,,,,187,175,
,,,,,,187,178,
,,,,,,187,179,
,,,,,,187,181,
,,,,,,187,182,
,,,,,,187,183,
,,,,,,187,185,
,,,,,,188,62,
,,,,,,188,65,
,,,,,,188,81,
,,,,,,189,47,
,,,,,,190,56,
,,,,,,191,62,
,,,,,,191,65,
,,,,,,191,77,
,,,,,,191,86,
,,,,,,191,93,
,,,,,,191,94,
,,,,,,191,97,
,,,,,,191,98,
,,,,,,191,101,
,,,,,,191,104,
,,,,,,191,106,
,,,,,,191,107,
,,,,,,191,108,
,,,,,,191,109,
,,,,,,191,110,
,,,,,,191,111,
,,,,,,191,116,
,,,,,,191,118,
,,,,,,191,122,
,,,,,,191,124,
,,,,,,191,125,
,,,,,,191,127,
,,,,,,191,129,
,,,,,,191,131,
,,,,,,191,132,
,,,,,,191,133,
,,,,,,192,46,
,,,,,,192,47,
,,,,,,192,83,
,,,,,,192,84,
,,,,,,192,85,
,,,,,,192,88,
,,,,,,192,91,
,,,,,,193,46,
,,,,,,193,47,
,,,,,,193,83,
,,,,,,193,84,
,,,,,,193,85,
,,,,,,193,88,
,,,,,,193,91,
,,,,,,194,46,
,,,,,,194,47,
,,,,,,194,62,
,,,,,,194,65,
,,,,,,194,83,
,,,,,,194,84,
,,,,,,194,85,
,,,,,,194,88,
,,,,,,194,91,
,,,,,,195,62,
,,,,,,195,65,
,,,,,,195,75,
,,,,,,195,76,
,,,,,,195,77,
,,,,,,195,78,
,,,,,,195,82,
,,,,,,195,83,
,,,,,,195,84,
,,,,,,195,86,
,,,,,,195,90,
,,,,,,195,91,
,,,,,,196,62,
,,,,,,196,65,
,,,,,,196,75,
,,,,,,196,77,
,,,,,,196,83,
,,,,,,196,84,
,,,,,,196,91,
,,,,,,197,62,
,,,,,,197,65,
,,,,,,197,71,
,,,,,,197,72,
,,,,,,197,83,
,,,,,,197,84,
,,,,,,197,85,
,,,,,,197,88,
,,,,,,197,91,
,,,,,,198,62,
,,,,,,198,65,
,,,,,,198,69,
,,,,,,198,70,
,,,,,,198,83,
,,,,,,198,84,
,,,,,,198,85,
,,,,,,198,88,
,,,,,,198,91,
,,,,,,199,62,
,,,,,,199,65,
,,,,,,199,75,
,,,,,,199,76,
,,,,,,199,77,
,,,,,,199,78,
,,,,,,199,81,
,,,,,,199,82,
,,,,,,199,90,
,,,,,,200,69,
,,,,,,201,72,
,,,,,,202,73,
,,,,,,203,27,
,,,,,,204,46,
,,,,,,204,47,
,,,,,,205,72,
,,,,,,206,75,
,,,,,,206,78,
,,,,,,207,72,
,,,,,,207,94,
,,,,,,207,96,
,,,,,,207,97,
,,,,,,207,99,
,,,,,,207,102,
,,,,,,207,103,
,,,,,,207,106,
,,,,,,207,108,
,,,,,,207,115,
,,,,,,207,119,
,,,,,,207,123,
,,,,,,207,125,
,,,,,,207,126,
,,,,,,207,129,
,,,,,,207,131,
,,,,,,207,132,
,,,,,,207,134,
,,,,,,207,136,
,,,,,,207,137,
,,,,,,208,73,
,,,,,,208,94,
,,,,,,208,96,
,,,,,,208,97,
,,,,,,208,99,
,,,,,,208,102,
,,,,,,208,106,
,,,,,,208,108,
,,,,,,208,115,
,,,,,,208,119,
,,,,,,208,125,
,,,,,,208,126,
,,,,,,208,129,
,,,,,,208,131,
,,,,,,208,132,
,,,,,,208,136,
,,,,,,208,137,
,,,,,,209,76,
,,,,,,209,77,
,,,,,,209,78,
,,,,,,209,82,
,,,,,,209,93,
,,,,,,209,94,
,,,,,,209,96,
,,,,,,209,97,
,,,,,,209,98,
,,,,,,209,101,
,,,,,,209,104,
,,,,,,209,106,
,,,,,,209,107,
,,,,,,209,108,
,,,,,,209,109,
,,,,,,209,110,
,,,,,,209,111,
,,,,,,209,112,
,,,,,,209,115,
,,,,,,209,116,
,,,,,,209,118,
,,,,,,209,119,
,,,,,,209,122,
,,,,,,209,124,
,,,,,,209,125,
,,,,,,209,127,
,,,,,,209,129,
,,,,,,209,131,
,,,,,,209,132,
,,,,,,209,133,
,,,,,,209,137,
,,,,,,210,41,
,,,,,,210,46,
,,,,,,210,47,
,,,,,,211,62,
,,,,,,211,65,
,,,,,,211,72,
,,,,,,212,62,
,,,,,,212,65,
,,,,,,212,70,
,,,,,,213,71,
,,,,,,214,71,
,,,,,,,,
,,,,,,,,
,,,,,,,,
,,,,,,,,
,,,,,,,,
,,,,,,,,
,,,,,,,,
,,,,,,,,
,,,,,,,,
,,,,,,,,
,,,,,,,,
,,,,,,,,
,,,,,,,,
,,,,,,,,
,,,,,,,,
,,,,,,,,
,,,,,,,,
,,,,,,,,
,,,,,,,,
,,,,,,,,
,,,,,,,,
,,,,,,,,
,,,,,,,,
,,,,,,,,
,,,,,,,,
,,,,,,,,
,,,,,,,,
,,,,,,,,
,,,,,,,,
,,,,,,,,
,,,,,,,,
,,,,,,,,
,,,,,,,,
,,,,,,,,
,,,,,,,,
,,,,,,,,
,,,,,,,,
,,,,,,,,
,,,,,,,,
,,,,,,,,
,,,,,,,,
,,,,,,,,
,,,,,,,,
,,,,,,,,
,,,,,,,,
,,,,,,,,
,,,,,,,,
,,,,,,,,
,,,,,,,,
,,,,,,,,
,,,,,,,,
,,,,,,,,
,,,,,,,,
,,,,,,,,
,,,,,,,,
,,,,,,,,
,,,,,,,,
,,,,,,,,
,,,,,,,,
,,,,,,,,
,,,,,,,,
,,,,,,,,
,,,,,,,,
,,,,,,,,
,,,,,,,,
,,,,,,,,
,,,,,,,,
,,,,,,,,
,,,,,,,,
,,,,,,,,
,,,,,,,,
,,,,,,,,
,,,,,,,,
,,,,,,,,
,,,,,,,,
,,,,,,,,
,,,,,,,,
,,,,,,,,
,,,,,,,,
,,,,,,,,
,,,,,,,,
,,,,,,,,
,,,,,,,,
,,,,,,,,
,,,,,,,,
,,,,,,,,
,,,,,,,,
,,,,,,,,
,,,,,,,,
,,,,,,,,
,,,,,,,,
,,,,,,,,
,,,,,,,,
,,,,,,,,
,,,,,,,,
,,,,,,,,
,,,,,,,,
,,,,,,,,
,,,,,,,,
,,,,,,,,
,,,,,,,,
,,,,,,,,
,,,,,,,,
,,,,,,,,
,,,,,,,,
,,,,,,,,
,,,,,,,,
,,,,,,,,
,,,,,,,,
,,,,,,,,
,,,,,,,,
,,,,,,,,
,,,,,,,,
,,,,,,,,
,,,,,,,,
,,,,,,,,
,,,,,,,,
,,,,,,,,
,,,,,,,,
,,,,,,,,
,,,,,,,,
,,,,,,,,
,,,,,,,,
,,,,,,,,
,,,,,,,,
,,,,,,,,
,,,,,,,,
,,,,,,,,
,,,,,,,,
,,,,,,,,
,,,,,,,,
,,,,,,,,
,,,,,,,,
,,,,,,,,
,,,,,,,,
,,,,,,,,
,,,,,,,,
,,,,,,,,
,,,,,,,,
,,,,,,,,
,,,,,,,,
,,,,,,,,
,,,,,,,,
,,,,,,,,
,,,,,,,,
,,,,,,,,
,,,,,,,,
,,,,,,,,
,,,,,,,,
,,,,,,,,
,,,,,,,,
,,,,,,,,
,,,,,,,,
,,,,,,,,
,,,,,,,,
,,,,,,,,
,,,,,,,,
,,,,,,,,
,,,,,,,,
,,,,,,,,
,,,,,,,,
,,,,,,,,
,,,,,,,,
,,,,,,,,
,,,,,,,,
,,,,,,,,
,,,,,,,,
,,,,,,,,
,,,,,,,,
,,,,,,,,
,,,,,,,,
,,,,,,,,
,,,,,,,,
,,,,,,,,
,,,,,,,,
,,,,,,,,
,,,,,,,,
,,,,,,,,
,,,,,,,,
,,,,,,,,
,,,,,,,,
,,,,,,,,
,,,,,,,,
,,,,,,,,
,,,,,,,,