"","Carpinteria.interaction.type","Carpinteria.con.taxonomy","Carpinteria.con.taxonomy.level","Carpinteria.con.common","Carpinteria.con.lifestage","Carpinteria.res.taxonomy","Carpinteria.res.taxonomy.level","Carpinteria.res.common","Carpinteria.res.lifestage","Carpinteria.con_taxon_id","Carpinteria.res_taxon_id"
"1","predacious","Limosa fedoa","species","Marbled Godwit","adults","Carinoma mutabilis","species","Carinoma mutabilis","adults",55,25
"2","predacious","Recurvirostra americana","species","American Avocet","adults","Carinoma mutabilis","species","Carinoma mutabilis","adults",85,25
"3","predacious","Recurvirostra americana","species","American Avocet","adults","Culex tarsalis","species","Western Encephalitis Mosquito","larvae",85,38
"4","predacious","Catoptrophorus semipalmatus","species","Willet","adults","Carinoma mutabilis","species","Carinoma mutabilis","adults",26,25
"5","predacious","Limosa fedoa","species","Marbled Godwit","adults","Capitella capitata","species","Capitella capitata","adults",55,23
"6","predacious","Catoptrophorus semipalmatus","species","Willet","adults","Culex tarsalis","species","Western Encephalitis Mosquito","larvae",26,38
"7","predacious","Recurvirostra americana","species","American Avocet","adults","Aedes taeniorhynchus","species","Black Salt Marsh Mosquito","larvae",85,7
"8","predacious","Pluvialis squatarola","species","Black-bellied Plover","adults","Carinoma mutabilis","species","Carinoma mutabilis","adults",77,25
"9","predacious","Limosa fedoa","species","Marbled Godwit","adults","Polydora nuchalis","species","Polydora nuchalis","adults",55,95
"10","predacious","Catoptrophorus semipalmatus","species","Willet","adults","Aedes taeniorhynchus","species","Black Salt Marsh Mosquito","larvae",26,7
"11","predacious","Recurvirostra americana","species","American Avocet","adults","Capitella capitata","species","Capitella capitata","adults",85,23
"12","predacious","Limosa fedoa","species","Marbled Godwit","adults","Traskorchestia traskiana","species","Salt Marsh Hopper","adults",55,113
"13","predacious","Recurvirostra americana","species","American Avocet","adults","Polydora nuchalis","species","Polydora nuchalis","adults",85,95
"14","predacious","Catoptrophorus semipalmatus","species","Willet","adults","Capitella capitata","species","Capitella capitata","adults",26,23
"15","predacious","Tringa melanoleuca","species","Greater Yellowlegs","adults","Carinoma mutabilis","species","Carinoma mutabilis","adults",98,25
"16","predacious","Recurvirostra americana","species","American Avocet","adults","Trichocorixia sp.","genus","Salt Marsh Water Boatman","adults",85,114
"17","predacious","Catoptrophorus semipalmatus","species","Willet","adults","Polydora nuchalis","species","Polydora nuchalis","adults",26,95
"18","predacious","Pluvialis squatarola","species","Black-bellied Plover","adults","Capitella capitata","species","Capitella capitata","adults",77,23
"19","predacious","Tringa melanoleuca","species","Greater Yellowlegs","adults","Culex tarsalis","species","Western Encephalitis Mosquito","larvae",98,38
"20","predacious","Catoptrophorus semipalmatus","species","Willet","adults","Traskorchestia traskiana","species","Salt Marsh Hopper","adults",26,113
"21","predacious","Pluvialis squatarola","species","Black-bellied Plover","adults","Polydora nuchalis","species","Polydora nuchalis","adults",77,95
"22","predacious","Tringa melanoleuca","species","Greater Yellowlegs","adults","Aedes taeniorhynchus","species","Black Salt Marsh Mosquito","larvae",98,7
"23","predacious","Pluvialis squatarola","species","Black-bellied Plover","adults","Traskorchestia traskiana","species","Salt Marsh Hopper","adults",77,113
"24","predacious","Polydora nuchalis","species","Polydora nuchalis","adults","Pygidiopsoides spindalis","species","Pygidiopsoides spindalis","cercaria",80,100
"25","predacious","Tringa melanoleuca","species","Greater Yellowlegs","adults","Capitella capitata","species","Capitella capitata","adults",98,23
"26","predacious","Bucephala albeola","species","Bufflehead","adults","Acteocina inculta","species","Acteocina inculta","adults",18,4
"27","predacious","Limnodromus scilopaceus","species","Long-billed Dowitcher","adults","Carinoma mutabilis","species","Carinoma mutabilis","adults",54,25
"28","predacious","Limnodromus scilopaceus","species","Long-billed Dowitcher","adults","Assiminea californica","species","California Assiminea","adults",54,15
"29","predacious","Tringa melanoleuca","species","Greater Yellowlegs","adults","Polydora nuchalis","species","Polydora nuchalis","adults",98,95
"30","predacious","Limnodromus scilopaceus","species","Long-billed Dowitcher","adults","Capitella capitata","species","Capitella capitata","adults",54,23
"31","predacious","Polydora nuchalis","species","Polydora nuchalis","adults","Renicola cerithidicola","species","Renicola cerithidicola","cercaria",80,103
"32","predacious","Limnodromus scilopaceus","species","Long-billed Dowitcher","adults","Polydora nuchalis","species","Polydora nuchalis","adults",54,95
"33","predacious","Polydora nuchalis","species","Polydora nuchalis","adults","Maritrema sp.","genus","Maritrema sp.","cercaria",80,69
"34","predacious","Calidris alpina","species","Dunlin","adults","Carinoma mutabilis","species","Carinoma mutabilis","adults",20,25
"35","predacious","Charadrius vociferus","species","Killdeer","adults","Traskorchestia traskiana","species","Salt Marsh Hopper","adults",29,113
"36","predacious","Actitis macularia","species","Spotted Sandpiper","adults","Carinoma mutabilis","species","Carinoma mutabilis","adults",4,25
"37","predacious","Polydora nuchalis","species","Polydora nuchalis","adults","Probolocoryphe species A","genus","Probolocoryphe species A","cercaria",80,97
"38","predacious","Calidris alpina","species","Dunlin","adults","Capitella capitata","species","Capitella capitata","adults",20,23
"39","predacious","Calidris alpina","species","Dunlin","adults","Polydora nuchalis","species","Polydora nuchalis","adults",20,95
"40","predacious","Actitis macularia","species","Spotted Sandpiper","adults","Capitella capitata","species","Capitella capitata","adults",4,23
"41","predacious","Calidris alpina","species","Dunlin","adults","Traskorchestia traskiana","species","Salt Marsh Hopper","adults",20,113
"42","predacious","Limnodromus scilopaceus","species","Long-billed Dowitcher","adults","Acteocina inculta","species","Acteocina inculta","adults",54,4
"43","predacious","Actitis macularia","species","Spotted Sandpiper","adults","Polydora nuchalis","species","Polydora nuchalis","adults",4,95
"44","predacious","Calidris mauri","species","Western Sandpiper","adults","Carinoma mutabilis","species","Carinoma mutabilis","adults",21,25
"45","predacious","Polydora nuchalis","species","Polydora nuchalis","adults","Phocitremoides ovale","species","Phocitremoides ovale","cercaria",80,89
"46","predacious","Calidris minutilla","species","Least Sandpiper","adults","Carinoma mutabilis","species","Carinoma mutabilis","adults",22,25
"47","predacious","Polydora nuchalis","species","Polydora nuchalis","adults","Austrobilharzia sp.","genus","Austrobilharzia sp.","cercaria",80,17
"48","predacious","Calidris mauri","species","Western Sandpiper","adults","Capitella capitata","species","Capitella capitata","adults",21,23
"49","predacious","Polydora nuchalis","species","Polydora nuchalis","adults","Euhaplorchis californiensis","species","Euhaplorchis californiensis","cercaria",80,46
"50","predacious","Calidris mauri","species","Western Sandpiper","adults","Polydora nuchalis","species","Polydora nuchalis","adults",21,95
"51","predacious","Calidris minutilla","species","Least Sandpiper","adults","Capitella capitata","species","Capitella capitata","adults",22,23
"52","predacious","Ardea herodius","species","Great Blue Heron","adults","Clevelandia ios","species","Arrow Goby","adults",13,33
"53","predacious","Phalacrocorax penicillatus","species","Double-crested Cormorant","adults","Clevelandia ios","species","Arrow Goby","adults",73,33
"54","predacious","Calidris minutilla","species","Least Sandpiper","adults","Polydora nuchalis","species","Polydora nuchalis","adults",22,95
"55","predacious","Catoptrophorus semipalmatus","species","Willet","adults","Ephydra","genus","Ephydra","larvae",26,45
"56","predacious","Actitis macularia","species","Spotted Sandpiper","adults","Acteocina inculta","species","Acteocina inculta","adults",4,4
"57","predacious","Calidris minutilla","species","Least Sandpiper","adults","Traskorchestia traskiana","species","Salt Marsh Hopper","adults",22,113
"58","predacious","Gillichthys mirabilis","species","Long-jawed Mudsucker","adults","Traskorchestia traskiana","species","Salt Marsh Hopper","adults",41,113
"59","predacious","Gillichthys mirabilis","species","Long-jawed Mudsucker","adults","Trichocorixia sp.","genus","Salt Marsh Water Boatman","adults",41,114
"60","predacious","Polydora nuchalis","species","Polydora nuchalis","adults","Mesostephanus appendiculatus","species","Mesostephanus appendiculatus","cercaria",80,73
"61","predacious","Polydora nuchalis","species","Polydora nuchalis","adults","Stictodora hancocki","species","Stictodora hancocki","cercaria",80,109
"62","predacious","Procyon locator","species","Raccoon","adults","Hemigrapsus oregonensis","species","Green Shore Crab","adults",82,53
"63","predacious","Ardea herodius","species","Great Blue Heron","adults","Fundulus parvipinnis","species","California Killifish","adults",13,49
"64","predacious","Phalacrocorax penicillatus","species","Double-crested Cormorant","adults","Fundulus parvipinnis","species","California Killifish","adults",73,49
"65","predacious","Pachygrapsus crassipes","species","Striped Shore Crab","adults","Carinoma mutabilis","species","Carinoma mutabilis","adults",68,25
"66","predacious","Triakis semifasciata","species","Leopard Shark","adults","Clevelandia ios","species","Arrow Goby","adults",96,33
"67","predacious","Aechmophorus occidentalis","species","Western Grebe","adults","Clevelandia ios","species","Arrow Goby","adults",5,33
"68","predacious","Calidris mauri","species","Western Sandpiper","adults","Acteocina inculta","species","Acteocina inculta","adults",21,4
"69","predacious","Procyon locator","species","Raccoon","adults","Uca crenulata","species","Fiddler Crab","adults",82,117
"70","predacious","Mergus serrator","species","Red-breasted Merganser","adults","Clevelandia ios","species","Arrow Goby","adults",60,33
"71","predacious","Pachygrapsus crassipes","species","Striped Shore Crab","adults","Capitella capitata","species","Capitella capitata","adults",68,23
"72","predacious","Triakis semifasciata","species","Leopard Shark","adults","Fundulus parvipinnis","species","California Killifish","adults",96,49
"73","predacious","Aechmophorus occidentalis","species","Western Grebe","adults","Fundulus parvipinnis","species","California Killifish","adults",5,49
"74","predacious","Egretta alba","species","Great Egret","adults","Clevelandia ios","species","Arrow Goby","adults",35,33
"75","predacious","Nycticorax nycticorax","species","Black-crowned Night Heron","adults","Clevelandia ios","species","Arrow Goby","adults",65,33
"76","predacious","Pachygrapsus crassipes","species","Striped Shore Crab","adults","Polydora nuchalis","species","Polydora nuchalis","adults",68,95
"77","predacious","Polydora nuchalis","species","Polydora nuchalis","adults","Renicola buchanani","species","Renicola buchanani","cercaria",80,102
"78","predacious","Limnodromus scilopaceus","species","Long-billed Dowitcher","adults","Ephydra","genus","Ephydra","larvae",54,45
"79","predacious","Procyon locator","species","Raccoon","adults","Atherinops affinis","species","Topsmelt","adults",82,16
"80","predacious","Numenius americanus","species","Long-billed Curlew","adults","Clevelandia ios","species","Arrow Goby","adults",62,33
"81","predacious","Numenius americanus","species","Long-billed Curlew","adults","Cryptomya californica","species","California Softshell Clam","adults",62,37
"82","predacious","Mergus serrator","species","Red-breasted Merganser","adults","Fundulus parvipinnis","species","California Killifish","adults",60,49
"83","predacious","Sterna caspia","species","Caspian Tern","adults","Clevelandia ios","species","Arrow Goby","adults",91,33
"84","predacious","Numenius phaeopus","species","Whimbrel","adults","Melampus olivaceus","species","Salt Marsh Snail","adults",63,70
"85","predacious","Limosa fedoa","species","Marbled Godwit","adults","Melampus olivaceus","species","Salt Marsh Snail","adults",55,70
"86","predacious","Egretta alba","species","Great Egret","adults","Fundulus parvipinnis","species","California Killifish","adults",35,49
"87","predacious","Nycticorax nycticorax","species","Black-crowned Night Heron","adults","Fundulus parvipinnis","species","California Killifish","adults",65,49
"88","predacious","Larus californicus","species","California Gull","adults","Fundulus parvipinnis","species","California Killifish","adults",49,49
"89","predacious","Urolophus halleri","species","Haller's Round Ray","adults","Clevelandia ios","species","Arrow Goby","adults",100,33
"90","predacious","Sterna caspia","species","Caspian Tern","adults","Fundulus parvipinnis","species","California Killifish","adults",91,49
"91","predacious","Podilymbus podiceps","species","Pied-billed Grebe","adults","Clevelandia ios","species","Arrow Goby","adults",78,33
"92","predacious","Polydora nuchalis","species","Polydora nuchalis","adults","Catatropis johnstoni","species","Catatropis johnstoni","cercaria",80,26
"93","predacious","Pachygrapsus crassipes","species","Striped Shore Crab","adults","Acteocina inculta","species","Acteocina inculta","adults",68,4
"94","predacious","Triakis semifasciata","species","Leopard Shark","adults","Hemigrapsus oregonensis","species","Green Shore Crab","adults",96,53
"95","predacious","Egretta thula","species","Snowy Egret","adults","Clevelandia ios","species","Arrow Goby","adults",37,33
"96","predacious","Limosa fedoa","species","Marbled Godwit","adults","Clevelandia ios","species","Arrow Goby","adults",55,33
"97","predacious","Egretta caerulea","species","Little Blue Heron","adults","Clevelandia ios","species","Arrow Goby","adults",36,33
"98","predacious","Ardea herodius","species","Great Blue Heron","adults","Atherinops affinis","species","Topsmelt","adults",13,16
"99","predacious","Recurvirostra americana","species","American Avocet","adults","Clevelandia ios","species","Arrow Goby","adults",85,33
"100","predacious","Phalacrocorax penicillatus","species","Double-crested Cormorant","adults","Atherinops affinis","species","Topsmelt","adults",73,16
"101","predacious","Podilymbus podiceps","species","Pied-billed Grebe","adults","Fundulus parvipinnis","species","California Killifish","adults",78,49
"102","predacious","Melanitta perspicillata","species","Surf Scoter","adults","Hemigrapsus oregonensis","species","Green Shore Crab","adults",59,53
"103","predacious","Catoptrophorus semipalmatus","species","Willet","adults","Clevelandia ios","species","Arrow Goby","adults",26,33
"104","predacious","Melanitta perspicillata","species","Surf Scoter","adults","Cerithidea californica","species","California Horn Snail","adults",59,29
"105","predacious","Catoptrophorus semipalmatus","species","Willet","adults","Cryptomya californica","species","California Softshell Clam","adults",26,37
"106","predacious","Nycticorax nycticorax","species","Black-crowned Night Heron","adults","Hemigrapsus oregonensis","species","Green Shore Crab","adults",65,53
"107","predacious","Egretta thula","species","Snowy Egret","adults","Fundulus parvipinnis","species","California Killifish","adults",37,49
"108","predacious","Procyon locator","species","Raccoon","adults","Pachygrapsus crassipes","species","Striped Shore Crab","adults",82,83
"109","predacious","Butorides virescens","species","Green Heron","adults","Clevelandia ios","species","Arrow Goby","adults",19,33
"110","predacious","Triakis semifasciata","species","Leopard Shark","adults","Uca crenulata","species","Fiddler Crab","adults",96,117
"111","predacious","Egretta caerulea","species","Little Blue Heron","adults","Fundulus parvipinnis","species","California Killifish","adults",36,49
"112","predacious","Pluvialis squatarola","species","Black-bellied Plover","adults","Clevelandia ios","species","Arrow Goby","adults",77,33
"113","predacious","Ardea herodius","species","Great Blue Heron","adults","Cymatogaster aggregata","species","Shiner Surfperch","adults",13,40
"114","predacious","Numenius americanus","species","Long-billed Curlew","adults","Hemigrapsus oregonensis","species","Green Shore Crab","adults",62,53
"115","predacious","Pluvialis squatarola","species","Black-bellied Plover","adults","Cryptomya californica","species","California Softshell Clam","adults",77,37
"116","predacious","Larus californicus","species","California Gull","adults","Hemigrapsus oregonensis","species","Green Shore Crab","adults",49,53
"117","predacious","Phalacrocorax penicillatus","species","Double-crested Cormorant","adults","Cymatogaster aggregata","species","Shiner Surfperch","adults",73,40
"118","predacious","Hemigrapsus oregonensis","species","Green Shore Crab","adults","Carinoma mutabilis","species","Carinoma mutabilis","adults",44,25
"119","predacious","Recurvirostra americana","species","American Avocet","adults","Fundulus parvipinnis","species","California Killifish","adults",85,49
"120","predacious","Melanitta perspicillata","species","Surf Scoter","adults","Uca crenulata","species","Fiddler Crab","adults",59,117
"121","predacious","Triakis semifasciata","species","Leopard Shark","adults","Atherinops affinis","species","Topsmelt","adults",96,16
"122","predacious","Aechmophorus occidentalis","species","Western Grebe","adults","Atherinops affinis","species","Topsmelt","adults",5,16
"123","predacious","Limnodromus scilopaceus","species","Long-billed Dowitcher","adults","Melampus olivaceus","species","Salt Marsh Snail","adults",54,70
"124","predacious","Tringa melanoleuca","species","Greater Yellowlegs","adults","Clevelandia ios","species","Arrow Goby","adults",98,33
"125","predacious","Butorides virescens","species","Green Heron","adults","Fundulus parvipinnis","species","California Killifish","adults",19,49
"126","predacious","Nycticorax nycticorax","species","Black-crowned Night Heron","adults","Uca crenulata","species","Fiddler Crab","adults",65,117
"127","predacious","Calidris minutilla","species","Least Sandpiper","adults","Ephydra","genus","Ephydra","larvae",22,45
"128","predacious","Larus delawarensis","species","Ring-billed Gull","adults","Hemigrapsus oregonensis","species","Green Shore Crab","adults",51,53
"129","predacious","Gillichthys mirabilis","species","Long-jawed Mudsucker","adults","Ephydra","genus","Ephydra","larvae",41,45
"130","predacious","Larus canus","species","Mew Gull","adults","Hemigrapsus oregonensis","species","Green Shore Crab","adults",50,53
"131","predacious","Numenius americanus","species","Long-billed Curlew","adults","Uca crenulata","species","Fiddler Crab","adults",62,117
"132","predacious","Hemigrapsus oregonensis","species","Green Shore Crab","adults","Capitella capitata","species","Capitella capitata","adults",44,23
"133","predacious","Mergus serrator","species","Red-breasted Merganser","adults","Atherinops affinis","species","Topsmelt","adults",60,16
"134","predacious","Urolophus halleri","species","Haller's Round Ray","adults","Hemigrapsus oregonensis","species","Green Shore Crab","adults",100,53
"135","predacious","Hemigrapsus oregonensis","species","Green Shore Crab","adults","Polydora nuchalis","species","Polydora nuchalis","adults",44,95
"136","predacious","Triakis semifasciata","species","Leopard Shark","adults","Cymatogaster aggregata","species","Shiner Surfperch","adults",96,40
"137","predacious","Aechmophorus occidentalis","species","Western Grebe","adults","Cymatogaster aggregata","species","Shiner Surfperch","adults",5,40
"138","predacious","Podilymbus podiceps","species","Pied-billed Grebe","adults","Hemigrapsus oregonensis","species","Green Shore Crab","adults",78,53
"139","predacious","Numenius phaeopus","species","Whimbrel","adults","Hemigrapsus oregonensis","species","Green Shore Crab","adults",63,53
"140","predacious","Bucephala albeola","species","Bufflehead","adults","Hemigrapsus oregonensis","species","Green Shore Crab","adults",18,53
"141","predacious","Corvus brachyrhynchos","species","American Crow","adults","Hemigrapsus oregonensis","species","Green Shore Crab","adults",32,53
"142","predacious","Egretta alba","species","Great Egret","adults","Atherinops affinis","species","Topsmelt","adults",35,16
"143","predacious","Nycticorax nycticorax","species","Black-crowned Night Heron","adults","Atherinops affinis","species","Topsmelt","adults",65,16
"144","predacious","Bucephala albeola","species","Bufflehead","adults","Cerithidea californica","species","California Horn Snail","adults",18,29
"145","predacious","Egretta thula","species","Snowy Egret","adults","Hemigrapsus oregonensis","species","Green Shore Crab","adults",37,53
"146","predacious","Limosa fedoa","species","Marbled Godwit","adults","Hemigrapsus oregonensis","species","Green Shore Crab","adults",55,53
"147","predacious","Limnodromus scilopaceus","species","Long-billed Dowitcher","adults","Clevelandia ios","species","Arrow Goby","adults",54,33
"148","predacious","Ceryle alcyon","species","Belted Kingfisher","adults","Fundulus parvipinnis","species","California Killifish","adults",27,49
"149","predacious","Egretta caerulea","species","Little Blue Heron","adults","Hemigrapsus oregonensis","species","Green Shore Crab","adults",36,53
"150","predacious","Larus californicus","species","California Gull","adults","Atherinops affinis","species","Topsmelt","adults",49,16
"151","predacious","Mergus serrator","species","Red-breasted Merganser","adults","Cymatogaster aggregata","species","Shiner Surfperch","adults",60,40
"152","predacious","Triakis semifasciata","species","Leopard Shark","adults","Neotrypaea californiensis","species","Calfornia Ghost Shrimp","adults",96,76
"153","predacious","Fundulus parvipinnis","species","California Killifish","adults","Carinoma mutabilis","species","Carinoma mutabilis","adults",40,25
"154","predacious","Sterna caspia","species","Caspian Tern","adults","Atherinops affinis","species","Topsmelt","adults",91,16
"155","predacious","Urolophus halleri","species","Haller's Round Ray","adults","Uca crenulata","species","Fiddler Crab","adults",100,117
"156","predacious","Recurvirostra americana","species","American Avocet","adults","Cerithidea californica","species","California Horn Snail","adults",85,29
"157","predacious","Fundulus parvipinnis","species","California Killifish","adults","Assiminea californica","species","California Assiminea","adults",40,15
"158","predacious","Egretta alba","species","Great Egret","adults","Cymatogaster aggregata","species","Shiner Surfperch","adults",35,40
"159","predacious","Nycticorax nycticorax","species","Black-crowned Night Heron","adults","Cymatogaster aggregata","species","Shiner Surfperch","adults",65,40
"160","predacious","Fundulus parvipinnis","species","California Killifish","adults","Culex tarsalis","species","Western Encephalitis Mosquito","larvae",40,38
"161","predacious","Catoptrophorus semipalmatus","species","Willet","adults","Hemigrapsus oregonensis","species","Green Shore Crab","adults",26,53
"162","predacious","Podilymbus podiceps","species","Pied-billed Grebe","adults","Uca crenulata","species","Fiddler Crab","adults",78,117
"163","predacious","Catoptrophorus semipalmatus","species","Willet","adults","Cerithidea californica","species","California Horn Snail","adults",26,29
"164","predacious","Numenius phaeopus","species","Whimbrel","adults","Uca crenulata","species","Fiddler Crab","adults",63,117
"165","predacious","Bucephala albeola","species","Bufflehead","adults","Uca crenulata","species","Fiddler Crab","adults",18,117
"166","predacious","Limnodromus scilopaceus","species","Long-billed Dowitcher","adults","Fundulus parvipinnis","species","California Killifish","adults",54,49
"167","predacious","Fundulus parvipinnis","species","California Killifish","adults","Aedes taeniorhynchus","species","Black Salt Marsh Mosquito","larvae",40,7
"168","predacious","Triakis semifasciata","species","Leopard Shark","adults","Tagelus affinis","species","Fat Jackknife Clam","adults",96,110
"169","predacious","Melanitta perspicillata","species","Surf Scoter","adults","Neotrypaea californiensis","species","Calfornia Ghost Shrimp","adults",59,76
"170","predacious","Larus delawarensis","species","Ring-billed Gull","adults","Atherinops affinis","species","Topsmelt","adults",51,16
"171","predacious","Triakis semifasciata","species","Leopard Shark","adults","Macoma nasuta","species","Bent-nosed Clam","adults",96,67
"172","predacious","Egretta thula","species","Snowy Egret","adults","Uca crenulata","species","Fiddler Crab","adults",37,117
"173","predacious","Limosa fedoa","species","Marbled Godwit","adults","Uca crenulata","species","Fiddler Crab","adults",55,117
"174","predacious","Pluvialis squatarola","species","Black-bellied Plover","adults","Hemigrapsus oregonensis","species","Green Shore Crab","adults",77,53
"175","predacious","Pluvialis squatarola","species","Black-bellied Plover","adults","Cerithidea californica","species","California Horn Snail","adults",77,29
"176","predacious","Larus canus","species","Mew Gull","adults","Atherinops affinis","species","Topsmelt","adults",50,16
"177","predacious","Pachygrapsus crassipes","species","Striped Shore Crab","adults","Ephydra","genus","Ephydra","larvae",68,45
"178","predacious","Egretta caerulea","species","Little Blue Heron","adults","Uca crenulata","species","Fiddler Crab","adults",36,117
"179","predacious","Larus philadelphia","species","Bonaparte's Gull","adults","Hemigrapsus oregonensis","species","Green Shore Crab","adults",52,53
"180","predacious","Sterna caspia","species","Caspian Tern","adults","Cymatogaster aggregata","species","Shiner Surfperch","adults",91,40
"181","predacious","Fundulus parvipinnis","species","California Killifish","adults","Capitella capitata","species","Capitella capitata","adults",40,23
"182","predacious","Triakis semifasciata","species","Leopard Shark","adults","Upogebia macginitieorum","species","Southern Mud Shrimp","adults",96,118
"183","predacious","Podilymbus podiceps","species","Pied-billed Grebe","adults","Atherinops affinis","species","Topsmelt","adults",78,16
"184","predacious","Numenius americanus","species","Long-billed Curlew","adults","Neotrypaea californiensis","species","Calfornia Ghost Shrimp","adults",62,76
"185","predacious","Hemigrapsus oregonensis","species","Green Shore Crab","adults","Acteocina inculta","species","Acteocina inculta","adults",44,4
"186","predacious","Triakis semifasciata","species","Leopard Shark","adults","Pachygrapsus crassipes","species","Striped Shore Crab","adults",96,83
"187","predacious","Fundulus parvipinnis","species","California Killifish","adults","Polydora nuchalis","species","Polydora nuchalis","adults",40,95
"188","predacious","Corvus brachyrhynchos","species","American Crow","adults","Atherinops affinis","species","Topsmelt","adults",32,16
"189","predacious","Catoptrophorus semipalmatus","species","Willet","adults","Uca crenulata","species","Fiddler Crab","adults",26,117
"190","predacious","Melanitta perspicillata","species","Surf Scoter","adults","Tagelus affinis","species","Fat Jackknife Clam","adults",59,110
"191","predacious","Melanitta perspicillata","species","Surf Scoter","adults","Macoma nasuta","species","Bent-nosed Clam","adults",59,67
"192","predacious","Egretta thula","species","Snowy Egret","adults","Atherinops affinis","species","Topsmelt","adults",37,16
"193","predacious","Fundulus parvipinnis","species","California Killifish","adults","Trichocorixia sp.","genus","Salt Marsh Water Boatman","adults",40,114
"194","predacious","Tringa melanoleuca","species","Greater Yellowlegs","adults","Cerithidea californica","species","California Horn Snail","adults",98,29
"195","predacious","Triakis semifasciata","species","Leopard Shark","adults","Tagelus subteres","species","Lesser Tagelus","adults",96,112
"196","predacious","Egretta caerulea","species","Little Blue Heron","adults","Atherinops affinis","species","Topsmelt","adults",36,16
"197","predacious","Actitis macularia","species","Spotted Sandpiper","adults","Cryptomya californica","species","California Softshell Clam","adults",4,37
"198","predacious","Ardea herodius","species","Great Blue Heron","adults","Gillichthys mirabilis","species","Long-jawed Mudsucker","adults",13,50
"199","predacious","Pluvialis squatarola","species","Black-bellied Plover","adults","Uca crenulata","species","Fiddler Crab","adults",77,117
"200","predacious","Phalacrocorax penicillatus","species","Double-crested Cormorant","adults","Gillichthys mirabilis","species","Long-jawed Mudsucker","adults",73,50
"201","predacious","Melanitta perspicillata","species","Surf Scoter","adults","Upogebia macginitieorum","species","Southern Mud Shrimp","adults",59,118
"202","predacious","Numenius americanus","species","Long-billed Curlew","adults","Tagelus affinis","species","Fat Jackknife Clam","adults",62,110
"203","predacious","Melanitta perspicillata","species","Surf Scoter","adults","Pachygrapsus crassipes","species","Striped Shore Crab","adults",59,83
"204","predacious","Podilymbus podiceps","species","Pied-billed Grebe","adults","Cymatogaster aggregata","species","Shiner Surfperch","adults",78,40
"205","predacious","Larus californicus","species","California Gull","adults","Tagelus affinis","species","Fat Jackknife Clam","adults",49,110
"206","predacious","Larus californicus","species","California Gull","adults","Macoma nasuta","species","Bent-nosed Clam","adults",49,67
"207","predacious","Nycticorax nycticorax","species","Black-crowned Night Heron","adults","Pachygrapsus crassipes","species","Striped Shore Crab","adults",65,83
"208","predacious","Paralichthys californicus","species","California Halibut","adults","Clevelandia ios","species","Arrow Goby","adults",69,33
"209","predacious","Calidris alpina","species","Dunlin","adults","Fundulus parvipinnis","species","California Killifish","adults",20,49
"210","predacious","Egretta thula","species","Snowy Egret","adults","Cymatogaster aggregata","species","Shiner Surfperch","adults",37,40
"211","predacious","Fulica americana","species","American Coot","adults","Macoma nasuta","species","Bent-nosed Clam","adults",39,67
"212","predacious","Urolophus halleri","species","Haller's Round Ray","adults","Neotrypaea californiensis","species","Calfornia Ghost Shrimp","adults",100,76
"213","predacious","Ardea herodius","species","Great Blue Heron","adults","Hypsopsetta guttulata","species","Diamond Turbot","adults",13,56
"214","predacious","Melanitta perspicillata","species","Surf Scoter","adults","Tagelus subteres","species","Lesser Tagelus","adults",59,112
"215","predacious","Clevelandia ios","species","Arrow Goby","adults","Trichocorixia sp.","genus","Salt Marsh Water Boatman","adults",30,114
"216","predacious","Butorides virescens","species","Green Heron","adults","Atherinops affinis","species","Topsmelt","adults",19,16
"217","predacious","Egretta caerulea","species","Little Blue Heron","adults","Cymatogaster aggregata","species","Shiner Surfperch","adults",36,40
"218","predacious","Numenius americanus","species","Long-billed Curlew","adults","Upogebia macginitieorum","species","Southern Mud Shrimp","adults",62,118
"219","predacious","Phalacrocorax penicillatus","species","Double-crested Cormorant","adults","Hypsopsetta guttulata","species","Diamond Turbot","adults",73,56
"220","predacious","Numenius americanus","species","Long-billed Curlew","adults","Pachygrapsus crassipes","species","Striped Shore Crab","adults",62,83
"221","predacious","Limnodromus scilopaceus","species","Long-billed Dowitcher","adults","Hemigrapsus oregonensis","species","Green Shore Crab","adults",54,53
"222","predacious","Ardea herodius","species","Great Blue Heron","adults","Acanthogobius flavimanus","species","Yellow-fin Goby","adults",13,1
"223","predacious","Larus californicus","species","California Gull","adults","Pachygrapsus crassipes","species","Striped Shore Crab","adults",49,83
"224","predacious","Limnodromus scilopaceus","species","Long-billed Dowitcher","adults","Cerithidea californica","species","California Horn Snail","adults",54,29
"225","predacious","Leptocottus armatus","species","Staghorn Sculpin","adults","Clevelandia ios","species","Arrow Goby","adults",53,33
"226","predacious","Ardea herodius","species","Great Blue Heron","adults","Leptocottus armatus","species","Staghorn Sculpin","adults",13,63
"227","predacious","Phalacrocorax penicillatus","species","Double-crested Cormorant","adults","Acanthogobius flavimanus","species","Yellow-fin Goby","adults",73,1
"228","predacious","Larus philadelphia","species","Bonaparte's Gull","adults","Atherinops affinis","species","Topsmelt","adults",52,16
"229","predacious","Acanthogobius flavimanus","species","Yellow-fin Goby","adults","Clevelandia ios","species","Arrow Goby","adults",1,33
"230","predacious","Larus delawarensis","species","Ring-billed Gull","adults","Tagelus affinis","species","Fat Jackknife Clam","adults",51,110
"231","predacious","Phalacrocorax penicillatus","species","Double-crested Cormorant","adults","Leptocottus armatus","species","Staghorn Sculpin","adults",73,63
"232","predacious","Larus delawarensis","species","Ring-billed Gull","adults","Macoma nasuta","species","Bent-nosed Clam","adults",51,67
"233","predacious","Numenius americanus","species","Long-billed Curlew","adults","Tagelus subteres","species","Lesser Tagelus","adults",62,112
"234","predacious","Larus californicus","species","California Gull","adults","Tagelus subteres","species","Lesser Tagelus","adults",49,112
"235","predacious","Larus canus","species","Mew Gull","adults","Tagelus affinis","species","Fat Jackknife Clam","adults",50,110
"236","predacious","Hypsopsetta guttulata","species","Diamond Turbot","adults","Clevelandia ios","species","Arrow Goby","adults",47,33
"237","predacious","Larus canus","species","Mew Gull","adults","Macoma nasuta","species","Bent-nosed Clam","adults",50,67
"238","predacious","Urolophus halleri","species","Haller's Round Ray","adults","Tagelus affinis","species","Fat Jackknife Clam","adults",100,110
"239","predacious","Urolophus halleri","species","Haller's Round Ray","adults","Macoma nasuta","species","Bent-nosed Clam","adults",100,67
"240","predacious","Triakis semifasciata","species","Leopard Shark","adults","Protothaca staminea","species","Pacific Littleneck Clam","adults",96,99
"241","predacious","Paralichthys californicus","species","California Halibut","adults","Fundulus parvipinnis","species","California Killifish","adults",69,49
"242","predacious","Fundulus parvipinnis","species","California Killifish","adults","Acteocina inculta","species","Acteocina inculta","adults",40,4
"243","predacious","Calidris mauri","species","Western Sandpiper","adults","Cryptomya californica","species","California Softshell Clam","adults",21,37
"244","predacious","Ardea herodius","species","Great Blue Heron","adults","Paralichthys californicus","species","California Halibut","adults",13,84
"245","predacious","Triakis semifasciata","species","Leopard Shark","adults","Gillichthys mirabilis","species","Long-jawed Mudsucker","adults",96,50
"246","predacious","Aechmophorus occidentalis","species","Western Grebe","adults","Gillichthys mirabilis","species","Long-jawed Mudsucker","adults",5,50
"247","predacious","Butorides virescens","species","Green Heron","adults","Cymatogaster aggregata","species","Shiner Surfperch","adults",19,40
"248","predacious","Triakis semifasciata","species","Leopard Shark","adults","Tagelus californianus","species","California Jackknife Clam","adults",96,111
"249","predacious","Phalacrocorax penicillatus","species","Double-crested Cormorant","adults","Paralichthys californicus","species","California Halibut","adults",73,84
"250","predacious","Procyon locator","species","Raccoon","adults","Charadrius vociferus","species","Killdeer","adults",82,32
"251","predacious","Larus delawarensis","species","Ring-billed Gull","adults","Pachygrapsus crassipes","species","Striped Shore Crab","adults",51,83
"252","predacious","Corvus brachyrhynchos","species","American Crow","adults","Tagelus affinis","species","Fat Jackknife Clam","adults",32,110
"253","predacious","Bucephala albeola","species","Bufflehead","adults","Macoma nasuta","species","Bent-nosed Clam","adults",18,67
"254","predacious","Corvus brachyrhynchos","species","American Crow","adults","Macoma nasuta","species","Bent-nosed Clam","adults",32,67
"255","predacious","Larus canus","species","Mew Gull","adults","Pachygrapsus crassipes","species","Striped Shore Crab","adults",50,83
"256","predacious","Gillichthys mirabilis","species","Long-jawed Mudsucker","adults","Clevelandia ios","species","Arrow Goby","adults",41,33
"257","predacious","Urolophus halleri","species","Haller's Round Ray","adults","Upogebia macginitieorum","species","Southern Mud Shrimp","adults",100,118
"258","predacious","Ceryle alcyon","species","Belted Kingfisher","adults","Atherinops affinis","species","Topsmelt","adults",27,16
"259","predacious","Catoptrophorus semipalmatus","species","Willet","adults","Neotrypaea californiensis","species","Calfornia Ghost Shrimp","adults",26,76
"260","predacious","Leptocottus armatus","species","Staghorn Sculpin","adults","Fundulus parvipinnis","species","California Killifish","adults",53,49
"261","predacious","Urolophus halleri","species","Haller's Round Ray","adults","Pachygrapsus crassipes","species","Striped Shore Crab","adults",100,83
"262","predacious","Limosa fedoa","species","Marbled Godwit","adults","Macoma nasuta","species","Bent-nosed Clam","adults",55,67
"263","predacious","Mergus serrator","species","Red-breasted Merganser","adults","Gillichthys mirabilis","species","Long-jawed Mudsucker","adults",60,50
"264","predacious","Triakis semifasciata","species","Leopard Shark","adults","Hypsopsetta guttulata","species","Diamond Turbot","adults",96,56
"265","predacious","Aechmophorus occidentalis","species","Western Grebe","adults","Hypsopsetta guttulata","species","Diamond Turbot","adults",5,56
"266","predacious","Larus delawarensis","species","Ring-billed Gull","adults","Tagelus subteres","species","Lesser Tagelus","adults",51,112
"267","predacious","Melanitta perspicillata","species","Surf Scoter","adults","Protothaca staminea","species","Pacific Littleneck Clam","adults",59,99
"268","predacious","Triakis semifasciata","species","Leopard Shark","adults","Macoma secta","species","White Sand Macoma","adults",96,68
"269","predacious","Podilymbus podiceps","species","Pied-billed Grebe","adults","Pachygrapsus crassipes","species","Striped Shore Crab","adults",78,83
"270","predacious","Larus canus","species","Mew Gull","adults","Tagelus subteres","species","Lesser Tagelus","adults",50,112
"271","predacious","Hypsopsetta guttulata","species","Diamond Turbot","adults","Fundulus parvipinnis","species","California Killifish","adults",47,49
"272","predacious","Aechmophorus occidentalis","species","Western Grebe","adults","Acanthogobius flavimanus","species","Yellow-fin Goby","adults",5,1
"273","predacious","Numenius phaeopus","species","Whimbrel","adults","Pachygrapsus crassipes","species","Striped Shore Crab","adults",63,83
"274","predacious","Bucephala albeola","species","Bufflehead","adults","Pachygrapsus crassipes","species","Striped Shore Crab","adults",18,83
"275","predacious","Corvus brachyrhynchos","species","American Crow","adults","Pachygrapsus crassipes","species","Striped Shore Crab","adults",32,83
"276","predacious","Urolophus halleri","species","Haller's Round Ray","adults","Tagelus subteres","species","Lesser Tagelus","adults",100,112
"277","predacious","Melanitta perspicillata","species","Surf Scoter","adults","Tagelus californianus","species","California Jackknife Clam","adults",59,111
"278","predacious","Triakis semifasciata","species","Leopard Shark","adults","Leptocottus armatus","species","Staghorn Sculpin","adults",96,63
"279","predacious","Aechmophorus occidentalis","species","Western Grebe","adults","Leptocottus armatus","species","Staghorn Sculpin","adults",5,63
"280","predacious","Egretta alba","species","Great Egret","adults","Gillichthys mirabilis","species","Long-jawed Mudsucker","adults",35,50
"281","predacious","Nycticorax nycticorax","species","Black-crowned Night Heron","adults","Gillichthys mirabilis","species","Long-jawed Mudsucker","adults",65,50
"282","predacious","Egretta thula","species","Snowy Egret","adults","Pachygrapsus crassipes","species","Striped Shore Crab","adults",37,83
"283","predacious","Limosa fedoa","species","Marbled Godwit","adults","Pachygrapsus crassipes","species","Striped Shore Crab","adults",55,83
"284","predacious","Calidris alpina","species","Dunlin","adults","Cerithidea californica","species","California Horn Snail","adults",20,29
"285","predacious","Mergus serrator","species","Red-breasted Merganser","adults","Hypsopsetta guttulata","species","Diamond Turbot","adults",60,56
"286","predacious","Calidris minutilla","species","Least Sandpiper","adults","Fundulus parvipinnis","species","California Killifish","adults",22,49
"287","predacious","Catoptrophorus semipalmatus","species","Willet","adults","Tagelus affinis","species","Fat Jackknife Clam","adults",26,110
"288","predacious","Egretta caerulea","species","Little Blue Heron","adults","Pachygrapsus crassipes","species","Striped Shore Crab","adults",36,83
"289","predacious","Catoptrophorus semipalmatus","species","Willet","adults","Macoma nasuta","species","Bent-nosed Clam","adults",26,67
"290","predacious","Corvus brachyrhynchos","species","American Crow","adults","Tagelus subteres","species","Lesser Tagelus","adults",32,112
"291","predacious","Ceryle alcyon","species","Belted Kingfisher","adults","Cymatogaster aggregata","species","Shiner Surfperch","adults",27,40
"292","predacious","Larus californicus","species","California Gull","adults","Protothaca staminea","species","Pacific Littleneck Clam","adults",49,99
"293","predacious","Pachygrapsus crassipes","species","Striped Shore Crab","adults","Melampus olivaceus","species","Salt Marsh Snail","adults",68,70
"294","predacious","Mergus serrator","species","Red-breasted Merganser","adults","Acanthogobius flavimanus","species","Yellow-fin Goby","adults",60,1
"295","predacious","Gillichthys mirabilis","species","Long-jawed Mudsucker","adults","Fundulus parvipinnis","species","California Killifish","adults",41,49
"296","predacious","Actitis macularia","species","Spotted Sandpiper","adults","Hemigrapsus oregonensis","species","Green Shore Crab","adults",4,53
"297","predacious","Numenius americanus","species","Long-billed Curlew","adults","Tagelus californianus","species","California Jackknife Clam","adults",62,111
"298","predacious","Triakis semifasciata","species","Leopard Shark","adults","Paralichthys californicus","species","California Halibut","adults",96,84
"299","predacious","Aechmophorus occidentalis","species","Western Grebe","adults","Paralichthys californicus","species","California Halibut","adults",5,84
"300","predacious","Larus californicus","species","California Gull","adults","Tagelus californianus","species","California Jackknife Clam","adults",49,111
"301","predacious","Melanitta perspicillata","species","Surf Scoter","adults","Macoma secta","species","White Sand Macoma","adults",59,68
"302","predacious","Mergus serrator","species","Red-breasted Merganser","adults","Leptocottus armatus","species","Staghorn Sculpin","adults",60,63
"303","predacious","Actitis macularia","species","Spotted Sandpiper","adults","Cerithidea californica","species","California Horn Snail","adults",4,29
"304","predacious","Egretta alba","species","Great Egret","adults","Hypsopsetta guttulata","species","Diamond Turbot","adults",35,56
"305","predacious","Nycticorax nycticorax","species","Black-crowned Night Heron","adults","Hypsopsetta guttulata","species","Diamond Turbot","adults",65,56
"306","predacious","Pluvialis squatarola","species","Black-bellied Plover","adults","Macoma nasuta","species","Bent-nosed Clam","adults",77,67
"307","predacious","Catoptrophorus semipalmatus","species","Willet","adults","Upogebia macginitieorum","species","Southern Mud Shrimp","adults",26,118
"308","predacious","Catoptrophorus semipalmatus","species","Willet","adults","Pachygrapsus crassipes","species","Striped Shore Crab","adults",26,83
"309","predacious","Egretta alba","species","Great Egret","adults","Acanthogobius flavimanus","species","Yellow-fin Goby","adults",35,1
"310","predacious","Nycticorax nycticorax","species","Black-crowned Night Heron","adults","Acanthogobius flavimanus","species","Yellow-fin Goby","adults",65,1
"311","predacious","Larus philadelphia","species","Bonaparte's Gull","adults","Tagelus affinis","species","Fat Jackknife Clam","adults",52,110
"312","predacious","Larus philadelphia","species","Bonaparte's Gull","adults","Macoma nasuta","species","Bent-nosed Clam","adults",52,67
"313","predacious","Egretta alba","species","Great Egret","adults","Leptocottus armatus","species","Staghorn Sculpin","adults",35,63
"314","predacious","Nycticorax nycticorax","species","Black-crowned Night Heron","adults","Leptocottus armatus","species","Staghorn Sculpin","adults",65,63
"315","predacious","Paralichthys californicus","species","California Halibut","adults","Hemigrapsus oregonensis","species","Green Shore Crab","adults",69,53
"316","predacious","Triakis semifasciata","species","Leopard Shark","adults","Nuttallia nuttallii","species","California Mahogany Clam","adults",96,79
"317","predacious","Mergus serrator","species","Red-breasted Merganser","adults","Paralichthys californicus","species","California Halibut","adults",60,84
"318","predacious","Larus californicus","species","California Gull","adults","Macoma secta","species","White Sand Macoma","adults",49,68
"319","predacious","Larus delawarensis","species","Ring-billed Gull","adults","Protothaca staminea","species","Pacific Littleneck Clam","adults",51,99
"320","predacious","Catoptrophorus semipalmatus","species","Willet","adults","Tagelus subteres","species","Lesser Tagelus","adults",26,112
"321","predacious","Pluvialis squatarola","species","Black-bellied Plover","adults","Pachygrapsus crassipes","species","Striped Shore Crab","adults",77,83
"322","predacious","Hemigrapsus oregonensis","species","Green Shore Crab","adults","Ephydra","genus","Ephydra","larvae",44,45
"323","predacious","Larus delawarensis","species","Ring-billed Gull","adults","Tagelus californianus","species","California Jackknife Clam","adults",51,111
"324","predacious","Larus canus","species","Mew Gull","adults","Protothaca staminea","species","Pacific Littleneck Clam","adults",50,99
"325","predacious","Larus philadelphia","species","Bonaparte's Gull","adults","Pachygrapsus crassipes","species","Striped Shore Crab","adults",52,83
"326","predacious","Urolophus halleri","species","Haller's Round Ray","adults","Protothaca staminea","species","Pacific Littleneck Clam","adults",100,99
"327","predacious","Fulica americana","species","American Coot","adults","Macoma secta","species","White Sand Macoma","adults",39,68
"328","predacious","Egretta alba","species","Great Egret","adults","Paralichthys californicus","species","California Halibut","adults",35,84
"329","predacious","Nycticorax nycticorax","species","Black-crowned Night Heron","adults","Paralichthys californicus","species","California Halibut","adults",65,84
"330","predacious","Leptocottus armatus","species","Staghorn Sculpin","adults","Hemigrapsus oregonensis","species","Green Shore Crab","adults",53,53
"331","predacious","Larus canus","species","Mew Gull","adults","Tagelus californianus","species","California Jackknife Clam","adults",50,111
"332","predacious","Pachygrapsus crassipes","species","Striped Shore Crab","adults","Cryptomya californica","species","California Softshell Clam","adults",68,37
"333","predacious","Urolophus halleri","species","Haller's Round Ray","adults","Tagelus californianus","species","California Jackknife Clam","adults",100,111
"334","predacious","Acanthogobius flavimanus","species","Yellow-fin Goby","adults","Hemigrapsus oregonensis","species","Green Shore Crab","adults",1,53
"335","predacious","Larus philadelphia","species","Bonaparte's Gull","adults","Tagelus subteres","species","Lesser Tagelus","adults",52,112
"336","predacious","Bucephala albeola","species","Bufflehead","adults","Protothaca staminea","species","Pacific Littleneck Clam","adults",18,99
"337","predacious","Podilymbus podiceps","species","Pied-billed Grebe","adults","Gillichthys mirabilis","species","Long-jawed Mudsucker","adults",78,50
"338","predacious","Corvus brachyrhynchos","species","American Crow","adults","Protothaca staminea","species","Pacific Littleneck Clam","adults",32,99
"339","predacious","Melanitta perspicillata","species","Surf Scoter","adults","Nuttallia nuttallii","species","California Mahogany Clam","adults",59,79
"340","predacious","Hypsopsetta guttulata","species","Diamond Turbot","adults","Hemigrapsus oregonensis","species","Green Shore Crab","adults",47,53
"341","predacious","Calidris mauri","species","Western Sandpiper","adults","Hemigrapsus oregonensis","species","Green Shore Crab","adults",21,53
"342","predacious","Calidris mauri","species","Western Sandpiper","adults","Cerithidea californica","species","California Horn Snail","adults",21,29
"343","predacious","Corvus brachyrhynchos","species","American Crow","adults","Tagelus californianus","species","California Jackknife Clam","adults",32,111
"344","predacious","Larus delawarensis","species","Ring-billed Gull","adults","Macoma secta","species","White Sand Macoma","adults",51,68
"345","predacious","Limosa fedoa","species","Marbled Godwit","adults","Protothaca staminea","species","Pacific Littleneck Clam","adults",55,99
"346","predacious","Egretta thula","species","Snowy Egret","adults","Gillichthys mirabilis","species","Long-jawed Mudsucker","adults",37,50
"347","predacious","Larus canus","species","Mew Gull","adults","Macoma secta","species","White Sand Macoma","adults",50,68
"348","predacious","Urolophus halleri","species","Haller's Round Ray","adults","Macoma secta","species","White Sand Macoma","adults",100,68
"349","predacious","Egretta caerulea","species","Little Blue Heron","adults","Gillichthys mirabilis","species","Long-jawed Mudsucker","adults",36,50
"350","predacious","Accipiter cooperi","species","Cooper's Hawk","adults","Calidris minutilla","species","Least Sandpiper","adults",3,22
"351","predacious","Calidris minutilla","species","Least Sandpiper","adults","Cerithidea californica","species","California Horn Snail","adults",22,29
"352","predacious","Podilymbus podiceps","species","Pied-billed Grebe","adults","Hypsopsetta guttulata","species","Diamond Turbot","adults",78,56
"353","predacious","Gillichthys mirabilis","species","Long-jawed Mudsucker","adults","Hemigrapsus oregonensis","species","Green Shore Crab","adults",41,53
"354","predacious","Larus californicus","species","California Gull","adults","Nuttallia nuttallii","species","California Mahogany Clam","adults",49,79
"355","predacious","Limnodromus scilopaceus","species","Long-billed Dowitcher","adults","Tagelus affinis","species","Fat Jackknife Clam","adults",54,110
"356","predacious","Limnodromus scilopaceus","species","Long-billed Dowitcher","adults","Macoma nasuta","species","Bent-nosed Clam","adults",54,67
"357","predacious","Podilymbus podiceps","species","Pied-billed Grebe","adults","Acanthogobius flavimanus","species","Yellow-fin Goby","adults",78,1
"358","predacious","Bucephala albeola","species","Bufflehead","adults","Macoma secta","species","White Sand Macoma","adults",18,68
"359","predacious","Leptocottus armatus","species","Staghorn Sculpin","adults","Uca crenulata","species","Fiddler Crab","adults",53,117
"360","predacious","Corvus brachyrhynchos","species","American Crow","adults","Macoma secta","species","White Sand Macoma","adults",32,68
"361","predacious","Egretta thula","species","Snowy Egret","adults","Hypsopsetta guttulata","species","Diamond Turbot","adults",37,56
"362","predacious","Accipiter cooperi","species","Cooper's Hawk","adults","Calidris mauri","species","Western Sandpiper","adults",3,21
"363","predacious","Podilymbus podiceps","species","Pied-billed Grebe","adults","Leptocottus armatus","species","Staghorn Sculpin","adults",78,63
"364","predacious","Fulica americana","species","American Coot","adults","Nuttallia nuttallii","species","California Mahogany Clam","adults",39,79
"365","predacious","Catoptrophorus semipalmatus","species","Willet","adults","Protothaca staminea","species","Pacific Littleneck Clam","adults",26,99
"366","predacious","Limosa fedoa","species","Marbled Godwit","adults","Macoma secta","species","White Sand Macoma","adults",55,68
"367","predacious","Calidris alpina","species","Dunlin","adults","Cymatogaster aggregata","species","Shiner Surfperch","adults",20,40
"368","predacious","Egretta caerulea","species","Little Blue Heron","adults","Hypsopsetta guttulata","species","Diamond Turbot","adults",36,56
"369","predacious","Egretta thula","species","Snowy Egret","adults","Acanthogobius flavimanus","species","Yellow-fin Goby","adults",37,1
"370","predacious","Catoptrophorus semipalmatus","species","Willet","adults","Tagelus californianus","species","California Jackknife Clam","adults",26,111
"371","predacious","Hypsopsetta guttulata","species","Diamond Turbot","adults","Uca crenulata","species","Fiddler Crab","adults",47,117
"372","predacious","Egretta thula","species","Snowy Egret","adults","Leptocottus armatus","species","Staghorn Sculpin","adults",37,63
"373","predacious","Egretta caerulea","species","Little Blue Heron","adults","Acanthogobius flavimanus","species","Yellow-fin Goby","adults",36,1
"374","predacious","Pluvialis squatarola","species","Black-bellied Plover","adults","Protothaca staminea","species","Pacific Littleneck Clam","adults",77,99
"375","predacious","Egretta caerulea","species","Little Blue Heron","adults","Leptocottus armatus","species","Staghorn Sculpin","adults",36,63
"376","predacious","Podilymbus podiceps","species","Pied-billed Grebe","adults","Paralichthys californicus","species","California Halibut","adults",78,84
"377","predacious","Larus delawarensis","species","Ring-billed Gull","adults","Nuttallia nuttallii","species","California Mahogany Clam","adults",51,79
"378","predacious","Larus philadelphia","species","Bonaparte's Gull","adults","Protothaca staminea","species","Pacific Littleneck Clam","adults",52,99
"379","predacious","Fundulus parvipinnis","species","California Killifish","adults","Ephydra","genus","Ephydra","larvae",40,45
"380","predacious","Larus canus","species","Mew Gull","adults","Nuttallia nuttallii","species","California Mahogany Clam","adults",50,79
"381","predacious","Limnodromus scilopaceus","species","Long-billed Dowitcher","adults","Tagelus subteres","species","Lesser Tagelus","adults",54,112
"382","predacious","Larus philadelphia","species","Bonaparte's Gull","adults","Tagelus californianus","species","California Jackknife Clam","adults",52,111
"383","predacious","Urolophus halleri","species","Haller's Round Ray","adults","Nuttallia nuttallii","species","California Mahogany Clam","adults",100,79
"384","predacious","Egretta thula","species","Snowy Egret","adults","Paralichthys californicus","species","California Halibut","adults",37,84
"385","predacious","Gillichthys mirabilis","species","Long-jawed Mudsucker","adults","Uca crenulata","species","Fiddler Crab","adults",41,117
"386","predacious","Catoptrophorus semipalmatus","species","Willet","adults","Macoma secta","species","White Sand Macoma","adults",26,68
"387","predacious","Paralichthys californicus","species","California Halibut","adults","Cymatogaster aggregata","species","Shiner Surfperch","adults",69,40
"388","predacious","Egretta caerulea","species","Little Blue Heron","adults","Paralichthys californicus","species","California Halibut","adults",36,84
"389","predacious","Procyon locator","species","Raccoon","adults","Fulica americana","species","American Coot","adults",82,48
"390","predacious","Bucephala albeola","species","Bufflehead","adults","Nuttallia nuttallii","species","California Mahogany Clam","adults",18,79
"391","predacious","Corvus brachyrhynchos","species","American Crow","adults","Nuttallia nuttallii","species","California Mahogany Clam","adults",32,79
"392","predacious","Pluvialis squatarola","species","Black-bellied Plover","adults","Macoma secta","species","White Sand Macoma","adults",77,68
"393","predacious","Triakis semifasciata","species","Leopard Shark","adults","Saxidomus nuttalli","species","Butter Clam","adults",96,106
"394","predacious","Limosa fedoa","species","Marbled Godwit","adults","Nuttallia nuttallii","species","California Mahogany Clam","adults",55,79
"395","predacious","Accipiter cooperi","species","Cooper's Hawk","adults","Actitis macularia","species","Spotted Sandpiper","adults",3,5
"396","predacious","Larus philadelphia","species","Bonaparte's Gull","adults","Macoma secta","species","White Sand Macoma","adults",52,68
"397","predacious","Calidris alpina","species","Dunlin","adults","Macoma nasuta","species","Bent-nosed Clam","adults",20,67
"398","predacious","Leptocottus armatus","species","Staghorn Sculpin","adults","Cymatogaster aggregata","species","Shiner Surfperch","adults",53,40
"399","predacious","Charadrius semipalmatus","species","Semipalmated Plover","adults","Macoma nasuta","species","Bent-nosed Clam","adults",28,67
"400","predacious","Pachygrapsus crassipes","species","Striped Shore Crab","adults","Hemigrapsus oregonensis","species","Green Shore Crab","adults",68,53
"401","predacious","Accipiter cooperi","species","Cooper's Hawk","adults","Calidris alpina","species","Dunlin","adults",3,20
"402","predacious","Pachygrapsus crassipes","species","Striped Shore Crab","adults","Cerithidea californica","species","California Horn Snail","adults",68,29
"403","predacious","Hypsopsetta guttulata","species","Diamond Turbot","adults","Cymatogaster aggregata","species","Shiner Surfperch","adults",47,40
"404","predacious","Actitis macularia","species","Spotted Sandpiper","adults","Macoma nasuta","species","Bent-nosed Clam","adults",4,67
"405","predacious","Melanitta perspicillata","species","Surf Scoter","adults","Saxidomus nuttalli","species","Butter Clam","adults",59,106
"406","predacious","Catoptrophorus semipalmatus","species","Willet","adults","Nuttallia nuttallii","species","California Mahogany Clam","adults",26,79
"407","predacious","Leptocottus armatus","species","Staghorn Sculpin","adults","Neotrypaea californiensis","species","Calfornia Ghost Shrimp","adults",53,76
"408","predacious","Calidris minutilla","species","Least Sandpiper","adults","Cymatogaster aggregata","species","Shiner Surfperch","adults",22,40
"409","predacious","Limnodromus scilopaceus","species","Long-billed Dowitcher","adults","Protothaca staminea","species","Pacific Littleneck Clam","adults",54,99
"410","predacious","Gillichthys mirabilis","species","Long-jawed Mudsucker","adults","Cymatogaster aggregata","species","Shiner Surfperch","adults",41,40
"411","predacious","Limnodromus scilopaceus","species","Long-billed Dowitcher","adults","Tagelus californianus","species","California Jackknife Clam","adults",54,111
"412","predacious","Hypsopsetta guttulata","species","Diamond Turbot","adults","Neotrypaea californiensis","species","Calfornia Ghost Shrimp","adults",47,76
"413","predacious","Procyon locator","species","Raccoon","adults","Anas platyrhynchos","species","Mallard","adults",82,12
"414","predacious","Pluvialis squatarola","species","Black-bellied Plover","adults","Nuttallia nuttallii","species","California Mahogany Clam","adults",77,79
"415","predacious","Larus californicus","species","California Gull","adults","Saxidomus nuttalli","species","Butter Clam","adults",49,106
"416","predacious","Larus philadelphia","species","Bonaparte's Gull","adults","Nuttallia nuttallii","species","California Mahogany Clam","adults",52,79
"417","predacious","Pachygrapsus crassipes","species","Striped Shore Crab","adults","Uca crenulata","species","Fiddler Crab","adults",68,117
"418","predacious","Paralichthys californicus","species","California Halibut","adults","Pachygrapsus crassipes","species","Striped Shore Crab","adults",69,83
"419","predacious","Gillichthys mirabilis","species","Long-jawed Mudsucker","adults","Neotrypaea californiensis","species","Calfornia Ghost Shrimp","adults",41,76
"420","predacious","Limnodromus scilopaceus","species","Long-billed Dowitcher","adults","Macoma secta","species","White Sand Macoma","adults",54,68
"421","predacious","Hypsopsetta guttulata","species","Diamond Turbot","adults","Tagelus affinis","species","Fat Jackknife Clam","adults",47,110
"422","predacious","Hypsopsetta guttulata","species","Diamond Turbot","adults","Macoma nasuta","species","Bent-nosed Clam","adults",47,67
"423","predacious","Calidris mauri","species","Western Sandpiper","adults","Macoma nasuta","species","Bent-nosed Clam","adults",21,67
"424","predacious","Leptocottus armatus","species","Staghorn Sculpin","adults","Upogebia macginitieorum","species","Southern Mud Shrimp","adults",53,118
"425","predacious","Leptocottus armatus","species","Staghorn Sculpin","adults","Pachygrapsus crassipes","species","Striped Shore Crab","adults",53,83
"426","predacious","Larus delawarensis","species","Ring-billed Gull","adults","Saxidomus nuttalli","species","Butter Clam","adults",51,106
"427","predacious","Hemigrapsus oregonensis","species","Green Shore Crab","adults","Cryptomya californica","species","California Softshell Clam","adults",44,37
"428","predacious","Acanthogobius flavimanus","species","Yellow-fin Goby","adults","Pachygrapsus crassipes","species","Striped Shore Crab","adults",1,83
"429","predacious","Calidris minutilla","species","Least Sandpiper","adults","Macoma nasuta","species","Bent-nosed Clam","adults",22,67
"430","predacious","Larus canus","species","Mew Gull","adults","Saxidomus nuttalli","species","Butter Clam","adults",50,106
"431","predacious","Urolophus halleri","species","Haller's Round Ray","adults","Saxidomus nuttalli","species","Butter Clam","adults",100,106
"432","predacious","Hypsopsetta guttulata","species","Diamond Turbot","adults","Upogebia macginitieorum","species","Southern Mud Shrimp","adults",47,118
"433","predacious","Hypsopsetta guttulata","species","Diamond Turbot","adults","Pachygrapsus crassipes","species","Striped Shore Crab","adults",47,83
"434","predacious","Pardosa sp.","genus","Pardosa sp.","adults","Traskorchestia traskiana","species","Salt Marsh Hopper","adults",70,113
"435","predacious","Calidris alpina","species","Dunlin","adults","Protothaca staminea","species","Pacific Littleneck Clam","adults",20,99
"436","predacious","Bucephala albeola","species","Bufflehead","adults","Saxidomus nuttalli","species","Butter Clam","adults",18,106
"437","predacious","Corvus brachyrhynchos","species","American Crow","adults","Saxidomus nuttalli","species","Butter Clam","adults",32,106
"438","predacious","Hypsopsetta guttulata","species","Diamond Turbot","adults","Tagelus subteres","species","Lesser Tagelus","adults",47,112
"439","predacious","Limosa fedoa","species","Marbled Godwit","adults","Saxidomus nuttalli","species","Butter Clam","adults",55,106
"440","predacious","Gillichthys mirabilis","species","Long-jawed Mudsucker","adults","Upogebia macginitieorum","species","Southern Mud Shrimp","adults",41,118
"441","predacious","Gillichthys mirabilis","species","Long-jawed Mudsucker","adults","Pachygrapsus crassipes","species","Striped Shore Crab","adults",41,83
"442","predacious","Limnodromus scilopaceus","species","Long-billed Dowitcher","adults","Nuttallia nuttallii","species","California Mahogany Clam","adults",54,79
"443","predacious","Calidris alpina","species","Dunlin","adults","Macoma secta","species","White Sand Macoma","adults",20,68
"444","predacious","Charadrius semipalmatus","species","Semipalmated Plover","adults","Macoma secta","species","White Sand Macoma","adults",28,68
"445","predacious","Catoptrophorus semipalmatus","species","Willet","adults","Saxidomus nuttalli","species","Butter Clam","adults",26,106
"446","predacious","Actitis macularia","species","Spotted Sandpiper","adults","Macoma secta","species","White Sand Macoma","adults",4,68
"447","predacious","Pluvialis squatarola","species","Black-bellied Plover","adults","Saxidomus nuttalli","species","Butter Clam","adults",77,106
"448","predacious","Paralichthys californicus","species","California Halibut","adults","Hypsopsetta guttulata","species","Diamond Turbot","adults",69,56
"449","predacious","Acanthogobius flavimanus","species","Yellow-fin Goby","adults","Gillichthys mirabilis","species","Long-jawed Mudsucker","adults",1,50
"450","predacious","Larus philadelphia","species","Bonaparte's Gull","adults","Saxidomus nuttalli","species","Butter Clam","adults",52,106
"451","predacious","Hypsopsetta guttulata","species","Diamond Turbot","adults","Protothaca staminea","species","Pacific Littleneck Clam","adults",47,99
"452","predacious","Paralichthys californicus","species","California Halibut","adults","Acanthogobius flavimanus","species","Yellow-fin Goby","adults",69,1
"453","predacious","Pachygrapsus crassipes","species","Striped Shore Crab","adults","Tagelus affinis","species","Fat Jackknife Clam","adults",68,110
"454","predacious","Pachygrapsus crassipes","species","Striped Shore Crab","adults","Macoma nasuta","species","Bent-nosed Clam","adults",68,67
"455","predacious","Hypsopsetta guttulata","species","Diamond Turbot","adults","Tagelus californianus","species","California Jackknife Clam","adults",47,111
"456","predacious","Calidris alpina","species","Dunlin","adults","Nuttallia nuttallii","species","California Mahogany Clam","adults",20,79
"457","predacious","Charadrius semipalmatus","species","Semipalmated Plover","adults","Nuttallia nuttallii","species","California Mahogany Clam","adults",28,79
"458","predacious","Pardosa sp.","genus","Pardosa sp.","adults","Pardosa sp.","genus","Pardosa sp.","adults",70,85
"459","predacious","Paralichthys californicus","species","California Halibut","adults","Paralichthys californicus","species","California Halibut","adults",69,84
"460","predacious","Actitis macularia","species","Spotted Sandpiper","adults","Nuttallia nuttallii","species","California Mahogany Clam","adults",4,79
"461","predacious","Hypsopsetta guttulata","species","Diamond Turbot","adults","Macoma secta","species","White Sand Macoma","adults",47,68
"462","predacious","Acanthogobius flavimanus","species","Yellow-fin Goby","adults","Leptocottus armatus","species","Staghorn Sculpin","adults",1,63
"463","predacious","Calidris mauri","species","Western Sandpiper","adults","Macoma secta","species","White Sand Macoma","adults",21,68
"464","predacious","Pachygrapsus crassipes","species","Striped Shore Crab","adults","Tagelus subteres","species","Lesser Tagelus","adults",68,112
"465","predacious","Calidris minutilla","species","Least Sandpiper","adults","Macoma secta","species","White Sand Macoma","adults",22,68
"466","predacious","Limnodromus scilopaceus","species","Long-billed Dowitcher","adults","Saxidomus nuttalli","species","Butter Clam","adults",54,106
"467","predacious","Carinoma mutabilis","species","Carinoma mutabilis","adults","Capitella capitata","species","Capitella capitata","adults",24,23
"468","predacious","Carinoma mutabilis","species","Carinoma mutabilis","adults","Polydora nuchalis","species","Polydora nuchalis","adults",24,95
"469","predacious","Hypsopsetta guttulata","species","Diamond Turbot","adults","Nuttallia nuttallii","species","California Mahogany Clam","adults",47,79
"470","predacious","Calidris mauri","species","Western Sandpiper","adults","Nuttallia nuttallii","species","California Mahogany Clam","adults",21,79
"471","predacious","Calidris minutilla","species","Least Sandpiper","adults","Nuttallia nuttallii","species","California Mahogany Clam","adults",22,79
"472","predacious","Pachygrapsus crassipes","species","Striped Shore Crab","adults","Protothaca staminea","species","Pacific Littleneck Clam","adults",68,99
"473","predacious","Pachygrapsus crassipes","species","Striped Shore Crab","adults","Tagelus californianus","species","California Jackknife Clam","adults",68,111
"474","predacious","Calidris alpina","species","Dunlin","adults","Saxidomus nuttalli","species","Butter Clam","adults",20,106
"475","predacious","Pachygrapsus crassipes","species","Striped Shore Crab","adults","Macoma secta","species","White Sand Macoma","adults",68,68
"476","predacious","Pachygrapsus crassipes","species","Striped Shore Crab","adults","Nuttallia nuttallii","species","California Mahogany Clam","adults",68,79
"477","predacious","Hemigrapsus oregonensis","species","Green Shore Crab","adults","Tagelus affinis","species","Fat Jackknife Clam","adults",44,110
"478","predacious","Hemigrapsus oregonensis","species","Green Shore Crab","adults","Macoma nasuta","species","Bent-nosed Clam","adults",44,67
"479","predacious","Hypsopsetta guttulata","species","Diamond Turbot","adults","Saxidomus nuttalli","species","Butter Clam","adults",47,106
"480","predacious","Hemigrapsus oregonensis","species","Green Shore Crab","adults","Tagelus subteres","species","Lesser Tagelus","adults",44,112
"481","predacious","Hemigrapsus oregonensis","species","Green Shore Crab","adults","Protothaca staminea","species","Pacific Littleneck Clam","adults",44,99
"482","predacious","Hemigrapsus oregonensis","species","Green Shore Crab","adults","Tagelus californianus","species","California Jackknife Clam","adults",44,111
"483","predacious","Pachygrapsus crassipes","species","Striped Shore Crab","adults","Saxidomus nuttalli","species","Butter Clam","adults",68,106
"484","predacious","Hemigrapsus oregonensis","species","Green Shore Crab","adults","Macoma secta","species","White Sand Macoma","adults",44,68
"485","predacious","Hemigrapsus oregonensis","species","Green Shore Crab","adults","Nuttallia nuttallii","species","California Mahogany Clam","adults",44,79
"486","parasitic","Maritrema sp.","genus","Maritrema sp.","metacercaria","Traskorchestia traskiana","species","Salt Marsh Hopper","adults",58,113
"487","parasitic","Acanthoparyphium spinulosum","species","Acanthoparyphium spinulosum","metacercaria","Capitella capitata","species","Capitella capitata","adults",2,23
"488","parasitic","Acanthoparyphium spinulosum","species","Acanthoparyphium spinulosum","metacercaria","Polydora nuchalis","species","Polydora nuchalis","adults",2,95
"489","predacious","Hemigrapsus oregonensis","species","Green Shore Crab","adults","Saxidomus nuttalli","species","Butter Clam","adults",44,106
"490","parasitic","Renicola sp.","genus","Renicola sp.","metacercaria","Capitella capitata","species","Capitella capitata","adults",88,23
"491","parasitic","Renicola sp.","genus","Renicola sp.","metacercaria","Polydora nuchalis","species","Polydora nuchalis","adults",88,95
"492","parasitic","Spirocamallanus pereirae","species","Spirocamallanus pereirae","adults","Clevelandia ios","species","Arrow Goby","adults",90,33
"493","parasitic","Spirocamallanus pereirae","species","Spirocamallanus pereirae","adults","Fundulus parvipinnis","species","California Killifish","adults",90,49
"494","parasitic","Glossocercus sp.","genus","Glossocercus sp.","adults","Calidris minutilla","species","Least Sandpiper","adults",42,22
"495","parasitic","Baylisascaris procyonis","species","Baylisascaris procyonis","adults","Procyon locator","species","Raccoon","adults",17,98
"496","parasitic","Glossocercus sp.","genus","Glossocercus sp.","adults","Calidris alpina","species","Dunlin","adults",42,20
"497","parasitic","Argulus ","genus","Argulus","adults","Fundulus parvipinnis","species","California Killifish","adults",14,49
"498","parasitic","Spirocamallanus pereirae","species","Spirocamallanus pereirae","adults","Atherinops affinis","species","Topsmelt","adults",90,16
"499","parasitic","Glossocercus sp.","genus","Glossocercus sp.","plerocercoid","Fundulus parvipinnis","species","California Killifish","adults",42,49
"500","parasitic","Glossocercus sp.","genus","Glossocercus sp.","adults","Limnodromus scilopaceus","species","Long-billed Dowitcher","adults",42,64
"501","parasitic","Himasthla rhigedana","species","Himasthla rhigedana","metacercaria","Melampus olivaceus","species","Salt Marsh Snail","adults",46,70
"502","parasitic","Glossocercus sp.","genus","Glossocercus sp.","adults","Ceryle alcyon","species","Belted Kingfisher","adults",42,30
"503","parasitic","Gyrodactylus sp.","genus","Gyrodactylus sp.","adults","Clevelandia ios","species","Arrow Goby","adults",43,33
"504","parasitic","Parorchis acanthus","species","Parorchis acanthus","adults","Calidris minutilla","species","Least Sandpiper","adults",71,22
"505","parasitic","Carcinonemertes sp.","species","Carcinonemertes sp.","adults","Hemigrapsus oregonensis","species","Green Shore Crab","adults",23,53
"506","parasitic","Gyrodactylus sp.","genus","Gyrodactylus sp.","adults","Fundulus parvipinnis","species","California Killifish","adults",43,49
"507","parasitic","Glossocercus sp.","genus","Glossocercus sp.","adults","Butorides virescens","species","Green Heron","adults",42,19
"508","parasitic","Parorchis acanthus","species","Parorchis acanthus","adults","Calidris mauri","species","Western Sandpiper","adults",71,21
"509","parasitic","Aedes taeniorhynchus","species","Black Salt Marsh Mosquito","adults","Calidris minutilla","species","Least Sandpiper","adults",6,22
"510","parasitic","Glossocercus sp.","genus","Glossocercus sp.","adults","Recurvirostra americana","species","American Avocet","adults",42,101
"511","parasitic","Acanthoparyphium spinulosum","species","Acanthoparyphium spinulosum","metacercaria","Cryptomya californica","species","California Softshell Clam","adults",2,37
"512","parasitic","Glossocercus sp.","genus","Glossocercus sp.","adults","Egretta caerulea","species","Little Blue Heron","adults",42,43
"513","parasitic","Culex tarsalis","species","Western Encephalitis Mosquito","adults","Calidris minutilla","species","Least Sandpiper","adults",33,22
"514","parasitic","Aedes taeniorhynchus","species","Black Salt Marsh Mosquito","adults","Calidris mauri","species","Western Sandpiper","adults",6,21
"515","parasitic","Argulus ","genus","Argulus","adults","Atherinops affinis","species","Topsmelt","adults",14,16
"516","parasitic","Himasthla rhigedana","species","Himasthla rhigedana","adults","Calidris mauri","species","Western Sandpiper","adults",46,21
"517","parasitic","Glossocercus sp.","genus","Glossocercus sp.","adults","Egretta thula","species","Snowy Egret","adults",42,44
"518","parasitic","Culex tarsalis","species","Western Encephalitis Mosquito","adults","Calidris mauri","species","Western Sandpiper","adults",33,21
"519","parasitic","Hysterolecitha trilocalis","species","Hysterolecitha trilocalis","adults","Gillichthys mirabilis","species","Long-jawed Mudsucker","adults",48,50
"520","parasitic","Glossocercus sp.","genus","Glossocercus sp.","adults","Podilymbus podiceps","species","Pied-billed Grebe","adults",42,93
"521","parasitic","Parorchis acanthus","species","Parorchis acanthus","adults","Charadrius semipalmatus","species","Semipalmated Plover","adults",71,31
"522","parasitic","Parorchis acanthus","species","Parorchis acanthus","adults","Calidris alpina","species","Dunlin","adults",71,20
"523","parasitic","Spirocamallanus pereirae","species","Spirocamallanus pereirae","adults","Gillichthys mirabilis","species","Long-jawed Mudsucker","adults",90,50
"524","parasitic","Mesostephanus appendiculatus","species","Mesostephanus appendiculatus","metacercaria","Clevelandia ios","species","Arrow Goby","adults",61,33
"525","parasitic","Aedes taeniorhynchus","species","Black Salt Marsh Mosquito","adults","Actitis macularia","species","Spotted Sandpiper","adults",6,5
"526","parasitic","Glossocercus sp.","genus","Glossocercus sp.","adults","Sterna caspia","species","Caspian Tern","adults",42,108
"527","parasitic","Aedes taeniorhynchus","species","Black Salt Marsh Mosquito","adults","Charadrius semipalmatus","species","Semipalmated Plover","adults",6,31
"528","parasitic","Himasthla rhigedana","species","Himasthla rhigedana","metacercaria","Hemigrapsus oregonensis","species","Green Shore Crab","adults",46,53
"529","parasitic","Culex tarsalis","species","Western Encephalitis Mosquito","adults","Actitis macularia","species","Spotted Sandpiper","adults",33,5
"530","parasitic","Aedes taeniorhynchus","species","Black Salt Marsh Mosquito","adults","Calidris alpina","species","Dunlin","adults",6,20
"531","parasitic","Himasthla rhigedana","species","Himasthla rhigedana","metacercaria","Cerithidea californica","species","California Horn Snail","adults",46,29
"532","parasitic","Spirocamallanus pereirae","species","Spirocamallanus pereirae","adults","Hypsopsetta guttulata","species","Diamond Turbot","adults",90,56
"533","parasitic","Acanthoparyphium spinulosum","species","Acanthoparyphium spinulosum","adults","Calidris minutilla","species","Least Sandpiper","adults",2,22
"534","parasitic","Culex tarsalis","species","Western Encephalitis Mosquito","adults","Charadrius semipalmatus","species","Semipalmated Plover","adults",33,31
"535","parasitic","Spirocamallanus pereirae","species","Spirocamallanus pereirae","adults","Acanthogobius flavimanus","species","Yellow-fin Goby","adults",90,1
"536","parasitic","Culex tarsalis","species","Western Encephalitis Mosquito","adults","Calidris alpina","species","Dunlin","adults",33,20
"537","parasitic","Spirocamallanus pereirae","species","Spirocamallanus pereirae","adults","Leptocottus armatus","species","Staghorn Sculpin","adults",90,63
"538","parasitic","Glossocercus sp.","genus","Glossocercus sp.","adults","Nycticorax nycticorax","species","Black-crowned Night Heron","adults",42,80
"539","parasitic","Glossocercus sp.","genus","Glossocercus sp.","adults","Egretta alba","species","Great Egret","adults",42,42
"540","parasitic","Acanthoparyphium spinulosum","species","Acanthoparyphium spinulosum","adults","Calidris mauri","species","Western Sandpiper","adults",2,21
"541","parasitic","Mesostephanus appendiculatus","species","Mesostephanus appendiculatus","metacercaria","Fundulus parvipinnis","species","California Killifish","adults",61,49
"542","parasitic","Glossocercus sp.","genus","Glossocercus sp.","adults","Mergus serrator","species","Red-breasted Merganser","adults",42,72
"543","parasitic","Parorchis acanthus","species","Parorchis acanthus","adults","Limnodromus scilopaceus","species","Long-billed Dowitcher","adults",71,64
"544","parasitic","Himasthla rhigedana","species","Himasthla rhigedana","metacercaria","Uca crenulata","species","Fiddler Crab","adults",46,117
"545","parasitic","Acanthoparyphium spinulosum","species","Acanthoparyphium spinulosum","metacercaria","Cerithidea californica","species","California Horn Snail","adults",2,29
"546","parasitic","Gyrodactylus sp.","genus","Gyrodactylus sp.","adults","Atherinops affinis","species","Topsmelt","adults",43,16
"547","parasitic","Glossocercus sp.","genus","Glossocercus sp.","adults","Aechmophorus occidentalis","species","Western Grebe","adults",42,6
"548","parasitic","Aedes taeniorhynchus","species","Black Salt Marsh Mosquito","adults","Charadrius vociferus","species","Killdeer","adults",6,32
"549","parasitic","Aedes taeniorhynchus","species","Black Salt Marsh Mosquito","adults","Limnodromus scilopaceus","species","Long-billed Dowitcher","adults",6,64
"550","parasitic","Culex tarsalis","species","Western Encephalitis Mosquito","adults","Charadrius vociferus","species","Killdeer","adults",33,32
"551","parasitic","Himasthla rhigedana","species","Himasthla rhigedana","adults","Limnodromus scilopaceus","species","Long-billed Dowitcher","adults",46,64
"552","parasitic","Culex tarsalis","species","Western Encephalitis Mosquito","adults","Limnodromus scilopaceus","species","Long-billed Dowitcher","adults",33,64
"553","parasitic","Acanthoparyphium spinulosum","species","Acanthoparyphium spinulosum","adults","Charadrius semipalmatus","species","Semipalmated Plover","adults",2,31
"554","parasitic","Gyrodactylus sp.","genus","Gyrodactylus sp.","adults","Cymatogaster aggregata","species","Shiner Surfperch","adults",43,40
"555","parasitic","Parorchis acanthus","species","Parorchis acanthus","adults","Tringa melanoleuca","species","Greater Yellowlegs","adults",71,116
"556","parasitic","Acanthoparyphium spinulosum","species","Acanthoparyphium spinulosum","adults","Calidris alpina","species","Dunlin","adults",2,20
"557","parasitic","Aedes taeniorhynchus","species","Black Salt Marsh Mosquito","adults","Ceryle alcyon","species","Belted Kingfisher","adults",6,30
"558","parasitic","Glossocercus sp.","genus","Glossocercus sp.","adults","Phalacrocorax penicillatus","species","Double-crested Cormorant","adults",42,88
"559","parasitic","Cloacitrema michiganiensis","species","Cloacitrema michiganiensis","adults","Calidris minutilla","species","Least Sandpiper","adults",31,22
"560","parasitic","Parorchis acanthus","species","Parorchis acanthus","adults","Larus philadelphia","species","Bonaparte's Gull","adults",71,62
"561","parasitic","Aedes taeniorhynchus","species","Black Salt Marsh Mosquito","adults","Tringa melanoleuca","species","Greater Yellowlegs","adults",6,116
"562","parasitic","Glossocercus sp.","genus","Glossocercus sp.","adults","Ardea herodius","species","Great Blue Heron","adults",42,14
"563","parasitic","Culex tarsalis","species","Western Encephalitis Mosquito","adults","Ceryle alcyon","species","Belted Kingfisher","adults",33,30
"564","parasitic","Parorchis acanthus","species","Parorchis acanthus","adults","Pluvialis squatarola","species","Black-bellied Plover","adults",71,92
"565","parasitic","Cloacitrema michiganiensis","species","Cloacitrema michiganiensis","metacercaria","Hemigrapsus oregonensis","species","Green Shore Crab","adults",31,53
"566","parasitic","Parorchis acanthus","species","Parorchis acanthus","metacercaria","Hemigrapsus oregonensis","species","Green Shore Crab","adults",71,53
"567","parasitic","Cloacitrema michiganiensis","species","Cloacitrema michiganiensis","adults","Calidris mauri","species","Western Sandpiper","adults",31,21
"568","parasitic","Culex tarsalis","species","Western Encephalitis Mosquito","adults","Tringa melanoleuca","species","Greater Yellowlegs","adults",33,116
"569","parasitic","Cloacitrema michiganiensis","species","Cloacitrema michiganiensis","metacercaria","Cerithidea californica","species","California Horn Snail","adults",31,29
"570","parasitic","Parorchis acanthus","species","Parorchis acanthus","metacercaria","Cerithidea californica","species","California Horn Snail","adults",71,29
"571","parasitic","Himasthla rhigedana","species","Himasthla rhigedana","metacercaria","Neotrypaea californiensis","species","Calfornia Ghost Shrimp","adults",46,76
"572","parasitic","Parorchis acanthus","species","Parorchis acanthus","adults","Catoptrophorus semipalmatus","species","Willet","adults",71,28
"573","parasitic","Aedes taeniorhynchus","species","Black Salt Marsh Mosquito","adults","Larus philadelphia","species","Bonaparte's Gull","adults",6,62
"574","parasitic","Himasthla rhigedana","species","Himasthla rhigedana","adults","Larus philadelphia","species","Bonaparte's Gull","adults",46,62
"575","parasitic","Aedes taeniorhynchus","species","Black Salt Marsh Mosquito","adults","Pluvialis squatarola","species","Black-bellied Plover","adults",6,92
"576","parasitic","Renicola buchanani","species","Renicola buchanani","metacercaria","Clevelandia ios","species","Arrow Goby","adults",86,33
"577","parasitic","Parorchis acanthus","species","Parorchis acanthus","adults","Recurvirostra americana","species","American Avocet","adults",71,101
"578","parasitic","Himasthla rhigedana","species","Himasthla rhigedana","adults","Pluvialis squatarola","species","Black-bellied Plover","adults",46,92
"579","parasitic","Aedes taeniorhynchus","species","Black Salt Marsh Mosquito","adults","Butorides virescens","species","Green Heron","adults",6,19
"580","parasitic","Culex tarsalis","species","Western Encephalitis Mosquito","adults","Larus philadelphia","species","Bonaparte's Gull","adults",33,62
"581","parasitic","Stictodora hancocki","species","Stictodora hancocki","metacercaria","Clevelandia ios","species","Arrow Goby","adults",92,33
"582","parasitic","Culex tarsalis","species","Western Encephalitis Mosquito","adults","Pluvialis squatarola","species","Black-bellied Plover","adults",33,92
"583","parasitic","Acanthoparyphium spinulosum","species","Acanthoparyphium spinulosum","adults","Limnodromus scilopaceus","species","Long-billed Dowitcher","adults",2,64
"584","parasitic","Aedes taeniorhynchus","species","Black Salt Marsh Mosquito","adults","Catoptrophorus semipalmatus","species","Willet","adults",6,28
"585","parasitic","Culex tarsalis","species","Western Encephalitis Mosquito","adults","Butorides virescens","species","Green Heron","adults",33,19
"586","parasitic","Parorchis acanthus","species","Parorchis acanthus","adults","Limosa fedoa","species","Marbled Godwit","adults",71,66
"587","parasitic","Himasthla rhigedana","species","Himasthla rhigedana","adults","Catoptrophorus semipalmatus","species","Willet","adults",46,28
"588","parasitic","Parorchis acanthus","species","Parorchis acanthus","adults","Egretta thula","species","Snowy Egret","adults",71,44
"589","parasitic","Cloacitrema michiganiensis","species","Cloacitrema michiganiensis","metacercaria","Uca crenulata","species","Fiddler Crab","adults",31,117
"590","parasitic","Parorchis acanthus","species","Parorchis acanthus","metacercaria","Uca crenulata","species","Fiddler Crab","adults",71,117
"591","parasitic","Phocitremoides ovale","species","Phocitremoides ovale","metacercaria","Clevelandia ios","species","Arrow Goby","adults",74,33
"592","parasitic","Aedes taeniorhynchus","species","Black Salt Marsh Mosquito","adults","Recurvirostra americana","species","American Avocet","adults",6,101
"593","parasitic","Parorchis acanthus","species","Parorchis acanthus","adults","Bucephala albeola","species","Bufflehead","adults",71,18
"594","parasitic","Parorchis acanthus","species","Parorchis acanthus","adults","Numenius phaeopus","species","Whimbrel","adults",71,78
"595","parasitic","Culex tarsalis","species","Western Encephalitis Mosquito","adults","Catoptrophorus semipalmatus","species","Willet","adults",33,28
"596","parasitic","Parorchis acanthus","species","Parorchis acanthus","adults","Podilymbus podiceps","species","Pied-billed Grebe","adults",71,93
"597","parasitic","Mesostephanus appendiculatus","species","Mesostephanus appendiculatus","metacercaria","Atherinops affinis","species","Topsmelt","adults",61,16
"598","parasitic","Renicola buchanani","species","Renicola buchanani","metacercaria","Fundulus parvipinnis","species","California Killifish","adults",86,49
"599","parasitic","Aedes taeniorhynchus","species","Black Salt Marsh Mosquito","adults","Anas crecca","species","Green-winged Teal","adults",6,9
"600","parasitic","Aedes taeniorhynchus","species","Black Salt Marsh Mosquito","adults","Egretta caerulea","species","Little Blue Heron","adults",6,43
"601","parasitic","Culex tarsalis","species","Western Encephalitis Mosquito","adults","Recurvirostra americana","species","American Avocet","adults",33,101
"602","parasitic","Himasthla rhigedana","species","Himasthla rhigedana","metacercaria","Upogebia macginitieorum","species","Southern Mud Shrimp","adults",46,118
"603","parasitic","Himasthla rhigedana","species","Himasthla rhigedana","metacercaria","Pachygrapsus crassipes","species","Striped Shore Crab","adults",46,83
"604","parasitic","Aedes taeniorhynchus","species","Black Salt Marsh Mosquito","adults","Anas cyanoptera","species","Cinnamon Teal","adults",6,10
"605","parasitic","Aedes taeniorhynchus","species","Black Salt Marsh Mosquito","adults","Accipiter cooperi","species","Cooper's Hawk","adults",6,3
"606","parasitic","Aedes taeniorhynchus","species","Black Salt Marsh Mosquito","adults","Anas discors","species","Blue-winged Teal","adults",6,11
"607","parasitic","Cloacitrema michiganiensis","species","Cloacitrema michiganiensis","adults","Charadrius semipalmatus","species","Semipalmated Plover","adults",31,31
"608","parasitic","Aedes taeniorhynchus","species","Black Salt Marsh Mosquito","adults","Limosa fedoa","species","Marbled Godwit","adults",6,66
"609","parasitic","Parorchis acanthus","species","Parorchis acanthus","adults","Larus canus","species","Mew Gull","adults",71,60
"610","parasitic","Aedes taeniorhynchus","species","Black Salt Marsh Mosquito","adults","Egretta thula","species","Snowy Egret","adults",6,44
"611","parasitic","Stictodora hancocki","species","Stictodora hancocki","metacercaria","Fundulus parvipinnis","species","California Killifish","adults",92,49
"612","parasitic","Himasthla rhigedana","species","Himasthla rhigedana","adults","Limosa fedoa","species","Marbled Godwit","adults",46,66
"613","parasitic","Himasthla rhigedana","species","Himasthla rhigedana","adults","Egretta thula","species","Snowy Egret","adults",46,44
"614","parasitic","Culex tarsalis","species","Western Encephalitis Mosquito","adults","Anas crecca","species","Green-winged Teal","adults",33,9
"615","parasitic","Culex tarsalis","species","Western Encephalitis Mosquito","adults","Egretta caerulea","species","Little Blue Heron","adults",33,43
"616","parasitic","Parorchis acanthus","species","Parorchis acanthus","adults","Larus delawarensis","species","Ring-billed Gull","adults",71,61
"617","parasitic","Glossocercus sp.","genus","Glossocercus sp.","plerocercoid","Paralichthys californicus","species","California Halibut","adults",42,84
"618","parasitic","Cloacitrema michiganiensis","species","Cloacitrema michiganiensis","adults","Calidris alpina","species","Dunlin","adults",31,20
"619","parasitic","Aedes taeniorhynchus","species","Black Salt Marsh Mosquito","adults","Corvus brachyrhynchos","species","American Crow","adults",6,36
"620","parasitic","Aedes taeniorhynchus","species","Black Salt Marsh Mosquito","adults","Bucephala albeola","species","Bufflehead","adults",6,18
"621","parasitic","Aedes taeniorhynchus","species","Black Salt Marsh Mosquito","adults","Numenius phaeopus","species","Whimbrel","adults",6,78
"622","parasitic","Culex tarsalis","species","Western Encephalitis Mosquito","adults","Anas cyanoptera","species","Cinnamon Teal","adults",33,10
"623","parasitic","Culex tarsalis","species","Western Encephalitis Mosquito","adults","Accipiter cooperi","species","Cooper's Hawk","adults",33,3
"624","parasitic","Aedes taeniorhynchus","species","Black Salt Marsh Mosquito","adults","Podilymbus podiceps","species","Pied-billed Grebe","adults",6,93
"625","parasitic","Culex tarsalis","species","Western Encephalitis Mosquito","adults","Anas discors","species","Blue-winged Teal","adults",33,11
"626","parasitic","Himasthla rhigedana","species","Himasthla rhigedana","adults","Bucephala albeola","species","Bufflehead","adults",46,18
"627","parasitic","Culex tarsalis","species","Western Encephalitis Mosquito","adults","Limosa fedoa","species","Marbled Godwit","adults",33,66
"628","parasitic","Himasthla rhigedana","species","Himasthla rhigedana","metacercaria","Tagelus subteres","species","Lesser Tagelus","adults",46,112
"629","parasitic","Acanthoparyphium spinulosum","species","Acanthoparyphium spinulosum","adults","Tringa melanoleuca","species","Greater Yellowlegs","adults",2,116
"630","parasitic","Himasthla rhigedana","species","Himasthla rhigedana","adults","Numenius phaeopus","species","Whimbrel","adults",46,78
"631","parasitic","Culex tarsalis","species","Western Encephalitis Mosquito","adults","Egretta thula","species","Snowy Egret","adults",33,44
"632","parasitic","Catatropis johnstoni","species","Catatropis johnstoni","adults","Calidris minutilla","species","Least Sandpiper","adults",25,22
"633","parasitic","Himasthla rhigedana","species","Himasthla rhigedana","adults","Podilymbus podiceps","species","Pied-billed Grebe","adults",46,93
"634","parasitic","Acanthoparyphium spinulosum","species","Acanthoparyphium spinulosum","metacercaria","Tagelus affinis","species","Fat Jackknife Clam","adults",2,110
"635","parasitic","Acanthoparyphium spinulosum","species","Acanthoparyphium spinulosum","metacercaria","Macoma nasuta","species","Bent-nosed Clam","adults",2,67
"636","parasitic","Phocitremoides ovale","species","Phocitremoides ovale","metacercaria","Fundulus parvipinnis","species","California Killifish","adults",74,49
"637","parasitic","Culex tarsalis","species","Western Encephalitis Mosquito","adults","Corvus brachyrhynchos","species","American Crow","adults",33,36
"638","parasitic","Culex tarsalis","species","Western Encephalitis Mosquito","adults","Bucephala albeola","species","Bufflehead","adults",33,18
"639","parasitic","Mesostephanus appendiculatus","species","Mesostephanus appendiculatus","metacercaria","Cymatogaster aggregata","species","Shiner Surfperch","adults",61,40
"640","parasitic","Culex tarsalis","species","Western Encephalitis Mosquito","adults","Numenius phaeopus","species","Whimbrel","adults",33,78
"641","parasitic","Culex tarsalis","species","Western Encephalitis Mosquito","adults","Podilymbus podiceps","species","Pied-billed Grebe","adults",33,93
"642","parasitic","Aedes taeniorhynchus","species","Black Salt Marsh Mosquito","adults","Larus canus","species","Mew Gull","adults",6,60
"643","parasitic","Parorchis acanthus","species","Parorchis acanthus","adults","Fulica americana","species","American Coot","adults",71,48
"644","parasitic","Himasthla rhigedana","species","Himasthla rhigedana","adults","Larus canus","species","Mew Gull","adults",46,60
"645","parasitic","Catatropis johnstoni","species","Catatropis johnstoni","adults","Calidris mauri","species","Western Sandpiper","adults",25,21
"646","parasitic","Aedes taeniorhynchus","species","Black Salt Marsh Mosquito","adults","Larus delawarensis","species","Ring-billed Gull","adults",6,61
"647","parasitic","Acanthoparyphium spinulosum","species","Acanthoparyphium spinulosum","adults","Larus philadelphia","species","Bonaparte's Gull","adults",2,62
"648","parasitic","Himasthla rhigedana","species","Himasthla rhigedana","adults","Larus delawarensis","species","Ring-billed Gull","adults",46,61
"649","parasitic","Culex tarsalis","species","Western Encephalitis Mosquito","adults","Larus canus","species","Mew Gull","adults",33,60
"650","parasitic","Aedes taeniorhynchus","species","Black Salt Marsh Mosquito","adults","Oxyura jamaicensis","species","Ruddy Duck","adults",6,82
"651","parasitic","Parorchis acanthus","species","Parorchis acanthus","adults","Larus californicus","species","California Gull","adults",71,59
"652","parasitic","Renicola cerithidicola","species","Renicola cerithidicola","metacercaria","Fundulus parvipinnis","species","California Killifish","adults",87,49
"653","parasitic","Acanthoparyphium spinulosum","species","Acanthoparyphium spinulosum","adults","Pluvialis squatarola","species","Black-bellied Plover","adults",2,92
"654","parasitic","Parorchis acanthus","species","Parorchis acanthus","adults","Numenius americanus","species","Long-billed Curlew","adults",71,77
"655","parasitic","Culex tarsalis","species","Western Encephalitis Mosquito","adults","Larus delawarensis","species","Ring-billed Gull","adults",33,61
"656","parasitic","Gyrodactylus sp.","genus","Gyrodactylus sp.","adults","Gillichthys mirabilis","species","Long-jawed Mudsucker","adults",43,50
"657","parasitic","Culex tarsalis","species","Western Encephalitis Mosquito","adults","Oxyura jamaicensis","species","Ruddy Duck","adults",33,82
"658","parasitic","Aedes taeniorhynchus","species","Black Salt Marsh Mosquito","adults","Fulica americana","species","American Coot","adults",6,48
"659","parasitic","Aedes taeniorhynchus","species","Black Salt Marsh Mosquito","adults","Sterna caspia","species","Caspian Tern","adults",6,108
"660","parasitic","Acanthoparyphium spinulosum","species","Acanthoparyphium spinulosum","metacercaria","Tagelus subteres","species","Lesser Tagelus","adults",2,112
"661","parasitic","Parorchis acanthus","species","Parorchis acanthus","adults","Nycticorax nycticorax","species","Black-crowned Night Heron","adults",71,80
"662","parasitic","Acanthoparyphium spinulosum","species","Acanthoparyphium spinulosum","adults","Catoptrophorus semipalmatus","species","Willet","adults",2,28
"663","parasitic","Austrobilharzia sp.","genus","Austrobilharzia sp.","adults","Calidris mauri","species","Western Sandpiper","adults",16,21
"664","parasitic","Parorchis acanthus","species","Parorchis acanthus","adults","Melanitta perspicillata","species","Surf Scoter","adults",71,71
"665","parasitic","Aedes taeniorhynchus","species","Black Salt Marsh Mosquito","adults","Larus californicus","species","California Gull","adults",6,59
"666","parasitic","Culex tarsalis","species","Western Encephalitis Mosquito","adults","Fulica americana","species","American Coot","adults",33,48
"667","parasitic","Aedes taeniorhynchus","species","Black Salt Marsh Mosquito","adults","Numenius americanus","species","Long-billed Curlew","adults",6,77
"668","parasitic","Culex tarsalis","species","Western Encephalitis Mosquito","adults","Sterna caspia","species","Caspian Tern","adults",33,108
"669","parasitic","Cloacitrema michiganiensis","species","Cloacitrema michiganiensis","metacercaria","Neotrypaea californiensis","species","Calfornia Ghost Shrimp","adults",31,76
"670","parasitic","Parorchis acanthus","species","Parorchis acanthus","metacercaria","Neotrypaea californiensis","species","Calfornia Ghost Shrimp","adults",71,76
"671","parasitic","Himasthla rhigedana","species","Himasthla rhigedana","adults","Larus californicus","species","California Gull","adults",46,59
"672","parasitic","Aedes taeniorhynchus","species","Black Salt Marsh Mosquito","adults","Anas americana","species","American Wigeon","adults",6,8
"673","parasitic","Acanthoparyphium spinulosum","species","Acanthoparyphium spinulosum","adults","Recurvirostra americana","species","American Avocet","adults",2,101
"674","parasitic","Himasthla rhigedana","species","Himasthla rhigedana","adults","Numenius americanus","species","Long-billed Curlew","adults",46,77
"675","parasitic","Cloacitrema michiganiensis","species","Cloacitrema michiganiensis","adults","Limnodromus scilopaceus","species","Long-billed Dowitcher","adults",31,64
"676","parasitic","Gyrodactylus sp.","genus","Gyrodactylus sp.","adults","Hypsopsetta guttulata","species","Diamond Turbot","adults",43,56
"677","parasitic","Culex tarsalis","species","Western Encephalitis Mosquito","adults","Larus californicus","species","California Gull","adults",33,59
"678","parasitic","Culex tarsalis","species","Western Encephalitis Mosquito","adults","Numenius americanus","species","Long-billed Curlew","adults",33,77
"679","parasitic","Aedes taeniorhynchus","species","Black Salt Marsh Mosquito","adults","Nycticorax nycticorax","species","Black-crowned Night Heron","adults",6,80
"680","parasitic","Aedes taeniorhynchus","species","Black Salt Marsh Mosquito","adults","Egretta alba","species","Great Egret","adults",6,42
"681","parasitic","Gyrodactylus sp.","genus","Gyrodactylus sp.","adults","Acanthogobius flavimanus","species","Yellow-fin Goby","adults",43,1
"682","parasitic","Culex tarsalis","species","Western Encephalitis Mosquito","adults","Anas americana","species","American Wigeon","adults",33,8
"683","parasitic","Himasthla rhigedana","species","Himasthla rhigedana","adults","Nycticorax nycticorax","species","Black-crowned Night Heron","adults",46,80
"684","parasitic","Euhaplorchis californiensis","species","Euhaplorchis californiensis","metacercaria","Fundulus parvipinnis","species","California Killifish","adults",38,49
"685","parasitic","Acanthoparyphium spinulosum","species","Acanthoparyphium spinulosum","adults","Limosa fedoa","species","Marbled Godwit","adults",2,66
"686","parasitic","Gyrodactylus sp.","genus","Gyrodactylus sp.","adults","Leptocottus armatus","species","Staghorn Sculpin","adults",43,63
"687","parasitic","Aedes taeniorhynchus","species","Black Salt Marsh Mosquito","adults","Melanitta perspicillata","species","Surf Scoter","adults",6,71
"688","parasitic","Himasthla rhigedana","species","Himasthla rhigedana","adults","Melanitta perspicillata","species","Surf Scoter","adults",46,71
"689","parasitic","Culex tarsalis","species","Western Encephalitis Mosquito","adults","Nycticorax nycticorax","species","Black-crowned Night Heron","adults",33,80
"690","parasitic","Culex tarsalis","species","Western Encephalitis Mosquito","adults","Egretta alba","species","Great Egret","adults",33,42
"691","parasitic","Acanthoparyphium spinulosum","species","Acanthoparyphium spinulosum","adults","Bucephala albeola","species","Bufflehead","adults",2,18
"692","parasitic","Aedes taeniorhynchus","species","Black Salt Marsh Mosquito","adults","Mergus serrator","species","Red-breasted Merganser","adults",6,72
"693","parasitic","Cloacitrema michiganiensis","species","Cloacitrema michiganiensis","metacercaria","Tagelus affinis","species","Fat Jackknife Clam","adults",31,110
"694","parasitic","Parorchis acanthus","species","Parorchis acanthus","metacercaria","Tagelus affinis","species","Fat Jackknife Clam","adults",71,110
"695","parasitic","Cloacitrema michiganiensis","species","Cloacitrema michiganiensis","metacercaria","Macoma nasuta","species","Bent-nosed Clam","adults",31,67
"696","parasitic","Parorchis acanthus","species","Parorchis acanthus","metacercaria","Macoma nasuta","species","Bent-nosed Clam","adults",71,67
"697","parasitic","Catatropis johnstoni","species","Catatropis johnstoni","adults","Calidris alpina","species","Dunlin","adults",25,20
"698","parasitic","Culex tarsalis","species","Western Encephalitis Mosquito","adults","Melanitta perspicillata","species","Surf Scoter","adults",33,71
"699","parasitic","Gyrodactylus sp.","genus","Gyrodactylus sp.","adults","Paralichthys californicus","species","California Halibut","adults",43,84
"700","parasitic","Aedes taeniorhynchus","species","Black Salt Marsh Mosquito","adults","Anas platyrhynchos","species","Mallard","adults",6,12
"701","parasitic","Culex tarsalis","species","Western Encephalitis Mosquito","adults","Mergus serrator","species","Red-breasted Merganser","adults",33,72
"702","parasitic","Acanthoparyphium spinulosum","species","Acanthoparyphium spinulosum","adults","Larus canus","species","Mew Gull","adults",2,60
"703","parasitic","Acanthoparyphium spinulosum","species","Acanthoparyphium spinulosum","metacercaria","Protothaca staminea","species","Pacific Littleneck Clam","adults",2,99
"704","parasitic","Pygidiopsoides spindalis","species","Pygidiopsoides spindalis","adults","Calidris minutilla","species","Least Sandpiper","adults",84,22
"705","parasitic","Aedes taeniorhynchus","species","Black Salt Marsh Mosquito","adults","Aechmophorus occidentalis","species","Western Grebe","adults",6,6
"706","parasitic","Cloacitrema michiganiensis","species","Cloacitrema michiganiensis","metacercaria","Pachygrapsus crassipes","species","Striped Shore Crab","adults",31,83
"707","parasitic","Parorchis acanthus","species","Parorchis acanthus","metacercaria","Pachygrapsus crassipes","species","Striped Shore Crab","adults",71,83
"708","parasitic","Acanthoparyphium spinulosum","species","Acanthoparyphium spinulosum","adults","Larus delawarensis","species","Ring-billed Gull","adults",2,61
"709","parasitic","Acanthoparyphium spinulosum","species","Acanthoparyphium spinulosum","metacercaria","Tagelus californianus","species","California Jackknife Clam","adults",2,111
"710","parasitic","Culex tarsalis","species","Western Encephalitis Mosquito","adults","Anas platyrhynchos","species","Mallard","adults",33,12
"711","parasitic","Aedes taeniorhynchus","species","Black Salt Marsh Mosquito","adults","Catjartes aura","species","Turkey Vulture","adults",6,27
"712","parasitic","Austrobilharzia sp.","genus","Austrobilharzia sp.","adults","Calidris alpina","species","Dunlin","adults",16,20
"713","parasitic","Culex tarsalis","species","Western Encephalitis Mosquito","adults","Aechmophorus occidentalis","species","Western Grebe","adults",33,6
"714","parasitic","Cloacitrema michiganiensis","species","Cloacitrema michiganiensis","metacercaria","Tagelus subteres","species","Lesser Tagelus","adults",31,112
"715","parasitic","Parorchis acanthus","species","Parorchis acanthus","metacercaria","Tagelus subteres","species","Lesser Tagelus","adults",71,112
"716","parasitic","Cloacitrema michiganiensis","species","Cloacitrema michiganiensis","adults","Larus philadelphia","species","Bonaparte's Gull","adults",31,62
"717","parasitic","Culex tarsalis","species","Western Encephalitis Mosquito","adults","Catjartes aura","species","Turkey Vulture","adults",33,27
"718","parasitic","Acanthoparyphium spinulosum","species","Acanthoparyphium spinulosum","adults","Fulica americana","species","American Coot","adults",2,48
"719","parasitic","Renicola buchanani","species","Renicola buchanani","adults","Calidris minutilla","species","Least Sandpiper","adults",86,22
"720","parasitic","Renicola cerithidicola","species","Renicola cerithidicola","adults","Calidris minutilla","species","Least Sandpiper","adults",87,22
"721","parasitic","Renicola buchanani","species","Renicola buchanani","metacercaria","Atherinops affinis","species","Topsmelt","adults",86,16
"722","parasitic","Cloacitrema michiganiensis","species","Cloacitrema michiganiensis","adults","Pluvialis squatarola","species","Black-bellied Plover","adults",31,92
"723","parasitic","Stictodora hancocki","species","Stictodora hancocki","adults","Calidris minutilla","species","Least Sandpiper","adults",92,22
"724","parasitic","Maritrema sp.","genus","Maritrema sp.","adults","Calidris minutilla","species","Least Sandpiper","adults",58,22
"725","parasitic","Acanthoparyphium spinulosum","species","Acanthoparyphium spinulosum","adults","Larus californicus","species","California Gull","adults",2,59
"726","parasitic","Stictodora hancocki","species","Stictodora hancocki","metacercaria","Atherinops affinis","species","Topsmelt","adults",92,16
"727","parasitic","Acanthoparyphium spinulosum","species","Acanthoparyphium spinulosum","adults","Numenius americanus","species","Long-billed Curlew","adults",2,77
"728","parasitic","Cloacitrema michiganiensis","species","Cloacitrema michiganiensis","adults","Catoptrophorus semipalmatus","species","Willet","adults",31,28
"729","parasitic","Aedes taeniorhynchus","species","Black Salt Marsh Mosquito","adults","Phalacrocorax penicillatus","species","Double-crested Cormorant","adults",6,88
"730","parasitic","Phocitremoides ovale","species","Phocitremoides ovale","metacercaria","Atherinops affinis","species","Topsmelt","adults",74,16
"731","parasitic","Aedes taeniorhynchus","species","Black Salt Marsh Mosquito","adults","Ardea herodius","species","Great Blue Heron","adults",6,14
"732","parasitic","Acanthoparyphium spinulosum","species","Acanthoparyphium spinulosum","adults","Melanitta perspicillata","species","Surf Scoter","adults",2,71
"733","parasitic","Mesostephanus appendiculatus","species","Mesostephanus appendiculatus","metacercaria","Gillichthys mirabilis","species","Long-jawed Mudsucker","adults",61,50
"734","parasitic","Renicola buchanani","species","Renicola buchanani","metacercaria","Cymatogaster aggregata","species","Shiner Surfperch","adults",86,40
"735","parasitic","Catatropis johnstoni","species","Catatropis johnstoni","metacercaria","Cerithidea californica","species","California Horn Snail","adults",25,29
"736","parasitic","Culex tarsalis","species","Western Encephalitis Mosquito","adults","Phalacrocorax penicillatus","species","Double-crested Cormorant","adults",33,88
"737","parasitic","Stictodora hancocki","species","Stictodora hancocki","metacercaria","Cymatogaster aggregata","species","Shiner Surfperch","adults",92,40
"738","parasitic","Culex tarsalis","species","Western Encephalitis Mosquito","adults","Ardea herodius","species","Great Blue Heron","adults",33,14
"739","parasitic","Cloacitrema michiganiensis","species","Cloacitrema michiganiensis","adults","Limosa fedoa","species","Marbled Godwit","adults",31,66
"740","parasitic","Cloacitrema michiganiensis","species","Cloacitrema michiganiensis","adults","Egretta thula","species","Snowy Egret","adults",31,44
"741","parasitic","Austrobilharzia sp.","genus","Austrobilharzia sp.","adults","Limnodromus scilopaceus","species","Long-billed Dowitcher","adults",16,64
"742","parasitic","Mesostephanus appendiculatus","species","Mesostephanus appendiculatus","metacercaria","Hypsopsetta guttulata","species","Diamond Turbot","adults",61,56
"743","parasitic","Cloacitrema michiganiensis","species","Cloacitrema michiganiensis","adults","Bucephala albeola","species","Bufflehead","adults",31,18
"744","parasitic","Cloacitrema michiganiensis","species","Cloacitrema michiganiensis","adults","Numenius phaeopus","species","Whimbrel","adults",31,78
"745","parasitic","Cloacitrema michiganiensis","species","Cloacitrema michiganiensis","metacercaria","Tagelus californianus","species","California Jackknife Clam","adults",31,111
"746","parasitic","Parorchis acanthus","species","Parorchis acanthus","metacercaria","Tagelus californianus","species","California Jackknife Clam","adults",71,111
"747","parasitic","Pygidiopsoides spindalis","species","Pygidiopsoides spindalis","adults","Calidris alpina","species","Dunlin","adults",84,20
"748","parasitic","Cloacitrema michiganiensis","species","Cloacitrema michiganiensis","adults","Podilymbus podiceps","species","Pied-billed Grebe","adults",31,93
"749","parasitic","Phocitremoides ovale","species","Phocitremoides ovale","metacercaria","Cymatogaster aggregata","species","Shiner Surfperch","adults",74,40
"750","parasitic","Catatropis johnstoni","species","Catatropis johnstoni","adults","Tringa melanoleuca","species","Greater Yellowlegs","adults",25,116
"751","parasitic","Mesostephanus appendiculatus","species","Mesostephanus appendiculatus","metacercaria","Leptocottus armatus","species","Staghorn Sculpin","adults",61,63
"752","parasitic","Cloacitrema michiganiensis","species","Cloacitrema michiganiensis","adults","Larus canus","species","Mew Gull","adults",31,60
"753","parasitic","Cloacitrema michiganiensis","species","Cloacitrema michiganiensis","adults","Larus delawarensis","species","Ring-billed Gull","adults",31,61
"754","parasitic","Renicola buchanani","species","Renicola buchanani","adults","Calidris alpina","species","Dunlin","adults",86,20
"755","parasitic","Renicola cerithidicola","species","Renicola cerithidicola","adults","Calidris alpina","species","Dunlin","adults",87,20
"756","parasitic","Stictodora hancocki","species","Stictodora hancocki","adults","Calidris alpina","species","Dunlin","adults",92,20
"757","parasitic","Maritrema sp.","genus","Maritrema sp.","adults","Calidris alpina","species","Dunlin","adults",58,20
"758","parasitic","Catatropis johnstoni","species","Catatropis johnstoni","adults","Pluvialis squatarola","species","Black-bellied Plover","adults",25,92
"759","parasitic","Mesostephanus appendiculatus","species","Mesostephanus appendiculatus","adults","Limnodromus scilopaceus","species","Long-billed Dowitcher","adults",61,64
"760","parasitic","Cloacitrema michiganiensis","species","Cloacitrema michiganiensis","adults","Fulica americana","species","American Coot","adults",31,48
"761","parasitic","Catatropis johnstoni","species","Catatropis johnstoni","adults","Catoptrophorus semipalmatus","species","Willet","adults",25,28
"762","parasitic","Cloacitrema michiganiensis","species","Cloacitrema michiganiensis","adults","Larus californicus","species","California Gull","adults",31,59
"763","parasitic","Cloacitrema michiganiensis","species","Cloacitrema michiganiensis","adults","Numenius americanus","species","Long-billed Curlew","adults",31,77
"764","parasitic","Aedes taeniorhynchus","species","Black Salt Marsh Mosquito","adults","Procyon locator","species","Raccoon","adults",6,98
"765","parasitic","Catatropis johnstoni","species","Catatropis johnstoni","adults","Recurvirostra americana","species","American Avocet","adults",25,101
"766","parasitic","Pygidiopsoides spindalis","species","Pygidiopsoides spindalis","metacercaria","Clevelandia ios","species","Arrow Goby","adults",84,33
"767","parasitic","Pygidiopsoides spindalis","species","Pygidiopsoides spindalis","adults","Limnodromus scilopaceus","species","Long-billed Dowitcher","adults",84,64
"768","parasitic","Austrobilharzia sp.","genus","Austrobilharzia sp.","adults","Pluvialis squatarola","species","Black-bellied Plover","adults",16,92
"769","parasitic","Cloacitrema michiganiensis","species","Cloacitrema michiganiensis","adults","Nycticorax nycticorax","species","Black-crowned Night Heron","adults",31,80
"770","parasitic","Culex tarsalis","species","Western Encephalitis Mosquito","adults","Procyon locator","species","Raccoon","adults",33,98
"771","parasitic","Mesostephanus appendiculatus","species","Mesostephanus appendiculatus","adults","Ceryle alcyon","species","Belted Kingfisher","adults",61,30
"772","parasitic","Cloacitrema michiganiensis","species","Cloacitrema michiganiensis","adults","Melanitta perspicillata","species","Surf Scoter","adults",31,71
"773","parasitic","Phocitremoides ovale","species","Phocitremoides ovale","adults","Calidris minutilla","species","Least Sandpiper","adults",74,22
"774","parasitic","Austrobilharzia sp.","genus","Austrobilharzia sp.","adults","Catoptrophorus semipalmatus","species","Willet","adults",16,28
"775","parasitic","Mesostephanus appendiculatus","species","Mesostephanus appendiculatus","adults","Tringa melanoleuca","species","Greater Yellowlegs","adults",61,116
"776","parasitic","Renicola buchanani","species","Renicola buchanani","adults","Limnodromus scilopaceus","species","Long-billed Dowitcher","adults",86,64
"777","parasitic","Renicola cerithidicola","species","Renicola cerithidicola","adults","Limnodromus scilopaceus","species","Long-billed Dowitcher","adults",87,64
"778","parasitic","Austrobilharzia sp.","genus","Austrobilharzia sp.","adults","Recurvirostra americana","species","American Avocet","adults",16,101
"779","parasitic","Stictodora hancocki","species","Stictodora hancocki","adults","Limnodromus scilopaceus","species","Long-billed Dowitcher","adults",92,64
"780","parasitic","Pygidiopsoides spindalis","species","Pygidiopsoides spindalis","adults","Ceryle alcyon","species","Belted Kingfisher","adults",84,30
"781","parasitic","Maritrema sp.","genus","Maritrema sp.","adults","Limnodromus scilopaceus","species","Long-billed Dowitcher","adults",58,64
"782","parasitic","Parvatrema sp.","genus","Parvatrema sp.","metacercaria","Tagelus affinis","species","Fat Jackknife Clam","adults",72,110
"783","parasitic","Pygidiopsoides spindalis","species","Pygidiopsoides spindalis","metacercaria","Fundulus parvipinnis","species","California Killifish","adults",84,49
"784","parasitic","Mesostephanus appendiculatus","species","Mesostephanus appendiculatus","adults","Larus philadelphia","species","Bonaparte's Gull","adults",61,62
"785","parasitic","Pygidiopsoides spindalis","species","Pygidiopsoides spindalis","adults","Tringa melanoleuca","species","Greater Yellowlegs","adults",84,116
"786","parasitic","Euhaplorchis californiensis","species","Euhaplorchis californiensis","adults","Calidris minutilla","species","Least Sandpiper","adults",38,22
"787","parasitic","Mesostephanus appendiculatus","species","Mesostephanus appendiculatus","adults","Pluvialis squatarola","species","Black-bellied Plover","adults",61,92
"788","parasitic","Mesostephanus appendiculatus","species","Mesostephanus appendiculatus","adults","Butorides virescens","species","Green Heron","adults",61,19
"789","parasitic","Renicola buchanani","species","Renicola buchanani","adults","Ceryle alcyon","species","Belted Kingfisher","adults",86,30
"790","parasitic","Renicola cerithidicola","species","Renicola cerithidicola","adults","Ceryle alcyon","species","Belted Kingfisher","adults",87,30
"791","parasitic","Stictodora hancocki","species","Stictodora hancocki","adults","Ceryle alcyon","species","Belted Kingfisher","adults",92,30
"792","parasitic","Renicola buchanani","species","Renicola buchanani","metacercaria","Gillichthys mirabilis","species","Long-jawed Mudsucker","adults",86,50
"793","parasitic","Mesostephanus appendiculatus","species","Mesostephanus appendiculatus","adults","Catoptrophorus semipalmatus","species","Willet","adults",61,28
"794","parasitic","Pygidiopsoides spindalis","species","Pygidiopsoides spindalis","adults","Larus philadelphia","species","Bonaparte's Gull","adults",84,62
"795","parasitic","Austrobilharzia sp.","genus","Austrobilharzia sp.","adults","Larus canus","species","Mew Gull","adults",16,60
"796","parasitic","Pygidiopsoides spindalis","species","Pygidiopsoides spindalis","adults","Pluvialis squatarola","species","Black-bellied Plover","adults",84,92
"797","parasitic","Stictodora hancocki","species","Stictodora hancocki","adults","Tringa melanoleuca","species","Greater Yellowlegs","adults",92,116
"798","parasitic","Stictodora hancocki","species","Stictodora hancocki","metacercaria","Gillichthys mirabilis","species","Long-jawed Mudsucker","adults",92,50
"799","parasitic","Parvatrema sp.","genus","Parvatrema sp.","metacercaria","Tagelus subteres","species","Lesser Tagelus","adults",72,112
"800","parasitic","Mesostephanus appendiculatus","species","Mesostephanus appendiculatus","adults","Recurvirostra americana","species","American Avocet","adults",61,101
"801","parasitic","Pygidiopsoides spindalis","species","Pygidiopsoides spindalis","adults","Butorides virescens","species","Green Heron","adults",84,19
"802","parasitic","Austrobilharzia sp.","genus","Austrobilharzia sp.","adults","Larus delawarensis","species","Ring-billed Gull","adults",16,61
"803","parasitic","Pygidiopsoides spindalis","species","Pygidiopsoides spindalis","adults","Catoptrophorus semipalmatus","species","Willet","adults",84,28
"804","parasitic","Phocitremoides ovale","species","Phocitremoides ovale","metacercaria","Gillichthys mirabilis","species","Long-jawed Mudsucker","adults",74,50
"805","parasitic","Mesostephanus appendiculatus","species","Mesostephanus appendiculatus","adults","Limosa fedoa","species","Marbled Godwit","adults",61,66
"806","parasitic","Mesostephanus appendiculatus","species","Mesostephanus appendiculatus","adults","Egretta thula","species","Snowy Egret","adults",61,44
"807","parasitic","Stictodora hancocki","species","Stictodora hancocki","adults","Larus philadelphia","species","Bonaparte's Gull","adults",92,62
"808","parasitic","Stictodora hancocki","species","Stictodora hancocki","metacercaria","Hypsopsetta guttulata","species","Diamond Turbot","adults",92,56
"809","parasitic","Phocitremoides ovale","species","Phocitremoides ovale","adults","Calidris alpina","species","Dunlin","adults",74,20
"810","parasitic","Pygidiopsoides spindalis","species","Pygidiopsoides spindalis","adults","Recurvirostra americana","species","American Avocet","adults",84,101
"811","parasitic","Renicola buchanani","species","Renicola buchanani","adults","Butorides virescens","species","Green Heron","adults",86,19
"812","parasitic","Renicola cerithidicola","species","Renicola cerithidicola","adults","Butorides virescens","species","Green Heron","adults",87,19
"813","parasitic","Stictodora hancocki","species","Stictodora hancocki","adults","Pluvialis squatarola","species","Black-bellied Plover","adults",92,92
"814","parasitic","Catatropis johnstoni","species","Catatropis johnstoni","adults","Melanitta perspicillata","species","Surf Scoter","adults",25,71
"815","parasitic","Stictodora hancocki","species","Stictodora hancocki","metacercaria","Acanthogobius flavimanus","species","Yellow-fin Goby","adults",92,1
"816","parasitic","Mesostephanus appendiculatus","species","Mesostephanus appendiculatus","adults","Podilymbus podiceps","species","Pied-billed Grebe","adults",61,93
"817","parasitic","Maritrema sp.","genus","Maritrema sp.","adults","Pluvialis squatarola","species","Black-bellied Plover","adults",58,92
"818","parasitic","Stictodora hancocki","species","Stictodora hancocki","adults","Butorides virescens","species","Green Heron","adults",92,19
"819","parasitic","Austrobilharzia sp.","genus","Austrobilharzia sp.","adults","Larus californicus","species","California Gull","adults",16,59
"820","parasitic","Phocitremoides ovale","species","Phocitremoides ovale","metacercaria","Hypsopsetta guttulata","species","Diamond Turbot","adults",74,56
"821","parasitic","Renicola cerithidicola","species","Renicola cerithidicola","metacercaria","Gillichthys mirabilis","species","Long-jawed Mudsucker","adults",87,50
"822","parasitic","Pygidiopsoides spindalis","species","Pygidiopsoides spindalis","adults","Limosa fedoa","species","Marbled Godwit","adults",84,66
"823","parasitic","Pygidiopsoides spindalis","species","Pygidiopsoides spindalis","adults","Egretta thula","species","Snowy Egret","adults",84,44
"824","parasitic","Mesostephanus appendiculatus","species","Mesostephanus appendiculatus","adults","Larus canus","species","Mew Gull","adults",61,60
"825","parasitic","Stictodora hancocki","species","Stictodora hancocki","adults","Catoptrophorus semipalmatus","species","Willet","adults",92,28
"826","parasitic","Maritrema sp.","genus","Maritrema sp.","adults","Catoptrophorus semipalmatus","species","Willet","adults",58,28
"827","parasitic","Renicola buchanani","species","Renicola buchanani","adults","Recurvirostra americana","species","American Avocet","adults",86,101
"828","parasitic","Renicola cerithidicola","species","Renicola cerithidicola","adults","Recurvirostra americana","species","American Avocet","adults",87,101
"829","parasitic","Mesostephanus appendiculatus","species","Mesostephanus appendiculatus","adults","Larus delawarensis","species","Ring-billed Gull","adults",61,61
"830","parasitic","Euhaplorchis californiensis","species","Euhaplorchis californiensis","adults","Calidris alpina","species","Dunlin","adults",38,20
"831","parasitic","Pygidiopsoides spindalis","species","Pygidiopsoides spindalis","adults","Podilymbus podiceps","species","Pied-billed Grebe","adults",84,93
"832","parasitic","Stictodora hancocki","species","Stictodora hancocki","adults","Recurvirostra americana","species","American Avocet","adults",92,101
"833","parasitic","Stictodora hancocki","species","Stictodora hancocki","metacercaria","Paralichthys californicus","species","California Halibut","adults",92,84
"834","parasitic","Parvatrema sp.","genus","Parvatrema sp.","metacercaria","Tagelus californianus","species","California Jackknife Clam","adults",72,111
"835","parasitic","Pygidiopsoides spindalis","species","Pygidiopsoides spindalis","adults","Larus canus","species","Mew Gull","adults",84,60
"836","parasitic","Maritrema sp.","genus","Maritrema sp.","adults","Anas crecca","species","Green-winged Teal","adults",58,9
"837","parasitic","Phocitremoides ovale","species","Phocitremoides ovale","metacercaria","Paralichthys californicus","species","California Halibut","adults",74,84
"838","parasitic","Stictodora hancocki","species","Stictodora hancocki","adults","Limosa fedoa","species","Marbled Godwit","adults",92,66
"839","parasitic","Stictodora hancocki","species","Stictodora hancocki","adults","Egretta thula","species","Snowy Egret","adults",92,44
"840","parasitic","Pygidiopsoides spindalis","species","Pygidiopsoides spindalis","adults","Larus delawarensis","species","Ring-billed Gull","adults",84,61
"841","parasitic","Maritrema sp.","genus","Maritrema sp.","adults","Limosa fedoa","species","Marbled Godwit","adults",58,66
"842","parasitic","Renicola buchanani","species","Renicola buchanani","adults","Podilymbus podiceps","species","Pied-billed Grebe","adults",86,93
"843","parasitic","Renicola cerithidicola","species","Renicola cerithidicola","adults","Podilymbus podiceps","species","Pied-billed Grebe","adults",87,93
"844","parasitic","Mesostephanus appendiculatus","species","Mesostephanus appendiculatus","adults","Larus californicus","species","California Gull","adults",61,59
"845","parasitic","Maritrema sp.","genus","Maritrema sp.","adults","Bucephala albeola","species","Bufflehead","adults",58,18
"846","parasitic","Stictodora hancocki","species","Stictodora hancocki","adults","Podilymbus podiceps","species","Pied-billed Grebe","adults",92,93
"847","parasitic","Mesostephanus appendiculatus","species","Mesostephanus appendiculatus","adults","Numenius americanus","species","Long-billed Curlew","adults",61,77
"848","parasitic","Maritrema sp.","genus","Maritrema sp.","adults","Podilymbus podiceps","species","Pied-billed Grebe","adults",58,93
"849","parasitic","Phocitremoides ovale","species","Phocitremoides ovale","adults","Limnodromus scilopaceus","species","Long-billed Dowitcher","adults",74,64
"850","parasitic","Stictodora hancocki","species","Stictodora hancocki","adults","Larus canus","species","Mew Gull","adults",92,60
"851","parasitic","Mesostephanus appendiculatus","species","Mesostephanus appendiculatus","adults","Nycticorax nycticorax","species","Black-crowned Night Heron","adults",61,80
"852","parasitic","Mesostephanus appendiculatus","species","Mesostephanus appendiculatus","adults","Egretta alba","species","Great Egret","adults",61,42
"853","parasitic","Stictodora hancocki","species","Stictodora hancocki","adults","Larus delawarensis","species","Ring-billed Gull","adults",92,61
"854","parasitic","Pygidiopsoides spindalis","species","Pygidiopsoides spindalis","adults","Larus californicus","species","California Gull","adults",84,59
"855","parasitic","Pygidiopsoides spindalis","species","Pygidiopsoides spindalis","adults","Numenius americanus","species","Long-billed Curlew","adults",84,77
"856","parasitic","Pygidiopsoides spindalis","species","Pygidiopsoides spindalis","metacercaria","Atherinops affinis","species","Topsmelt","adults",84,16
"857","parasitic","Euhaplorchis californiensis","species","Euhaplorchis californiensis","adults","Limnodromus scilopaceus","species","Long-billed Dowitcher","adults",38,64
"858","parasitic","Phocitremoides ovale","species","Phocitremoides ovale","adults","Ceryle alcyon","species","Belted Kingfisher","adults",74,30
"859","parasitic","Pygidiopsoides spindalis","species","Pygidiopsoides spindalis","adults","Nycticorax nycticorax","species","Black-crowned Night Heron","adults",84,80
"860","parasitic","Pygidiopsoides spindalis","species","Pygidiopsoides spindalis","adults","Egretta alba","species","Great Egret","adults",84,42
"861","parasitic","Stictodora hancocki","species","Stictodora hancocki","adults","Fulica americana","species","American Coot","adults",92,48
"862","parasitic","Maritrema sp.","genus","Maritrema sp.","adults","Fulica americana","species","American Coot","adults",58,48
"863","parasitic","Phocitremoides ovale","species","Phocitremoides ovale","adults","Tringa melanoleuca","species","Greater Yellowlegs","adults",74,116
"864","parasitic","Stictodora hancocki","species","Stictodora hancocki","adults","Larus californicus","species","California Gull","adults",92,59
"865","parasitic","Stictodora hancocki","species","Stictodora hancocki","adults","Numenius americanus","species","Long-billed Curlew","adults",92,77
"866","parasitic","Renicola buchanani","species","Renicola buchanani","adults","Nycticorax nycticorax","species","Black-crowned Night Heron","adults",86,80
"867","parasitic","Renicola cerithidicola","species","Renicola cerithidicola","adults","Nycticorax nycticorax","species","Black-crowned Night Heron","adults",87,80
"868","parasitic","Renicola buchanani","species","Renicola buchanani","adults","Egretta alba","species","Great Egret","adults",86,42
"869","parasitic","Renicola cerithidicola","species","Renicola cerithidicola","adults","Egretta alba","species","Great Egret","adults",87,42
"870","parasitic","Pygidiopsoides spindalis","species","Pygidiopsoides spindalis","metacercaria","Cymatogaster aggregata","species","Shiner Surfperch","adults",84,40
"871","parasitic","Euhaplorchis californiensis","species","Euhaplorchis californiensis","adults","Ceryle alcyon","species","Belted Kingfisher","adults",38,30
"872","parasitic","Stictodora hancocki","species","Stictodora hancocki","adults","Nycticorax nycticorax","species","Black-crowned Night Heron","adults",92,80
"873","parasitic","Stictodora hancocki","species","Stictodora hancocki","adults","Egretta alba","species","Great Egret","adults",92,42
"874","parasitic","Phocitremoides ovale","species","Phocitremoides ovale","adults","Larus philadelphia","species","Bonaparte's Gull","adults",74,62
"875","parasitic","Phocitremoides ovale","species","Phocitremoides ovale","adults","Pluvialis squatarola","species","Black-bellied Plover","adults",74,92
"876","parasitic","Maritrema sp.","genus","Maritrema sp.","adults","Melanitta perspicillata","species","Surf Scoter","adults",58,71
"877","parasitic","Phocitremoides ovale","species","Phocitremoides ovale","adults","Butorides virescens","species","Green Heron","adults",74,19
"878","parasitic","Parvatrema sp.","genus","Parvatrema sp.","adults","Limnodromus scilopaceus","species","Long-billed Dowitcher","adults",72,64
"879","parasitic","Phocitremoides ovale","species","Phocitremoides ovale","adults","Catoptrophorus semipalmatus","species","Willet","adults",74,28
"880","parasitic","Maritrema sp.","genus","Maritrema sp.","adults","Anas platyrhynchos","species","Mallard","adults",58,12
"881","parasitic","Mesostephanus appendiculatus","species","Mesostephanus appendiculatus","adults","Phalacrocorax penicillatus","species","Double-crested Cormorant","adults",61,88
"882","parasitic","Phocitremoides ovale","species","Phocitremoides ovale","adults","Recurvirostra americana","species","American Avocet","adults",74,101
"883","parasitic","Mesostephanus appendiculatus","species","Mesostephanus appendiculatus","adults","Ardea herodius","species","Great Blue Heron","adults",61,14
"884","parasitic","Euhaplorchis californiensis","species","Euhaplorchis californiensis","adults","Butorides virescens","species","Green Heron","adults",38,19
"885","parasitic","Phocitremoides ovale","species","Phocitremoides ovale","adults","Limosa fedoa","species","Marbled Godwit","adults",74,66
"886","parasitic","Phocitremoides ovale","species","Phocitremoides ovale","adults","Egretta thula","species","Snowy Egret","adults",74,44
"887","parasitic","Pygidiopsoides spindalis","species","Pygidiopsoides spindalis","adults","Phalacrocorax penicillatus","species","Double-crested Cormorant","adults",84,88
"888","parasitic","Phocitremoides ovale","species","Phocitremoides ovale","adults","Podilymbus podiceps","species","Pied-billed Grebe","adults",74,93
"889","parasitic","Pygidiopsoides spindalis","species","Pygidiopsoides spindalis","adults","Ardea herodius","species","Great Blue Heron","adults",84,14
"890","parasitic","Euhaplorchis californiensis","species","Euhaplorchis californiensis","adults","Recurvirostra americana","species","American Avocet","adults",38,101
"891","parasitic","Phocitremoides ovale","species","Phocitremoides ovale","adults","Larus canus","species","Mew Gull","adults",74,60
"892","parasitic","Parvatrema sp.","genus","Parvatrema sp.","adults","Larus philadelphia","species","Bonaparte's Gull","adults",72,62
"893","parasitic","Renicola buchanani","species","Renicola buchanani","adults","Phalacrocorax penicillatus","species","Double-crested Cormorant","adults",86,88
"894","parasitic","Renicola cerithidicola","species","Renicola cerithidicola","adults","Phalacrocorax penicillatus","species","Double-crested Cormorant","adults",87,88
"895","parasitic","Euhaplorchis californiensis","species","Euhaplorchis californiensis","adults","Egretta thula","species","Snowy Egret","adults",38,44
"896","parasitic","Phocitremoides ovale","species","Phocitremoides ovale","adults","Larus delawarensis","species","Ring-billed Gull","adults",74,61
"897","parasitic","Renicola buchanani","species","Renicola buchanani","adults","Ardea herodius","species","Great Blue Heron","adults",86,14
"898","parasitic","Renicola cerithidicola","species","Renicola cerithidicola","adults","Ardea herodius","species","Great Blue Heron","adults",87,14
"899","parasitic","Stictodora hancocki","species","Stictodora hancocki","adults","Phalacrocorax penicillatus","species","Double-crested Cormorant","adults",92,88
"900","parasitic","Stictodora hancocki","species","Stictodora hancocki","adults","Ardea herodius","species","Great Blue Heron","adults",92,14
"901","parasitic","Euhaplorchis californiensis","species","Euhaplorchis californiensis","adults","Podilymbus podiceps","species","Pied-billed Grebe","adults",38,93
"902","parasitic","Parvatrema sp.","genus","Parvatrema sp.","adults","Catoptrophorus semipalmatus","species","Willet","adults",72,28
"903","parasitic","Phocitremoides ovale","species","Phocitremoides ovale","adults","Larus californicus","species","California Gull","adults",74,59
"904","parasitic","Phocitremoides ovale","species","Phocitremoides ovale","adults","Numenius americanus","species","Long-billed Curlew","adults",74,77
"905","parasitic","Mesostephanus appendiculatus","species","Mesostephanus appendiculatus","adults","Procyon locator","species","Raccoon","adults",61,98
"906","parasitic","Phocitremoides ovale","species","Phocitremoides ovale","adults","Nycticorax nycticorax","species","Black-crowned Night Heron","adults",74,80
"907","parasitic","Phocitremoides ovale","species","Phocitremoides ovale","adults","Egretta alba","species","Great Egret","adults",74,42
"908","parasitic","Parvatrema sp.","genus","Parvatrema sp.","adults","Corvus brachyrhynchos","species","American Crow","adults",72,36
"909","parasitic","Euhaplorchis californiensis","species","Euhaplorchis californiensis","adults","Larus californicus","species","California Gull","adults",38,59
"910","parasitic","Pygidiopsoides spindalis","species","Pygidiopsoides spindalis","metacercaria","Gillichthys mirabilis","species","Long-jawed Mudsucker","adults",84,50
"911","parasitic","Parvatrema sp.","genus","Parvatrema sp.","adults","Larus canus","species","Mew Gull","adults",72,60
"912","parasitic","Parvatrema sp.","genus","Parvatrema sp.","adults","Larus delawarensis","species","Ring-billed Gull","adults",72,61
"913","parasitic","Euhaplorchis californiensis","species","Euhaplorchis californiensis","adults","Nycticorax nycticorax","species","Black-crowned Night Heron","adults",38,80
"914","parasitic","Euhaplorchis californiensis","species","Euhaplorchis californiensis","adults","Egretta alba","species","Great Egret","adults",38,42
"915","parasitic","Pygidiopsoides spindalis","species","Pygidiopsoides spindalis","metacercaria","Hypsopsetta guttulata","species","Diamond Turbot","adults",84,56
"916","parasitic","Stictodora hancocki","species","Stictodora hancocki","adults","Procyon locator","species","Raccoon","adults",92,98
"917","parasitic","Pygidiopsoides spindalis","species","Pygidiopsoides spindalis","metacercaria","Acanthogobius flavimanus","species","Yellow-fin Goby","adults",84,1
"918","parasitic","Pygidiopsoides spindalis","species","Pygidiopsoides spindalis","metacercaria","Leptocottus armatus","species","Staghorn Sculpin","adults",84,63
"919","parasitic","Parvatrema sp.","genus","Parvatrema sp.","adults","Larus californicus","species","California Gull","adults",72,59
"920","parasitic","Parvatrema sp.","genus","Parvatrema sp.","adults","Numenius americanus","species","Long-billed Curlew","adults",72,77
"921","parasitic","Pygidiopsoides spindalis","species","Pygidiopsoides spindalis","metacercaria","Paralichthys californicus","species","California Halibut","adults",84,84
"922","parasitic","Parvatrema sp.","genus","Parvatrema sp.","adults","Melanitta perspicillata","species","Surf Scoter","adults",72,71
"923","parasitic","Phocitremoides ovale","species","Phocitremoides ovale","adults","Phalacrocorax penicillatus","species","Double-crested Cormorant","adults",74,88
"924","parasitic","Phocitremoides ovale","species","Phocitremoides ovale","adults","Ardea herodius","species","Great Blue Heron","adults",74,14
"925","parasitic","Euhaplorchis californiensis","species","Euhaplorchis californiensis","adults","Phalacrocorax penicillatus","species","Double-crested Cormorant","adults",38,88
"926","parasitic","Euhaplorchis californiensis","species","Euhaplorchis californiensis","adults","Ardea herodius","species","Great Blue Heron","adults",38,14
"927","predacious","Polydora nuchalis","species","Polydora nuchalis","adults","Hysterolecitha trilocalis","species","Hysterolecitha trilocalis","cercaria",80,57
"928","predacious","Hemigrapsus oregonensis","species","Green Shore Crab","adults","Mytilus galloprovincialis","species","Blue Mussel","adults",44,75
"929","predacious","Pachygrapsus crassipes","species","Striped Shore Crab","adults","Salicornia virginica","species","Pickleweed","adults",68,105
"930","predacious","Pachygrapsus crassipes","species","Striped Shore Crab","adults","Mytilus galloprovincialis","species","Blue Mussel","adults",68,75
"931","predacious","Fulica americana","species","American Coot","adults","Distichlis spicata","species","Salt Grass","adults",39,41
"932","predacious","Fulica americana","species","American Coot","adults","Frankenia salina","species","Alkali Heath","adults",39,47
"933","predacious","Fulica americana","species","American Coot","adults","Jaumea carnosa","species","Fleshy Jaumea","adults",39,58
"934","predacious","Fulica americana","species","American Coot","adults","Limonium californicum","species","California Sea Lavender","adults",39,65
"935","predacious","Fulica americana","species","American Coot","adults","Monanthocloe littoralis","species","Shore Grass","adults",39,74
"936","predacious","Fulica americana","species","American Coot","adults","Salicornia virginica","species","Pickleweed","adults",39,105
"937","predacious","Fulica americana","species","American Coot","adults","Cordylanthus maritimus","species","Salt Marsh Bird's Beak","adults",39,35
"938","predacious","Pluvialis squatarola","species","Black-bellied Plover","adults","Mytilus galloprovincialis","species","Blue Mussel","adults",77,75
"939","predacious","Larus philadelphia","species","Bonaparte's Gull","adults","Mytilus galloprovincialis","species","Blue Mussel","adults",52,75
"940","predacious","Bucephala albeola","species","Bufflehead","adults","Mytilus galloprovincialis","species","Blue Mussel","adults",18,75
"941","predacious","Larus californicus","species","California Gull","adults","Mytilus galloprovincialis","species","Blue Mussel","adults",49,75
"942","predacious","Larus canus","species","Mew Gull","adults","Mytilus galloprovincialis","species","Blue Mussel","adults",50,75
"943","predacious","Larus delawarensis","species","Ring-billed Gull","adults","Mytilus galloprovincialis","species","Blue Mussel","adults",51,75
"944","predacious","Melanitta perspicillata","species","Surf Scoter","adults","Mytilus galloprovincialis","species","Blue Mussel","adults",59,75
"945","predacious","Catoptrophorus semipalmatus","species","Willet","adults","Mytilus galloprovincialis","species","Blue Mussel","adults",26,75
"946","parasitic","Apicomplexa","genus","apicomplexan-spionid","adults","Polydora nuchalis","species","Polydora nuchalis","adults",12,95
"947","parasitic","Polydora cilliata","species","Polydora cilliata","adults","Polydora nuchalis","species","Polydora nuchalis","adults",79,95
"948","parasitic","Plasmodium sp.","genus","Plasmodium sp.","adults","Culex tarsalis","species","Western Encephalitis Mosquito","adults",76,38
"949","parasitic","Plasmodium sp.","genus","Plasmodium sp.","adults","Recurvirostra americana","species","American Avocet","adults",76,101
"950","parasitic","Plasmodium sp.","genus","Plasmodium sp.","adults","Fulica americana","species","American Coot","adults",76,48
"951","parasitic","Plasmodium sp.","genus","Plasmodium sp.","adults","Corvus brachyrhynchos","species","American Crow","adults",76,36
"952","parasitic","Plasmodium sp.","genus","Plasmodium sp.","adults","Anas americana","species","American Wigeon","adults",76,8
"953","parasitic","Plasmodium sp.","genus","Plasmodium sp.","adults","Pluvialis squatarola","species","Black-bellied Plover","adults",76,92
"954","parasitic","Plasmodium sp.","genus","Plasmodium sp.","adults","Nycticorax nycticorax","species","Black-crowned Night Heron","adults",76,80
"955","parasitic","Plasmodium sp.","genus","Plasmodium sp.","adults","Ceryle alcyon","species","Belted Kingfisher","adults",76,30
"956","parasitic","Plasmodium sp.","genus","Plasmodium sp.","adults","Larus philadelphia","species","Bonaparte's Gull","adults",76,62
"957","parasitic","Plasmodium sp.","genus","Plasmodium sp.","adults","Bucephala albeola","species","Bufflehead","adults",76,18
"958","parasitic","Plasmodium sp.","genus","Plasmodium sp.","adults","Anas discors","species","Blue-winged Teal","adults",76,11
"959","parasitic","Plasmodium sp.","genus","Plasmodium sp.","adults","Larus californicus","species","California Gull","adults",76,59
"960","parasitic","Plasmodium sp.","genus","Plasmodium sp.","adults","Sterna caspia","species","Caspian Tern","adults",76,108
"961","parasitic","Plasmodium sp.","genus","Plasmodium sp.","adults","Anas cyanoptera","species","Cinnamon Teal","adults",76,10
"962","parasitic","Plasmodium sp.","genus","Plasmodium sp.","adults","Accipiter cooperi","species","Cooper's Hawk","adults",76,3
"963","parasitic","Plasmodium sp.","genus","Plasmodium sp.","adults","Phalacrocorax penicillatus","species","Double-crested Cormorant","adults",76,88
"964","parasitic","Plasmodium sp.","genus","Plasmodium sp.","adults","Calidris alpina","species","Dunlin","adults",76,20
"965","parasitic","Plasmodium sp.","genus","Plasmodium sp.","adults","Ardea herodius","species","Great Blue Heron","adults",76,14
"966","parasitic","Plasmodium sp.","genus","Plasmodium sp.","adults","Egretta alba","species","Great Egret","adults",76,42
"967","parasitic","Plasmodium sp.","genus","Plasmodium sp.","adults","Butorides virescens","species","Green Heron","adults",76,19
"968","parasitic","Plasmodium sp.","genus","Plasmodium sp.","adults","Tringa melanoleuca","species","Greater Yellowlegs","adults",76,116
"969","parasitic","Plasmodium sp.","genus","Plasmodium sp.","adults","Anas crecca","species","Green-winged Teal","adults",76,9
"970","parasitic","Plasmodium sp.","genus","Plasmodium sp.","adults","Charadrius vociferus","species","Killdeer","adults",76,32
"971","parasitic","Plasmodium sp.","genus","Plasmodium sp.","adults","Numenius americanus","species","Long-billed Curlew","adults",76,77
"972","parasitic","Plasmodium sp.","genus","Plasmodium sp.","adults","Limnodromus scilopaceus","species","Long-billed Dowitcher","adults",76,64
"973","parasitic","Plasmodium sp.","genus","Plasmodium sp.","adults","Egretta caerulea","species","Little Blue Heron","adults",76,43
"974","parasitic","Plasmodium sp.","genus","Plasmodium sp.","adults","Calidris minutilla","species","Least Sandpiper","adults",76,22
"975","parasitic","Plasmodium sp.","genus","Plasmodium sp.","adults","Limosa fedoa","species","Marbled Godwit","adults",76,66
"976","parasitic","Plasmodium sp.","genus","Plasmodium sp.","adults","Anas platyrhynchos","species","Mallard","adults",76,12
"977","parasitic","Plasmodium sp.","genus","Plasmodium sp.","adults","Larus canus","species","Mew Gull","adults",76,60
"978","parasitic","Plasmodium sp.","genus","Plasmodium sp.","adults","Podilymbus podiceps","species","Pied-billed Grebe","adults",76,93
"979","parasitic","Plasmodium sp.","genus","Plasmodium sp.","adults","Larus delawarensis","species","Ring-billed Gull","adults",76,61
"980","parasitic","Plasmodium sp.","genus","Plasmodium sp.","adults","Mergus serrator","species","Red-breasted Merganser","adults",76,72
"981","parasitic","Plasmodium sp.","genus","Plasmodium sp.","adults","Oxyura jamaicensis","species","Ruddy Duck","adults",76,82
"982","parasitic","Plasmodium sp.","genus","Plasmodium sp.","adults","Charadrius semipalmatus","species","Semipalmated Plover","adults",76,31
"983","parasitic","Plasmodium sp.","genus","Plasmodium sp.","adults","Egretta thula","species","Snowy Egret","adults",76,44
"984","parasitic","Plasmodium sp.","genus","Plasmodium sp.","adults","Actitis macularia","species","Spotted Sandpiper","adults",76,5
"985","parasitic","Plasmodium sp.","genus","Plasmodium sp.","adults","Melanitta perspicillata","species","Surf Scoter","adults",76,71
"986","parasitic","Plasmodium sp.","genus","Plasmodium sp.","adults","Catjartes aura","species","Turkey Vulture","adults",76,27
"987","parasitic","Plasmodium sp.","genus","Plasmodium sp.","adults","Aechmophorus occidentalis","species","Western Grebe","adults",76,6
"988","parasitic","Plasmodium sp.","genus","Plasmodium sp.","adults","Calidris mauri","species","Western Sandpiper","adults",76,21
"989","parasitic","Plasmodium sp.","genus","Plasmodium sp.","adults","Numenius phaeopus","species","Whimbrel","adults",76,78
"990","parasitic","Plasmodium sp.","genus","Plasmodium sp.","adults","Catoptrophorus semipalmatus","species","Willet","adults",76,28
"991","parasitic","Trichodina sp.","genus","Trichodina sp.","adults","Acanthogobius flavimanus","species","Yellow-fin Goby","adults",97,1
"992","parasitic","Trichodina sp.","genus","Trichodina sp.","adults","Atherinops affinis","species","Topsmelt","adults",97,16
"993","parasitic","Trichodina sp.","genus","Trichodina sp.","adults","Cymatogaster aggregata","species","Shiner Surfperch","adults",97,40
"994","parasitic","Trichodina sp.","genus","Trichodina sp.","adults","Fundulus parvipinnis","species","California Killifish","adults",97,49
"995","parasitic","Trichodina sp.","genus","Trichodina sp.","adults","Gillichthys mirabilis","species","Long-jawed Mudsucker","adults",97,50
"996","parasitic","Trichodina sp.","genus","Trichodina sp.","adults","Hypsopsetta guttulata","species","Diamond Turbot","adults",97,56
"997","parasitic","Trichodina sp.","genus","Trichodina sp.","adults","Leptocottus armatus","species","Staghorn Sculpin","adults",97,63
"998","parasitic","Trichodina sp.","genus","Trichodina sp.","adults","Paralichthys californicus","species","California Halibut","adults",97,84
"999","parasitic","Henneguya","genus","Henneguya","adults","Gillichthys mirabilis","species","Long-jawed Mudsucker","adults",45,50
"1000",NA,"Oxyura jamaicensis","species","Ruddy Duck","adults","Spirocamallanus pereirae","species","Spirocamallanus pereirae","larvae",67,107
"1001",NA,"Procyon locator","species","Raccoon","adults","Pygidiopsoides spindalis","species","Pygidiopsoides spindalis","metacercaria",82,100
"1002",NA,"Ardea herodius","species","Great Blue Heron","adults","Pygidiopsoides spindalis","species","Pygidiopsoides spindalis","metacercaria",13,100
"1003",NA,"Phalacrocorax penicillatus","species","Double-crested Cormorant","adults","Pygidiopsoides spindalis","species","Pygidiopsoides spindalis","metacercaria",73,100
"1004",NA,"Aechmophorus occidentalis","species","Western Grebe","adults","Pygidiopsoides spindalis","species","Pygidiopsoides spindalis","metacercaria",5,100
"1005",NA,"Mergus serrator","species","Red-breasted Merganser","adults","Pygidiopsoides spindalis","species","Pygidiopsoides spindalis","metacercaria",60,100
"1006",NA,"Egretta alba","species","Great Egret","adults","Pygidiopsoides spindalis","species","Pygidiopsoides spindalis","metacercaria",35,100
"1007",NA,"Nycticorax nycticorax","species","Black-crowned Night Heron","adults","Pygidiopsoides spindalis","species","Pygidiopsoides spindalis","metacercaria",65,100
"1008",NA,"Numenius americanus","species","Long-billed Curlew","adults","Pygidiopsoides spindalis","species","Pygidiopsoides spindalis","metacercaria",62,100
"1009",NA,"Larus californicus","species","California Gull","adults","Pygidiopsoides spindalis","species","Pygidiopsoides spindalis","metacercaria",49,100
"1010",NA,"Sterna caspia","species","Caspian Tern","adults","Pygidiopsoides spindalis","species","Pygidiopsoides spindalis","metacercaria",91,100
"1011",NA,"Calidris minutilla","species","Least Sandpiper","adults","Spirocamallanus pereirae","species","Spirocamallanus pereirae","larvae",22,107
"1012",NA,"Larus delawarensis","species","Ring-billed Gull","adults","Pygidiopsoides spindalis","species","Pygidiopsoides spindalis","metacercaria",51,100
"1013",NA,"Larus canus","species","Mew Gull","adults","Pygidiopsoides spindalis","species","Pygidiopsoides spindalis","metacercaria",50,100
"1014",NA,"Podilymbus podiceps","species","Pied-billed Grebe","adults","Pygidiopsoides spindalis","species","Pygidiopsoides spindalis","metacercaria",78,100
"1015",NA,"Corvus brachyrhynchos","species","American Crow","adults","Pygidiopsoides spindalis","species","Pygidiopsoides spindalis","metacercaria",32,100
"1016",NA,"Egretta thula","species","Snowy Egret","adults","Pygidiopsoides spindalis","species","Pygidiopsoides spindalis","metacercaria",37,100
"1017",NA,"Limosa fedoa","species","Marbled Godwit","adults","Pygidiopsoides spindalis","species","Pygidiopsoides spindalis","metacercaria",55,100
"1018",NA,"Egretta caerulea","species","Little Blue Heron","adults","Pygidiopsoides spindalis","species","Pygidiopsoides spindalis","metacercaria",36,100
"1019",NA,"Recurvirostra americana","species","American Avocet","adults","Pygidiopsoides spindalis","species","Pygidiopsoides spindalis","metacercaria",85,100
"1020",NA,"Procyon locator","species","Raccoon","adults","Phocitremoides ovale","species","Phocitremoides ovale","metacercaria",82,89
"1021",NA,"Catoptrophorus semipalmatus","species","Willet","adults","Pygidiopsoides spindalis","species","Pygidiopsoides spindalis","metacercaria",26,100
"1022",NA,"Upogebia macginitieorum","species","Southern Mud Shrimp","adults","Spirocamallanus pereirae","species","Spirocamallanus pereirae","larvae",99,107
"1023",NA,"Butorides virescens","species","Green Heron","adults","Pygidiopsoides spindalis","species","Pygidiopsoides spindalis","metacercaria",19,100
"1024",NA,"Procyon locator","species","Raccoon","adults","Stictodora hancocki","species","Stictodora hancocki","metacercaria",82,109
"1025",NA,"Ardea herodius","species","Great Blue Heron","adults","Euhaplorchis californiensis","species","Euhaplorchis californiensis","metacercaria",13,46
"1026",NA,"Pluvialis squatarola","species","Black-bellied Plover","adults","Pygidiopsoides spindalis","species","Pygidiopsoides spindalis","metacercaria",77,100
"1027",NA,"Phalacrocorax penicillatus","species","Double-crested Cormorant","adults","Euhaplorchis californiensis","species","Euhaplorchis californiensis","metacercaria",73,46
"1028",NA,"Larus philadelphia","species","Bonaparte's Gull","adults","Pygidiopsoides spindalis","species","Pygidiopsoides spindalis","metacercaria",52,100
"1029",NA,"Procyon locator","species","Raccoon","adults","Renicola buchanani","species","Renicola buchanani","metacercaria",82,102
"1030",NA,"Tringa melanoleuca","species","Greater Yellowlegs","adults","Pygidiopsoides spindalis","species","Pygidiopsoides spindalis","metacercaria",98,100
"1031",NA,"Ceryle alcyon","species","Belted Kingfisher","adults","Pygidiopsoides spindalis","species","Pygidiopsoides spindalis","metacercaria",27,100
"1032",NA,"Ardea herodius","species","Great Blue Heron","adults","Renicola cerithidicola","species","Renicola cerithidicola","metacercaria",13,103
"1033",NA,"Phalacrocorax penicillatus","species","Double-crested Cormorant","adults","Renicola cerithidicola","species","Renicola cerithidicola","metacercaria",73,103
"1034",NA,"Anas platyrhynchos","species","Mallard","adults","Catatropis johnstoni","species","Catatropis johnstoni","metacercaria",11,26
"1035",NA,"Aechmophorus occidentalis","species","Western Grebe","adults","Euhaplorchis californiensis","species","Euhaplorchis californiensis","metacercaria",5,46
"1036",NA,"Ardea herodius","species","Great Blue Heron","adults","Phocitremoides ovale","species","Phocitremoides ovale","metacercaria",13,89
"1037",NA,"Limnodromus scilopaceus","species","Long-billed Dowitcher","adults","Pygidiopsoides spindalis","species","Pygidiopsoides spindalis","metacercaria",54,100
"1038",NA,"Phalacrocorax penicillatus","species","Double-crested Cormorant","adults","Phocitremoides ovale","species","Phocitremoides ovale","metacercaria",73,89
"1039",NA,"Melanitta perspicillata","species","Surf Scoter","adults","Catatropis johnstoni","species","Catatropis johnstoni","metacercaria",59,26
"1040",NA,"Mergus serrator","species","Red-breasted Merganser","adults","Euhaplorchis californiensis","species","Euhaplorchis californiensis","metacercaria",60,46
"1041",NA,"Ardea herodius","species","Great Blue Heron","adults","Stictodora hancocki","species","Stictodora hancocki","metacercaria",13,109
"1042",NA,"Phalacrocorax penicillatus","species","Double-crested Cormorant","adults","Stictodora hancocki","species","Stictodora hancocki","metacercaria",73,109
"1043",NA,"Ardea herodius","species","Great Blue Heron","adults","Renicola buchanani","species","Renicola buchanani","metacercaria",13,102
"1044",NA,"Egretta alba","species","Great Egret","adults","Euhaplorchis californiensis","species","Euhaplorchis californiensis","metacercaria",35,46
"1045",NA,"Nycticorax nycticorax","species","Black-crowned Night Heron","adults","Euhaplorchis californiensis","species","Euhaplorchis californiensis","metacercaria",65,46
"1046",NA,"Phalacrocorax penicillatus","species","Double-crested Cormorant","adults","Renicola buchanani","species","Renicola buchanani","metacercaria",73,102
"1047",NA,"Aechmophorus occidentalis","species","Western Grebe","adults","Renicola cerithidicola","species","Renicola cerithidicola","metacercaria",5,103
"1048",NA,"Melanitta perspicillata","species","Surf Scoter","adults","Parvatrema sp.","genus","Parvatrema sp.","metacercaria",59,87
"1049",NA,"Larus californicus","species","California Gull","adults","Euhaplorchis californiensis","species","Euhaplorchis californiensis","metacercaria",49,46
"1050",NA,"Sterna caspia","species","Caspian Tern","adults","Euhaplorchis californiensis","species","Euhaplorchis californiensis","metacercaria",91,46
"1051",NA,"Mergus serrator","species","Red-breasted Merganser","adults","Renicola cerithidicola","species","Renicola cerithidicola","metacercaria",60,103
"1052",NA,"Oxyura jamaicensis","species","Ruddy Duck","adults","Catatropis johnstoni","species","Catatropis johnstoni","metacercaria",67,26
"1053",NA,"Aechmophorus occidentalis","species","Western Grebe","adults","Phocitremoides ovale","species","Phocitremoides ovale","metacercaria",5,89
"1054",NA,"Numenius americanus","species","Long-billed Curlew","adults","Parvatrema sp.","genus","Parvatrema sp.","metacercaria",62,87
"1055",NA,"Larus californicus","species","California Gull","adults","Parvatrema sp.","genus","Parvatrema sp.","metacercaria",49,87
"1056",NA,"Egretta alba","species","Great Egret","adults","Renicola cerithidicola","species","Renicola cerithidicola","metacercaria",35,103
"1057",NA,"Calidris alpina","species","Dunlin","adults","Pygidiopsoides spindalis","species","Pygidiopsoides spindalis","metacercaria",20,100
"1058",NA,"Nycticorax nycticorax","species","Black-crowned Night Heron","adults","Renicola cerithidicola","species","Renicola cerithidicola","metacercaria",65,103
"1059",NA,"Aechmophorus occidentalis","species","Western Grebe","adults","Stictodora hancocki","species","Stictodora hancocki","metacercaria",5,109
"1060",NA,"Procyon locator","species","Raccoon","adults","Cloacitrema michiganiensis","species","Cloacitrema michiganiensis","metacercaria",82,34
"1061",NA,"Procyon locator","species","Raccoon","adults","Parorchis acanthus","species","Parorchis acanthus","metacercaria",82,86
"1062",NA,"Mergus serrator","species","Red-breasted Merganser","adults","Phocitremoides ovale","species","Phocitremoides ovale","metacercaria",60,89
"1063",NA,"Aechmophorus occidentalis","species","Western Grebe","adults","Renicola buchanani","species","Renicola buchanani","metacercaria",5,102
"1064",NA,"Larus californicus","species","California Gull","adults","Renicola cerithidicola","species","Renicola cerithidicola","metacercaria",49,103
"1065",NA,"Bucephala albeola","species","Bufflehead","adults","Catatropis johnstoni","species","Catatropis johnstoni","metacercaria",18,26
"1066",NA,"Mergus serrator","species","Red-breasted Merganser","adults","Stictodora hancocki","species","Stictodora hancocki","metacercaria",60,109
"1067",NA,"Egretta alba","species","Great Egret","adults","Phocitremoides ovale","species","Phocitremoides ovale","metacercaria",35,89
"1068",NA,"Nycticorax nycticorax","species","Black-crowned Night Heron","adults","Phocitremoides ovale","species","Phocitremoides ovale","metacercaria",65,89
"1069",NA,"Larus delawarensis","species","Ring-billed Gull","adults","Parvatrema sp.","genus","Parvatrema sp.","metacercaria",51,87
"1070",NA,"Procyon locator","species","Raccoon","adults","Mesostephanus appendiculatus","species","Mesostephanus appendiculatus","metacercaria",82,73
"1071",NA,"Podilymbus podiceps","species","Pied-billed Grebe","adults","Euhaplorchis californiensis","species","Euhaplorchis californiensis","metacercaria",78,46
"1072",NA,"Sterna caspia","species","Caspian Tern","adults","Renicola cerithidicola","species","Renicola cerithidicola","metacercaria",91,103
"1073",NA,"Larus canus","species","Mew Gull","adults","Parvatrema sp.","genus","Parvatrema sp.","metacercaria",50,87
"1074",NA,"Mergus serrator","species","Red-breasted Merganser","adults","Renicola buchanani","species","Renicola buchanani","metacercaria",60,102
"1075",NA,"Egretta thula","species","Snowy Egret","adults","Euhaplorchis californiensis","species","Euhaplorchis californiensis","metacercaria",37,46
"1076",NA,"Numenius americanus","species","Long-billed Curlew","adults","Phocitremoides ovale","species","Phocitremoides ovale","metacercaria",62,89
"1077",NA,"Larus californicus","species","California Gull","adults","Phocitremoides ovale","species","Phocitremoides ovale","metacercaria",49,89
"1078",NA,"Egretta alba","species","Great Egret","adults","Stictodora hancocki","species","Stictodora hancocki","metacercaria",35,109
"1079",NA,"Nycticorax nycticorax","species","Black-crowned Night Heron","adults","Stictodora hancocki","species","Stictodora hancocki","metacercaria",65,109
"1080",NA,"Recurvirostra americana","species","American Avocet","adults","Catatropis johnstoni","species","Catatropis johnstoni","metacercaria",85,26
"1081",NA,"Egretta caerulea","species","Little Blue Heron","adults","Euhaplorchis californiensis","species","Euhaplorchis californiensis","metacercaria",36,46
"1082",NA,"Corvus brachyrhynchos","species","American Crow","adults","Parvatrema sp.","genus","Parvatrema sp.","metacercaria",32,87
"1083",NA,"Egretta alba","species","Great Egret","adults","Renicola buchanani","species","Renicola buchanani","metacercaria",35,102
"1084",NA,"Nycticorax nycticorax","species","Black-crowned Night Heron","adults","Renicola buchanani","species","Renicola buchanani","metacercaria",65,102
"1085",NA,"Sterna caspia","species","Caspian Tern","adults","Phocitremoides ovale","species","Phocitremoides ovale","metacercaria",91,89
"1086",NA,"Catoptrophorus semipalmatus","species","Willet","adults","Catatropis johnstoni","species","Catatropis johnstoni","metacercaria",26,26
"1087",NA,"Numenius americanus","species","Long-billed Curlew","adults","Stictodora hancocki","species","Stictodora hancocki","metacercaria",62,109
"1088",NA,"Recurvirostra americana","species","American Avocet","adults","Euhaplorchis californiensis","species","Euhaplorchis californiensis","metacercaria",85,46
"1089",NA,"Larus californicus","species","California Gull","adults","Stictodora hancocki","species","Stictodora hancocki","metacercaria",49,109
"1090",NA,"Procyon locator","species","Raccoon","adults","Maritrema sp.","genus","Maritrema sp.","adults",82,69
"1091",NA,"Numenius americanus","species","Long-billed Curlew","adults","Renicola buchanani","species","Renicola buchanani","metacercaria",62,102
"1092",NA,"Larus californicus","species","California Gull","adults","Renicola buchanani","species","Renicola buchanani","metacercaria",49,102
"1093",NA,"Sterna caspia","species","Caspian Tern","adults","Stictodora hancocki","species","Stictodora hancocki","metacercaria",91,109
"1094",NA,"Podilymbus podiceps","species","Pied-billed Grebe","adults","Renicola cerithidicola","species","Renicola cerithidicola","metacercaria",78,103
"1095",NA,"Pluvialis squatarola","species","Black-bellied Plover","adults","Catatropis johnstoni","species","Catatropis johnstoni","metacercaria",77,26
"1096",NA,"Larus delawarensis","species","Ring-billed Gull","adults","Phocitremoides ovale","species","Phocitremoides ovale","metacercaria",51,89
"1097",NA,"Sterna caspia","species","Caspian Tern","adults","Renicola buchanani","species","Renicola buchanani","metacercaria",91,102
"1098",NA,"Butorides virescens","species","Green Heron","adults","Euhaplorchis californiensis","species","Euhaplorchis californiensis","metacercaria",19,46
"1099",NA,"Larus canus","species","Mew Gull","adults","Phocitremoides ovale","species","Phocitremoides ovale","metacercaria",50,89
"1100",NA,"Egretta thula","species","Snowy Egret","adults","Renicola cerithidicola","species","Renicola cerithidicola","metacercaria",37,103
"1101",NA,"Calidris minutilla","species","Least Sandpiper","adults","Pygidiopsoides spindalis","species","Pygidiopsoides spindalis","metacercaria",22,100
"1102",NA,"Catoptrophorus semipalmatus","species","Willet","adults","Parvatrema sp.","genus","Parvatrema sp.","metacercaria",26,87
"1103",NA,"Egretta caerulea","species","Little Blue Heron","adults","Renicola cerithidicola","species","Renicola cerithidicola","metacercaria",36,103
"1104",NA,"Larus delawarensis","species","Ring-billed Gull","adults","Stictodora hancocki","species","Stictodora hancocki","metacercaria",51,109
"1105",NA,"Podilymbus podiceps","species","Pied-billed Grebe","adults","Phocitremoides ovale","species","Phocitremoides ovale","metacercaria",78,89
"1106",NA,"Larus canus","species","Mew Gull","adults","Stictodora hancocki","species","Stictodora hancocki","metacercaria",50,109
"1107",NA,"Corvus brachyrhynchos","species","American Crow","adults","Phocitremoides ovale","species","Phocitremoides ovale","metacercaria",32,89
"1108",NA,"Larus delawarensis","species","Ring-billed Gull","adults","Renicola buchanani","species","Renicola buchanani","metacercaria",51,102
"1109",NA,"Recurvirostra americana","species","American Avocet","adults","Renicola cerithidicola","species","Renicola cerithidicola","metacercaria",85,103
"1110",NA,"Tringa melanoleuca","species","Greater Yellowlegs","adults","Catatropis johnstoni","species","Catatropis johnstoni","metacercaria",98,26
"1111",NA,"Egretta thula","species","Snowy Egret","adults","Phocitremoides ovale","species","Phocitremoides ovale","metacercaria",37,89
"1112",NA,"Limosa fedoa","species","Marbled Godwit","adults","Phocitremoides ovale","species","Phocitremoides ovale","metacercaria",55,89
"1113",NA,"Larus canus","species","Mew Gull","adults","Renicola buchanani","species","Renicola buchanani","metacercaria",50,102
"1114",NA,"Larus philadelphia","species","Bonaparte's Gull","adults","Parvatrema sp.","genus","Parvatrema sp.","metacercaria",52,87
"1115",NA,"Podilymbus podiceps","species","Pied-billed Grebe","adults","Stictodora hancocki","species","Stictodora hancocki","metacercaria",78,109
"1116",NA,"Ardea herodius","species","Great Blue Heron","adults","Mesostephanus appendiculatus","species","Mesostephanus appendiculatus","metacercaria",13,73
"1117",NA,"Egretta caerulea","species","Little Blue Heron","adults","Phocitremoides ovale","species","Phocitremoides ovale","metacercaria",36,89
"1118",NA,"Corvus brachyrhynchos","species","American Crow","adults","Stictodora hancocki","species","Stictodora hancocki","metacercaria",32,109
"1119",NA,"Phalacrocorax penicillatus","species","Double-crested Cormorant","adults","Mesostephanus appendiculatus","species","Mesostephanus appendiculatus","metacercaria",73,73
"1120",NA,"Podilymbus podiceps","species","Pied-billed Grebe","adults","Renicola buchanani","species","Renicola buchanani","metacercaria",78,102
"1121",NA,"Butorides virescens","species","Green Heron","adults","Renicola cerithidicola","species","Renicola cerithidicola","metacercaria",19,103
"1122",NA,"Egretta thula","species","Snowy Egret","adults","Stictodora hancocki","species","Stictodora hancocki","metacercaria",37,109
"1123",NA,"Limosa fedoa","species","Marbled Godwit","adults","Stictodora hancocki","species","Stictodora hancocki","metacercaria",55,109
"1124",NA,"Recurvirostra americana","species","American Avocet","adults","Phocitremoides ovale","species","Phocitremoides ovale","metacercaria",85,89
"1125",NA,"Ceryle alcyon","species","Belted Kingfisher","adults","Euhaplorchis californiensis","species","Euhaplorchis californiensis","metacercaria",27,46
"1126",NA,"Corvus brachyrhynchos","species","American Crow","adults","Renicola buchanani","species","Renicola buchanani","metacercaria",32,102
"1127",NA,"Procyon locator","species","Raccoon","adults","Himasthla rhigedana","species","Himasthla rhigedana","metacercaria",82,55
"1128",NA,"Egretta caerulea","species","Little Blue Heron","adults","Stictodora hancocki","species","Stictodora hancocki","metacercaria",36,109
"1129",NA,"Egretta thula","species","Snowy Egret","adults","Renicola buchanani","species","Renicola buchanani","metacercaria",37,102
"1130",NA,"Limosa fedoa","species","Marbled Godwit","adults","Renicola buchanani","species","Renicola buchanani","metacercaria",55,102
"1131",NA,"Catoptrophorus semipalmatus","species","Willet","adults","Phocitremoides ovale","species","Phocitremoides ovale","metacercaria",26,89
"1132",NA,"Egretta caerulea","species","Little Blue Heron","adults","Renicola buchanani","species","Renicola buchanani","metacercaria",36,102
"1133",NA,"Recurvirostra americana","species","American Avocet","adults","Stictodora hancocki","species","Stictodora hancocki","metacercaria",85,109
"1134",NA,"Limnodromus scilopaceus","species","Long-billed Dowitcher","adults","Catatropis johnstoni","species","Catatropis johnstoni","metacercaria",54,26
"1135",NA,"Butorides virescens","species","Green Heron","adults","Phocitremoides ovale","species","Phocitremoides ovale","metacercaria",19,89
"1136",NA,"Recurvirostra americana","species","American Avocet","adults","Renicola buchanani","species","Renicola buchanani","metacercaria",85,102
"1137",NA,"Catoptrophorus semipalmatus","species","Willet","adults","Stictodora hancocki","species","Stictodora hancocki","metacercaria",26,109
"1138",NA,"Pluvialis squatarola","species","Black-bellied Plover","adults","Phocitremoides ovale","species","Phocitremoides ovale","metacercaria",77,89
"1139",NA,"Procyon locator","species","Raccoon","adults","Gyrodactylus sp.","genus","Gyrodactylus sp.","adults",82,52
"1140",NA,"Limnodromus scilopaceus","species","Long-billed Dowitcher","adults","Euhaplorchis californiensis","species","Euhaplorchis californiensis","metacercaria",54,46
"1141",NA,"Anas platyrhynchos","species","Mallard","adults","Cloacitrema michiganiensis","species","Cloacitrema michiganiensis","metacercaria",11,34
"1142",NA,"Anas platyrhynchos","species","Mallard","adults","Parorchis acanthus","species","Parorchis acanthus","metacercaria",11,86
"1143",NA,"Larus philadelphia","species","Bonaparte's Gull","adults","Phocitremoides ovale","species","Phocitremoides ovale","metacercaria",52,89
"1144",NA,"Catoptrophorus semipalmatus","species","Willet","adults","Renicola buchanani","species","Renicola buchanani","metacercaria",26,102
"1145",NA,"Accipiter cooperi","species","Cooper's Hawk","adults","Euhaplorchis californiensis","species","Euhaplorchis californiensis","adults",3,46
"1146",NA,"Butorides virescens","species","Green Heron","adults","Stictodora hancocki","species","Stictodora hancocki","metacercaria",19,109
"1147",NA,"Ceryle alcyon","species","Belted Kingfisher","adults","Renicola cerithidicola","species","Renicola cerithidicola","metacercaria",27,103
"1148",NA,"Pluvialis squatarola","species","Black-bellied Plover","adults","Stictodora hancocki","species","Stictodora hancocki","metacercaria",77,109
"1149",NA,"Aechmophorus occidentalis","species","Western Grebe","adults","Mesostephanus appendiculatus","species","Mesostephanus appendiculatus","metacercaria",5,73
"1150",NA,"Butorides virescens","species","Green Heron","adults","Renicola buchanani","species","Renicola buchanani","metacercaria",19,102
"1151",NA,"Larus philadelphia","species","Bonaparte's Gull","adults","Stictodora hancocki","species","Stictodora hancocki","metacercaria",52,109
"1152",NA,"Limnodromus scilopaceus","species","Long-billed Dowitcher","adults","Parvatrema sp.","genus","Parvatrema sp.","metacercaria",54,87
"1153",NA,"Melanitta perspicillata","species","Surf Scoter","adults","Cloacitrema michiganiensis","species","Cloacitrema michiganiensis","metacercaria",59,34
"1154",NA,"Melanitta perspicillata","species","Surf Scoter","adults","Parorchis acanthus","species","Parorchis acanthus","metacercaria",59,86
"1155",NA,"Pluvialis squatarola","species","Black-bellied Plover","adults","Renicola buchanani","species","Renicola buchanani","metacercaria",77,102
"1156",NA,"Tringa melanoleuca","species","Greater Yellowlegs","adults","Phocitremoides ovale","species","Phocitremoides ovale","metacercaria",98,89
"1157",NA,"Larus philadelphia","species","Bonaparte's Gull","adults","Renicola buchanani","species","Renicola buchanani","metacercaria",52,102
"1158",NA,"Nycticorax nycticorax","species","Black-crowned Night Heron","adults","Cloacitrema michiganiensis","species","Cloacitrema michiganiensis","metacercaria",65,34
"1159",NA,"Nycticorax nycticorax","species","Black-crowned Night Heron","adults","Parorchis acanthus","species","Parorchis acanthus","metacercaria",65,86
"1160",NA,"Mergus serrator","species","Red-breasted Merganser","adults","Mesostephanus appendiculatus","species","Mesostephanus appendiculatus","metacercaria",60,73
"1161",NA,"Ceryle alcyon","species","Belted Kingfisher","adults","Phocitremoides ovale","species","Phocitremoides ovale","metacercaria",27,89
"1162",NA,"Accipiter cooperi","species","Cooper's Hawk","adults","Phocitremoides ovale","species","Phocitremoides ovale","adults",3,89
"1163",NA,"Tringa melanoleuca","species","Greater Yellowlegs","adults","Stictodora hancocki","species","Stictodora hancocki","metacercaria",98,109
"1164",NA,"Numenius americanus","species","Long-billed Curlew","adults","Cloacitrema michiganiensis","species","Cloacitrema michiganiensis","metacercaria",62,34
"1165",NA,"Numenius americanus","species","Long-billed Curlew","adults","Parorchis acanthus","species","Parorchis acanthus","metacercaria",62,86
"1166",NA,"Oxyura jamaicensis","species","Ruddy Duck","adults","Renicola sp.","genus","Renicola sp.","metacercaria",67,104
"1167",NA,"Limnodromus scilopaceus","species","Long-billed Dowitcher","adults","Renicola cerithidicola","species","Renicola cerithidicola","metacercaria",54,103
"1168",NA,"Larus californicus","species","California Gull","adults","Cloacitrema michiganiensis","species","Cloacitrema michiganiensis","metacercaria",49,34
"1169",NA,"Larus californicus","species","California Gull","adults","Parorchis acanthus","species","Parorchis acanthus","metacercaria",49,86
"1170",NA,"Tringa melanoleuca","species","Greater Yellowlegs","adults","Renicola buchanani","species","Renicola buchanani","metacercaria",98,102
"1171",NA,"Egretta alba","species","Great Egret","adults","Mesostephanus appendiculatus","species","Mesostephanus appendiculatus","metacercaria",35,73
"1172",NA,"Nycticorax nycticorax","species","Black-crowned Night Heron","adults","Mesostephanus appendiculatus","species","Mesostephanus appendiculatus","metacercaria",65,73
"1173",NA,"Ceryle alcyon","species","Belted Kingfisher","adults","Stictodora hancocki","species","Stictodora hancocki","metacercaria",27,109
"1174",NA,"Calidris alpina","species","Dunlin","adults","Catatropis johnstoni","species","Catatropis johnstoni","metacercaria",20,26
"1175",NA,"Fulica americana","species","American Coot","adults","Cloacitrema michiganiensis","species","Cloacitrema michiganiensis","metacercaria",39,34
"1176",NA,"Fulica americana","species","American Coot","adults","Parorchis acanthus","species","Parorchis acanthus","metacercaria",39,86
"1177",NA,"Ceryle alcyon","species","Belted Kingfisher","adults","Renicola buchanani","species","Renicola buchanani","metacercaria",27,102
"1178",NA,"Numenius americanus","species","Long-billed Curlew","adults","Mesostephanus appendiculatus","species","Mesostephanus appendiculatus","metacercaria",62,73
"1179",NA,"Calidris alpina","species","Dunlin","adults","Euhaplorchis californiensis","species","Euhaplorchis californiensis","metacercaria",20,46
"1180",NA,"Larus californicus","species","California Gull","adults","Mesostephanus appendiculatus","species","Mesostephanus appendiculatus","metacercaria",49,73
"1181",NA,"Limnodromus scilopaceus","species","Long-billed Dowitcher","adults","Phocitremoides ovale","species","Phocitremoides ovale","metacercaria",54,89
"1182",NA,"Actitis macularia","species","Spotted Sandpiper","adults","Catatropis johnstoni","species","Catatropis johnstoni","metacercaria",4,26
"1183",NA,"Oxyura jamaicensis","species","Ruddy Duck","adults","Cloacitrema michiganiensis","species","Cloacitrema michiganiensis","metacercaria",67,34
"1184",NA,"Oxyura jamaicensis","species","Ruddy Duck","adults","Parorchis acanthus","species","Parorchis acanthus","metacercaria",67,86
"1185",NA,"Procyon locator","species","Raccoon","adults","Carcinonemertes sp.","species","Carcinonemertes sp.","adults",82,24
"1186",NA,"Sterna caspia","species","Caspian Tern","adults","Mesostephanus appendiculatus","species","Mesostephanus appendiculatus","metacercaria",91,73
"1187",NA,"Larus delawarensis","species","Ring-billed Gull","adults","Cloacitrema michiganiensis","species","Cloacitrema michiganiensis","metacercaria",51,34
"1188",NA,"Larus delawarensis","species","Ring-billed Gull","adults","Parorchis acanthus","species","Parorchis acanthus","metacercaria",51,86
"1189",NA,"Anas platyrhynchos","species","Mallard","adults","Acanthoparyphium spinulosum","species","Acanthoparyphium spinulosum","metacercaria",11,2
"1190",NA,"Ardea herodius","species","Great Blue Heron","adults","Gyrodactylus sp.","genus","Gyrodactylus sp.","adults",13,52
"1191",NA,"Limosa fedoa","species","Marbled Godwit","adults","Renicola sp.","genus","Renicola sp.","metacercaria",55,104
"1192",NA,"Limnodromus scilopaceus","species","Long-billed Dowitcher","adults","Stictodora hancocki","species","Stictodora hancocki","metacercaria",54,109
"1193",NA,"Larus canus","species","Mew Gull","adults","Cloacitrema michiganiensis","species","Cloacitrema michiganiensis","metacercaria",50,34
"1194",NA,"Larus canus","species","Mew Gull","adults","Parorchis acanthus","species","Parorchis acanthus","metacercaria",50,86
"1195",NA,"Phalacrocorax penicillatus","species","Double-crested Cormorant","adults","Gyrodactylus sp.","genus","Gyrodactylus sp.","adults",73,52
"1196",NA,"Limnodromus scilopaceus","species","Long-billed Dowitcher","adults","Renicola buchanani","species","Renicola buchanani","metacercaria",54,102
"1197",NA,"Podilymbus podiceps","species","Pied-billed Grebe","adults","Cloacitrema michiganiensis","species","Cloacitrema michiganiensis","metacercaria",78,34
"1198",NA,"Podilymbus podiceps","species","Pied-billed Grebe","adults","Parorchis acanthus","species","Parorchis acanthus","metacercaria",78,86
"1199",NA,"Larus delawarensis","species","Ring-billed Gull","adults","Mesostephanus appendiculatus","species","Mesostephanus appendiculatus","metacercaria",51,73
"1200",NA,"Recurvirostra americana","species","American Avocet","adults","Renicola sp.","genus","Renicola sp.","metacercaria",85,104
"1201",NA,"Numenius phaeopus","species","Whimbrel","adults","Cloacitrema michiganiensis","species","Cloacitrema michiganiensis","metacercaria",63,34
"1202",NA,"Numenius phaeopus","species","Whimbrel","adults","Parorchis acanthus","species","Parorchis acanthus","metacercaria",63,86
"1203",NA,"Bucephala albeola","species","Bufflehead","adults","Cloacitrema michiganiensis","species","Cloacitrema michiganiensis","metacercaria",18,34
"1204",NA,"Bucephala albeola","species","Bufflehead","adults","Parorchis acanthus","species","Parorchis acanthus","metacercaria",18,86
"1205",NA,"Melanitta perspicillata","species","Surf Scoter","adults","Acanthoparyphium spinulosum","species","Acanthoparyphium spinulosum","metacercaria",59,2
"1206",NA,"Corvus brachyrhynchos","species","American Crow","adults","Cloacitrema michiganiensis","species","Cloacitrema michiganiensis","metacercaria",32,34
"1207",NA,"Corvus brachyrhynchos","species","American Crow","adults","Parorchis acanthus","species","Parorchis acanthus","metacercaria",32,86
"1208",NA,"Tagelus californianus","species","California Jackknife Clam","adults","Parvatrema sp.","genus","Parvatrema sp.","cercaria",94,87
"1209",NA,"Larus canus","species","Mew Gull","adults","Mesostephanus appendiculatus","species","Mesostephanus appendiculatus","metacercaria",50,73
"1210",NA,"Egretta thula","species","Snowy Egret","adults","Cloacitrema michiganiensis","species","Cloacitrema michiganiensis","metacercaria",37,34
"1211",NA,"Egretta thula","species","Snowy Egret","adults","Parorchis acanthus","species","Parorchis acanthus","metacercaria",37,86
"1212",NA,"Limosa fedoa","species","Marbled Godwit","adults","Cloacitrema michiganiensis","species","Cloacitrema michiganiensis","metacercaria",55,34
"1213",NA,"Limosa fedoa","species","Marbled Godwit","adults","Parorchis acanthus","species","Parorchis acanthus","metacercaria",55,86
"1214",NA,"Calidris alpina","species","Dunlin","adults","Renicola cerithidicola","species","Renicola cerithidicola","metacercaria",20,103
"1215",NA,"Catoptrophorus semipalmatus","species","Willet","adults","Renicola sp.","genus","Renicola sp.","metacercaria",26,104
"1216",NA,"Anas platyrhynchos","species","Mallard","adults","Maritrema sp.","genus","Maritrema sp.","metacercaria",11,69
"1217",NA,"Egretta caerulea","species","Little Blue Heron","adults","Cloacitrema michiganiensis","species","Cloacitrema michiganiensis","metacercaria",36,34
"1218",NA,"Egretta caerulea","species","Little Blue Heron","adults","Parorchis acanthus","species","Parorchis acanthus","metacercaria",36,86
"1219",NA,"Podilymbus podiceps","species","Pied-billed Grebe","adults","Mesostephanus appendiculatus","species","Mesostephanus appendiculatus","metacercaria",78,73
"1220",NA,"Anas americana","species","American Wigeon","adults","Acanthoparyphium spinulosum","species","Acanthoparyphium spinulosum","metacercaria",7,2
"1221",NA,"Anas platyrhynchos","species","Mallard","adults","Himasthla rhigedana","species","Himasthla rhigedana","metacercaria",11,55
"1222",NA,"Numenius americanus","species","Long-billed Curlew","adults","Acanthoparyphium spinulosum","species","Acanthoparyphium spinulosum","metacercaria",62,2
"1223",NA,"Corvus brachyrhynchos","species","American Crow","adults","Mesostephanus appendiculatus","species","Mesostephanus appendiculatus","metacercaria",32,73
"1224",NA,"Calidris mauri","species","Western Sandpiper","adults","Catatropis johnstoni","species","Catatropis johnstoni","metacercaria",21,26
"1225",NA,"Larus californicus","species","California Gull","adults","Acanthoparyphium spinulosum","species","Acanthoparyphium spinulosum","metacercaria",49,2
"1226",NA,"Recurvirostra americana","species","American Avocet","adults","Cloacitrema michiganiensis","species","Cloacitrema michiganiensis","metacercaria",85,34
"1227",NA,"Recurvirostra americana","species","American Avocet","adults","Parorchis acanthus","species","Parorchis acanthus","metacercaria",85,86
"1228",NA,"Pluvialis squatarola","species","Black-bellied Plover","adults","Renicola sp.","genus","Renicola sp.","metacercaria",77,104
"1229",NA,"Egretta thula","species","Snowy Egret","adults","Mesostephanus appendiculatus","species","Mesostephanus appendiculatus","metacercaria",37,73
"1230",NA,"Limosa fedoa","species","Marbled Godwit","adults","Mesostephanus appendiculatus","species","Mesostephanus appendiculatus","metacercaria",55,73
"1231",NA,"Calidris alpina","species","Dunlin","adults","Phocitremoides ovale","species","Phocitremoides ovale","metacercaria",20,89
"1232",NA,"Melanitta perspicillata","species","Surf Scoter","adults","Maritrema sp.","genus","Maritrema sp.","metacercaria",59,69
"1233",NA,"Fulica americana","species","American Coot","adults","Acanthoparyphium spinulosum","species","Acanthoparyphium spinulosum","metacercaria",39,2
"1234",NA,"Aechmophorus occidentalis","species","Western Grebe","adults","Gyrodactylus sp.","genus","Gyrodactylus sp.","adults",5,52
"1235",NA,"Calidris minutilla","species","Least Sandpiper","adults","Catatropis johnstoni","species","Catatropis johnstoni","metacercaria",22,26
"1236",NA,"Catoptrophorus semipalmatus","species","Willet","adults","Cloacitrema michiganiensis","species","Cloacitrema michiganiensis","metacercaria",26,34
"1237",NA,"Catoptrophorus semipalmatus","species","Willet","adults","Parorchis acanthus","species","Parorchis acanthus","metacercaria",26,86
"1238",NA,"Egretta caerulea","species","Little Blue Heron","adults","Mesostephanus appendiculatus","species","Mesostephanus appendiculatus","metacercaria",36,73
"1239",NA,"Melanitta perspicillata","species","Surf Scoter","adults","Himasthla rhigedana","species","Himasthla rhigedana","metacercaria",59,55
"1240",NA,"Recurvirostra americana","species","American Avocet","adults","Mesostephanus appendiculatus","species","Mesostephanus appendiculatus","metacercaria",85,73
"1241",NA,"Tagelus californianus","species","California Jackknife Clam","adults","Cloacitrema michiganiensis","species","Cloacitrema michiganiensis","cercaria",94,34
"1242",NA,"Calidris alpina","species","Dunlin","adults","Stictodora hancocki","species","Stictodora hancocki","metacercaria",20,109
"1243",NA,"Calidris minutilla","species","Least Sandpiper","adults","Euhaplorchis californiensis","species","Euhaplorchis californiensis","metacercaria",22,46
"1244",NA,"Oxyura jamaicensis","species","Ruddy Duck","adults","Acanthoparyphium spinulosum","species","Acanthoparyphium spinulosum","metacercaria",67,2
"1245",NA,"Nycticorax nycticorax","species","Black-crowned Night Heron","adults","Himasthla rhigedana","species","Himasthla rhigedana","metacercaria",65,55
"1246",NA,"Anas americana","species","American Wigeon","adults","Maritrema sp.","genus","Maritrema sp.","metacercaria",7,69
"1247",NA,"Pluvialis squatarola","species","Black-bellied Plover","adults","Cloacitrema michiganiensis","species","Cloacitrema michiganiensis","metacercaria",77,34
"1248",NA,"Pluvialis squatarola","species","Black-bellied Plover","adults","Parorchis acanthus","species","Parorchis acanthus","metacercaria",77,86
"1249",NA,"Tringa melanoleuca","species","Greater Yellowlegs","adults","Renicola sp.","genus","Renicola sp.","metacercaria",98,104
"1250",NA,"Larus delawarensis","species","Ring-billed Gull","adults","Acanthoparyphium spinulosum","species","Acanthoparyphium spinulosum","metacercaria",51,2
"1251",NA,"Mergus serrator","species","Red-breasted Merganser","adults","Gyrodactylus sp.","genus","Gyrodactylus sp.","adults",60,52
"1252",NA,"Calidris alpina","species","Dunlin","adults","Renicola buchanani","species","Renicola buchanani","metacercaria",20,102
"1253",NA,"Catoptrophorus semipalmatus","species","Willet","adults","Mesostephanus appendiculatus","species","Mesostephanus appendiculatus","metacercaria",26,73
"1254",NA,"Larus philadelphia","species","Bonaparte's Gull","adults","Cloacitrema michiganiensis","species","Cloacitrema michiganiensis","metacercaria",52,34
"1255",NA,"Larus philadelphia","species","Bonaparte's Gull","adults","Parorchis acanthus","species","Parorchis acanthus","metacercaria",52,86
"1256",NA,"Numenius americanus","species","Long-billed Curlew","adults","Himasthla rhigedana","species","Himasthla rhigedana","metacercaria",62,55
"1257",NA,"Larus canus","species","Mew Gull","adults","Acanthoparyphium spinulosum","species","Acanthoparyphium spinulosum","metacercaria",50,2
"1258",NA,"Accipiter cooperi","species","Cooper's Hawk","adults","Maritrema sp.","genus","Maritrema sp.","adults",3,69
"1259",NA,"Larus californicus","species","California Gull","adults","Himasthla rhigedana","species","Himasthla rhigedana","metacercaria",49,55
"1260",NA,"Accipiter cooperi","species","Cooper's Hawk","adults","Stictodora hancocki","species","Stictodora hancocki","adults",3,109
"1261",NA,"Fulica americana","species","American Coot","adults","Maritrema sp.","genus","Maritrema sp.","metacercaria",39,69
"1262",NA,"Butorides virescens","species","Green Heron","adults","Mesostephanus appendiculatus","species","Mesostephanus appendiculatus","metacercaria",19,73
"1263",NA,"Tagelus subteres","species","Lesser Tagelus","adults","Parvatrema sp.","genus","Parvatrema sp.","cercaria",95,87
"1264",NA,"Accipiter cooperi","species","Cooper's Hawk","adults","Renicola buchanani","species","Renicola buchanani","adults",3,102
"1265",NA,"Accipiter cooperi","species","Cooper's Hawk","adults","Renicola cerithidicola","species","Renicola cerithidicola","adults",3,103
"1266",NA,"Egretta alba","species","Great Egret","adults","Gyrodactylus sp.","genus","Gyrodactylus sp.","adults",35,52
"1267",NA,"Nycticorax nycticorax","species","Black-crowned Night Heron","adults","Gyrodactylus sp.","genus","Gyrodactylus sp.","adults",65,52
"1268",NA,"Pluvialis squatarola","species","Black-bellied Plover","adults","Mesostephanus appendiculatus","species","Mesostephanus appendiculatus","metacercaria",77,73
"1269",NA,"Ardea herodius","species","Great Blue Heron","adults","Glossocercus sp.","genus","Glossocercus sp.","plerocercoid",13,51
"1270",NA,"Bucephala albeola","species","Bufflehead","adults","Acanthoparyphium spinulosum","species","Acanthoparyphium spinulosum","metacercaria",18,2
"1271",NA,"Corvus brachyrhynchos","species","American Crow","adults","Acanthoparyphium spinulosum","species","Acanthoparyphium spinulosum","metacercaria",32,2
"1272",NA,"Larus philadelphia","species","Bonaparte's Gull","adults","Mesostephanus appendiculatus","species","Mesostephanus appendiculatus","metacercaria",52,73
"1273",NA,"Oxyura jamaicensis","species","Ruddy Duck","adults","Maritrema sp.","genus","Maritrema sp.","metacercaria",67,69
"1274",NA,"Tringa melanoleuca","species","Greater Yellowlegs","adults","Cloacitrema michiganiensis","species","Cloacitrema michiganiensis","metacercaria",98,34
"1275",NA,"Tringa melanoleuca","species","Greater Yellowlegs","adults","Parorchis acanthus","species","Parorchis acanthus","metacercaria",98,86
"1276",NA,"Phalacrocorax penicillatus","species","Double-crested Cormorant","adults","Glossocercus sp.","genus","Glossocercus sp.","plerocercoid",73,51
"1277",NA,"Numenius americanus","species","Long-billed Curlew","adults","Gyrodactylus sp.","genus","Gyrodactylus sp.","adults",62,52
"1278",NA,"Limosa fedoa","species","Marbled Godwit","adults","Acanthoparyphium spinulosum","species","Acanthoparyphium spinulosum","metacercaria",55,2
"1279",NA,"Larus californicus","species","California Gull","adults","Gyrodactylus sp.","genus","Gyrodactylus sp.","adults",49,52
"1280",NA,"Anas discors","species","Blue-winged Teal","adults","Acanthoparyphium spinulosum","species","Acanthoparyphium spinulosum","metacercaria",10,2
"1281",NA,"Oxyura jamaicensis","species","Ruddy Duck","adults","Himasthla rhigedana","species","Himasthla rhigedana","metacercaria",67,55
"1282",NA,"Anas cyanoptera","species","Cinnamon Teal","adults","Acanthoparyphium spinulosum","species","Acanthoparyphium spinulosum","metacercaria",9,2
"1283",NA,"Calidris minutilla","species","Least Sandpiper","adults","Renicola cerithidicola","species","Renicola cerithidicola","metacercaria",22,103
"1284",NA,"Anas crecca","species","Green-winged Teal","adults","Acanthoparyphium spinulosum","species","Acanthoparyphium spinulosum","metacercaria",8,2
"1285",NA,"Tagelus californianus","species","California Jackknife Clam","adults","Acanthoparyphium spinulosum","species","Acanthoparyphium spinulosum","cercaria",94,2
"1286",NA,"Accipiter cooperi","species","Cooper's Hawk","adults","Pygidiopsoides spindalis","species","Pygidiopsoides spindalis","adults",3,100
"1287",NA,"Larus delawarensis","species","Ring-billed Gull","adults","Himasthla rhigedana","species","Himasthla rhigedana","metacercaria",51,55
"1288",NA,"Limnodromus scilopaceus","species","Long-billed Dowitcher","adults","Renicola sp.","genus","Renicola sp.","metacercaria",54,104
"1289",NA,"Sterna caspia","species","Caspian Tern","adults","Gyrodactylus sp.","genus","Gyrodactylus sp.","adults",91,52
"1290",NA,"Tagelus californianus","species","California Jackknife Clam","adults","Parorchis acanthus","species","Parorchis acanthus","cercaria",94,86
"1291",NA,"Protothaca staminea","species","Pacific Littleneck Clam","adults","Acanthoparyphium spinulosum","species","Acanthoparyphium spinulosum","cercaria",83,2
"1292",NA,"Tringa melanoleuca","species","Greater Yellowlegs","adults","Mesostephanus appendiculatus","species","Mesostephanus appendiculatus","metacercaria",98,73
"1293",NA,"Larus canus","species","Mew Gull","adults","Himasthla rhigedana","species","Himasthla rhigedana","metacercaria",50,55
"1294",NA,"Recurvirostra americana","species","American Avocet","adults","Acanthoparyphium spinulosum","species","Acanthoparyphium spinulosum","metacercaria",85,2
"1295",NA,"Tagelus affinis","species","Fat Jackknife Clam","adults","Parvatrema sp.","genus","Parvatrema sp.","cercaria",93,87
"1296",NA,"Podilymbus podiceps","species","Pied-billed Grebe","adults","Maritrema sp.","genus","Maritrema sp.","metacercaria",78,69
"1297",NA,"Bucephala albeola","species","Bufflehead","adults","Maritrema sp.","genus","Maritrema sp.","metacercaria",18,69
"1298",NA,"Tagelus subteres","species","Lesser Tagelus","adults","Cloacitrema michiganiensis","species","Cloacitrema michiganiensis","cercaria",95,34
"1299",NA,"Ceryle alcyon","species","Belted Kingfisher","adults","Mesostephanus appendiculatus","species","Mesostephanus appendiculatus","metacercaria",27,73
"1300",NA,"Calidris minutilla","species","Least Sandpiper","adults","Phocitremoides ovale","species","Phocitremoides ovale","metacercaria",22,89
"1301",NA,"Catoptrophorus semipalmatus","species","Willet","adults","Acanthoparyphium spinulosum","species","Acanthoparyphium spinulosum","metacercaria",26,2
"1302",NA,"Podilymbus podiceps","species","Pied-billed Grebe","adults","Himasthla rhigedana","species","Himasthla rhigedana","metacercaria",78,55
"1303",NA,"Numenius phaeopus","species","Whimbrel","adults","Himasthla rhigedana","species","Himasthla rhigedana","metacercaria",63,55
"1304",NA,"Limosa fedoa","species","Marbled Godwit","adults","Maritrema sp.","genus","Maritrema sp.","metacercaria",55,69
"1305",NA,"Bucephala albeola","species","Bufflehead","adults","Himasthla rhigedana","species","Himasthla rhigedana","metacercaria",18,55
"1306",NA,"Pachygrapsus crassipes","species","Striped Shore Crab","adults","Catatropis johnstoni","species","Catatropis johnstoni","metacercaria",68,26
"1307",NA,"Corvus brachyrhynchos","species","American Crow","adults","Himasthla rhigedana","species","Himasthla rhigedana","metacercaria",32,55
"1308",NA,"Anas discors","species","Blue-winged Teal","adults","Maritrema sp.","genus","Maritrema sp.","metacercaria",10,69
"1309",NA,"Larus delawarensis","species","Ring-billed Gull","adults","Gyrodactylus sp.","genus","Gyrodactylus sp.","adults",51,52
"1310",NA,"Anas cyanoptera","species","Cinnamon Teal","adults","Maritrema sp.","genus","Maritrema sp.","metacercaria",9,69
"1311",NA,"Limnodromus scilopaceus","species","Long-billed Dowitcher","adults","Cloacitrema michiganiensis","species","Cloacitrema michiganiensis","metacercaria",54,34
"1312",NA,"Limnodromus scilopaceus","species","Long-billed Dowitcher","adults","Parorchis acanthus","species","Parorchis acanthus","metacercaria",54,86
"1313",NA,"Anas crecca","species","Green-winged Teal","adults","Maritrema sp.","genus","Maritrema sp.","metacercaria",8,69
"1314",NA,"Larus canus","species","Mew Gull","adults","Gyrodactylus sp.","genus","Gyrodactylus sp.","adults",50,52
"1315",NA,"Egretta thula","species","Snowy Egret","adults","Himasthla rhigedana","species","Himasthla rhigedana","metacercaria",37,55
"1316",NA,"Limosa fedoa","species","Marbled Godwit","adults","Himasthla rhigedana","species","Himasthla rhigedana","metacercaria",55,55
"1317",NA,"Calidris minutilla","species","Least Sandpiper","adults","Stictodora hancocki","species","Stictodora hancocki","metacercaria",22,109
"1318",NA,"Procyon locator","species","Raccoon","adults","Acanthoparyphium spinulosum","species","Acanthoparyphium spinulosum","adults",82,2
"1319",NA,"Pluvialis squatarola","species","Black-bellied Plover","adults","Acanthoparyphium spinulosum","species","Acanthoparyphium spinulosum","metacercaria",77,2
"1320",NA,"Aechmophorus occidentalis","species","Western Grebe","adults","Glossocercus sp.","genus","Glossocercus sp.","plerocercoid",5,51
"1321",NA,"Egretta caerulea","species","Little Blue Heron","adults","Himasthla rhigedana","species","Himasthla rhigedana","metacercaria",36,55
"1322",NA,"Larus philadelphia","species","Bonaparte's Gull","adults","Acanthoparyphium spinulosum","species","Acanthoparyphium spinulosum","metacercaria",52,2
"1323",NA,"Calidris minutilla","species","Least Sandpiper","adults","Renicola buchanani","species","Renicola buchanani","metacercaria",22,102
"1324",NA,"Podilymbus podiceps","species","Pied-billed Grebe","adults","Gyrodactylus sp.","genus","Gyrodactylus sp.","adults",78,52
"1325",NA,"Melanitta perspicillata","species","Surf Scoter","adults","Carcinonemertes sp.","species","Carcinonemertes sp.","adults",59,24
"1326",NA,"Corvus brachyrhynchos","species","American Crow","adults","Gyrodactylus sp.","genus","Gyrodactylus sp.","adults",32,52
"1327",NA,"Limnodromus scilopaceus","species","Long-billed Dowitcher","adults","Mesostephanus appendiculatus","species","Mesostephanus appendiculatus","metacercaria",54,73
"1328",NA,"Recurvirostra americana","species","American Avocet","adults","Himasthla rhigedana","species","Himasthla rhigedana","metacercaria",85,55
"1329",NA,"Procyon locator","species","Raccoon","adults","Spirocamallanus pereirae","species","Spirocamallanus pereirae","adults",82,107
"1330",NA,"Catoptrophorus semipalmatus","species","Willet","adults","Maritrema sp.","genus","Maritrema sp.","metacercaria",26,69
"1331",NA,"Macoma nasuta","species","Bent-nosed Clam","adults","Cloacitrema michiganiensis","species","Cloacitrema michiganiensis","cercaria",56,34
"1332",NA,"Tagelus affinis","species","Fat Jackknife Clam","adults","Cloacitrema michiganiensis","species","Cloacitrema michiganiensis","cercaria",93,34
"1333",NA,"Nycticorax nycticorax","species","Black-crowned Night Heron","adults","Carcinonemertes sp.","species","Carcinonemertes sp.","adults",65,24
"1334",NA,"Egretta thula","species","Snowy Egret","adults","Gyrodactylus sp.","genus","Gyrodactylus sp.","adults",37,52
"1335",NA,"Limosa fedoa","species","Marbled Godwit","adults","Gyrodactylus sp.","genus","Gyrodactylus sp.","adults",55,52
"1336",NA,"Pachygrapsus crassipes","species","Striped Shore Crab","adults","Parvatrema sp.","genus","Parvatrema sp.","metacercaria",68,87
"1337",NA,"Mergus serrator","species","Red-breasted Merganser","adults","Glossocercus sp.","genus","Glossocercus sp.","plerocercoid",60,51
"1338",NA,"Catoptrophorus semipalmatus","species","Willet","adults","Himasthla rhigedana","species","Himasthla rhigedana","metacercaria",26,55
"1339",NA,"Egretta caerulea","species","Little Blue Heron","adults","Gyrodactylus sp.","genus","Gyrodactylus sp.","adults",36,52
"1340",NA,"Tagelus subteres","species","Lesser Tagelus","adults","Acanthoparyphium spinulosum","species","Acanthoparyphium spinulosum","cercaria",95,2
"1341",NA,"Tringa melanoleuca","species","Greater Yellowlegs","adults","Acanthoparyphium spinulosum","species","Acanthoparyphium spinulosum","metacercaria",98,2
"1342",NA,"Calidris alpina","species","Dunlin","adults","Renicola sp.","genus","Renicola sp.","metacercaria",20,104
"1343",NA,"Numenius americanus","species","Long-billed Curlew","adults","Carcinonemertes sp.","species","Carcinonemertes sp.","adults",62,24
"1344",NA,"Pluvialis squatarola","species","Black-bellied Plover","adults","Maritrema sp.","genus","Maritrema sp.","metacercaria",77,69
"1345",NA,"Larus californicus","species","California Gull","adults","Carcinonemertes sp.","species","Carcinonemertes sp.","adults",49,24
"1346",NA,"Accipiter cooperi","species","Cooper's Hawk","adults","Austrobilharzia sp.","genus","Austrobilharzia sp.","adults",3,17
"1347",NA,"Tagelus subteres","species","Lesser Tagelus","adults","Parorchis acanthus","species","Parorchis acanthus","cercaria",95,86
"1348",NA,"Recurvirostra americana","species","American Avocet","adults","Gyrodactylus sp.","genus","Gyrodactylus sp.","adults",85,52
"1349",NA,"Charadrius semipalmatus","species","Semipalmated Plover","adults","Renicola sp.","genus","Renicola sp.","metacercaria",28,104
"1350",NA,"Egretta alba","species","Great Egret","adults","Glossocercus sp.","genus","Glossocercus sp.","plerocercoid",35,51
"1351",NA,"Nycticorax nycticorax","species","Black-crowned Night Heron","adults","Glossocercus sp.","genus","Glossocercus sp.","plerocercoid",65,51
"1352",NA,"Pluvialis squatarola","species","Black-bellied Plover","adults","Himasthla rhigedana","species","Himasthla rhigedana","metacercaria",77,55
"1353",NA,"Actitis macularia","species","Spotted Sandpiper","adults","Renicola sp.","genus","Renicola sp.","metacercaria",4,104
"1354",NA,"Larus philadelphia","species","Bonaparte's Gull","adults","Himasthla rhigedana","species","Himasthla rhigedana","metacercaria",52,55
"1355",NA,"Catoptrophorus semipalmatus","species","Willet","adults","Gyrodactylus sp.","genus","Gyrodactylus sp.","adults",26,52
"1356",NA,"Larus californicus","species","California Gull","adults","Glossocercus sp.","genus","Glossocercus sp.","plerocercoid",49,51
"1357",NA,"Calidris alpina","species","Dunlin","adults","Cloacitrema michiganiensis","species","Cloacitrema michiganiensis","metacercaria",20,34
"1358",NA,"Calidris alpina","species","Dunlin","adults","Parorchis acanthus","species","Parorchis acanthus","metacercaria",20,86
"1359",NA,"Butorides virescens","species","Green Heron","adults","Gyrodactylus sp.","genus","Gyrodactylus sp.","adults",19,52
"1360",NA,"Accipiter cooperi","species","Cooper's Hawk","adults","Catatropis johnstoni","species","Catatropis johnstoni","adults",3,26
"1361",NA,"Pluvialis squatarola","species","Black-bellied Plover","adults","Gyrodactylus sp.","genus","Gyrodactylus sp.","adults",77,52
"1362",NA,"Charadrius semipalmatus","species","Semipalmated Plover","adults","Cloacitrema michiganiensis","species","Cloacitrema michiganiensis","metacercaria",28,34
"1363",NA,"Charadrius semipalmatus","species","Semipalmated Plover","adults","Parorchis acanthus","species","Parorchis acanthus","metacercaria",28,86
"1364",NA,"Macoma nasuta","species","Bent-nosed Clam","adults","Acanthoparyphium spinulosum","species","Acanthoparyphium spinulosum","cercaria",56,2
"1365",NA,"Tagelus affinis","species","Fat Jackknife Clam","adults","Acanthoparyphium spinulosum","species","Acanthoparyphium spinulosum","cercaria",93,2
"1366",NA,"Sterna caspia","species","Caspian Tern","adults","Glossocercus sp.","genus","Glossocercus sp.","plerocercoid",91,51
"1367",NA,"Larus delawarensis","species","Ring-billed Gull","adults","Carcinonemertes sp.","species","Carcinonemertes sp.","adults",51,24
"1368",NA,"Tringa melanoleuca","species","Greater Yellowlegs","adults","Himasthla rhigedana","species","Himasthla rhigedana","metacercaria",98,55
"1369",NA,"Limnodromus scilopaceus","species","Long-billed Dowitcher","adults","Acanthoparyphium spinulosum","species","Acanthoparyphium spinulosum","metacercaria",54,2
"1370",NA,"Actitis macularia","species","Spotted Sandpiper","adults","Cloacitrema michiganiensis","species","Cloacitrema michiganiensis","metacercaria",4,34
"1371",NA,"Actitis macularia","species","Spotted Sandpiper","adults","Parorchis acanthus","species","Parorchis acanthus","metacercaria",4,86
"1372",NA,"Larus philadelphia","species","Bonaparte's Gull","adults","Gyrodactylus sp.","genus","Gyrodactylus sp.","adults",52,52
"1373",NA,"Macoma nasuta","species","Bent-nosed Clam","adults","Parorchis acanthus","species","Parorchis acanthus","cercaria",56,86
"1374",NA,"Tagelus affinis","species","Fat Jackknife Clam","adults","Parorchis acanthus","species","Parorchis acanthus","cercaria",93,86
"1375",NA,"Larus canus","species","Mew Gull","adults","Carcinonemertes sp.","species","Carcinonemertes sp.","adults",50,24
"1376",NA,"Calidris alpina","species","Dunlin","adults","Mesostephanus appendiculatus","species","Mesostephanus appendiculatus","metacercaria",20,73
"1377",NA,"Anas platyrhynchos","species","Mallard","adults","Hysterolecitha trilocalis","species","Hysterolecitha trilocalis","parthenitae",11,57
"1378",NA,"Podilymbus podiceps","species","Pied-billed Grebe","adults","Carcinonemertes sp.","species","Carcinonemertes sp.","adults",78,24
"1379",NA,"Numenius phaeopus","species","Whimbrel","adults","Carcinonemertes sp.","species","Carcinonemertes sp.","adults",63,24
"1380",NA,"Bucephala albeola","species","Bufflehead","adults","Carcinonemertes sp.","species","Carcinonemertes sp.","adults",18,24
"1381",NA,"Corvus brachyrhynchos","species","American Crow","adults","Carcinonemertes sp.","species","Carcinonemertes sp.","adults",32,24
"1382",NA,"Tringa melanoleuca","species","Greater Yellowlegs","adults","Gyrodactylus sp.","genus","Gyrodactylus sp.","adults",98,52
"1383",NA,"Egretta thula","species","Snowy Egret","adults","Carcinonemertes sp.","species","Carcinonemertes sp.","adults",37,24
"1384",NA,"Limosa fedoa","species","Marbled Godwit","adults","Carcinonemertes sp.","species","Carcinonemertes sp.","adults",55,24
"1385",NA,"Calidris mauri","species","Western Sandpiper","adults","Renicola sp.","genus","Renicola sp.","metacercaria",21,104
"1386",NA,"Ardea herodius","species","Great Blue Heron","adults","Spirocamallanus pereirae","species","Spirocamallanus pereirae","adults",13,107
"1387",NA,"Limnodromus scilopaceus","species","Long-billed Dowitcher","adults","Maritrema sp.","genus","Maritrema sp.","metacercaria",54,69
"1388",NA,"Ceryle alcyon","species","Belted Kingfisher","adults","Gyrodactylus sp.","genus","Gyrodactylus sp.","adults",27,52
"1389",NA,"Egretta caerulea","species","Little Blue Heron","adults","Carcinonemertes sp.","species","Carcinonemertes sp.","adults",36,24
"1390",NA,"Phalacrocorax penicillatus","species","Double-crested Cormorant","adults","Spirocamallanus pereirae","species","Spirocamallanus pereirae","adults",73,107
"1391",NA,"Podilymbus podiceps","species","Pied-billed Grebe","adults","Glossocercus sp.","genus","Glossocercus sp.","plerocercoid",78,51
"1392",NA,"Limnodromus scilopaceus","species","Long-billed Dowitcher","adults","Himasthla rhigedana","species","Himasthla rhigedana","metacercaria",54,55
"1393",NA,"Charadrius vociferus","species","Killdeer","adults","Maritrema sp.","genus","Maritrema sp.","metacercaria",29,69
"1394",NA,"Calidris minutilla","species","Least Sandpiper","adults","Renicola sp.","genus","Renicola sp.","metacercaria",22,104
"1395",NA,"Egretta thula","species","Snowy Egret","adults","Glossocercus sp.","genus","Glossocercus sp.","plerocercoid",37,51
"1396",NA,"Anas americana","species","American Wigeon","adults","Hysterolecitha trilocalis","species","Hysterolecitha trilocalis","parthenitae",7,57
"1397",NA,"Tagelus subteres","species","Lesser Tagelus","adults","Himasthla rhigedana","species","Himasthla rhigedana","cercaria",95,55
"1398",NA,"Calidris mauri","species","Western Sandpiper","adults","Cloacitrema michiganiensis","species","Cloacitrema michiganiensis","metacercaria",21,34
"1399",NA,"Calidris mauri","species","Western Sandpiper","adults","Parorchis acanthus","species","Parorchis acanthus","metacercaria",21,86
"1400",NA,"Egretta caerulea","species","Little Blue Heron","adults","Glossocercus sp.","genus","Glossocercus sp.","plerocercoid",36,51
"1401",NA,"Catoptrophorus semipalmatus","species","Willet","adults","Carcinonemertes sp.","species","Carcinonemertes sp.","adults",26,24
"1402",NA,"Ardea herodius","species","Great Blue Heron","adults","Hysterolecitha trilocalis","species","Hysterolecitha trilocalis","adults",13,57
"1403",NA,"Limnodromus scilopaceus","species","Long-billed Dowitcher","adults","Gyrodactylus sp.","genus","Gyrodactylus sp.","adults",54,52
"1404",NA,"Calidris alpina","species","Dunlin","adults","Acanthoparyphium spinulosum","species","Acanthoparyphium spinulosum","metacercaria",20,2
"1405",NA,"Recurvirostra americana","species","American Avocet","adults","Glossocercus sp.","genus","Glossocercus sp.","plerocercoid",85,51
"1406",NA,"Calidris minutilla","species","Least Sandpiper","adults","Cloacitrema michiganiensis","species","Cloacitrema michiganiensis","metacercaria",22,34
"1407",NA,"Calidris minutilla","species","Least Sandpiper","adults","Parorchis acanthus","species","Parorchis acanthus","metacercaria",22,86
"1408",NA,"Phalacrocorax penicillatus","species","Double-crested Cormorant","adults","Hysterolecitha trilocalis","species","Hysterolecitha trilocalis","adults",73,57
"1409",NA,"Pluvialis squatarola","species","Black-bellied Plover","adults","Carcinonemertes sp.","species","Carcinonemertes sp.","adults",77,24
"1410",NA,"Charadrius semipalmatus","species","Semipalmated Plover","adults","Acanthoparyphium spinulosum","species","Acanthoparyphium spinulosum","metacercaria",28,2
"1411",NA,"Larus philadelphia","species","Bonaparte's Gull","adults","Carcinonemertes sp.","species","Carcinonemertes sp.","adults",52,24
"1412",NA,"Actitis macularia","species","Spotted Sandpiper","adults","Acanthoparyphium spinulosum","species","Acanthoparyphium spinulosum","metacercaria",4,2
"1413",NA,"Oxyura jamaicensis","species","Ruddy Duck","adults","Hysterolecitha trilocalis","species","Hysterolecitha trilocalis","parthenitae",67,57
"1414",NA,"Aechmophorus occidentalis","species","Western Grebe","adults","Spirocamallanus pereirae","species","Spirocamallanus pereirae","adults",5,107
"1415",NA,"Accipiter cooperi","species","Cooper's Hawk","adults","Cloacitrema michiganiensis","species","Cloacitrema michiganiensis","adults",3,34
"1416",NA,"Butorides virescens","species","Green Heron","adults","Glossocercus sp.","genus","Glossocercus sp.","plerocercoid",19,51
"1417",NA,"Calidris minutilla","species","Least Sandpiper","adults","Mesostephanus appendiculatus","species","Mesostephanus appendiculatus","metacercaria",22,73
"1418",NA,"Calidris alpina","species","Dunlin","adults","Maritrema sp.","genus","Maritrema sp.","metacercaria",20,69
"1419",NA,"Charadrius semipalmatus","species","Semipalmated Plover","adults","Maritrema sp.","genus","Maritrema sp.","metacercaria",28,69
"1420",NA,"Calidris alpina","species","Dunlin","adults","Himasthla rhigedana","species","Himasthla rhigedana","metacercaria",20,55
"1421",NA,"Mergus serrator","species","Red-breasted Merganser","adults","Spirocamallanus pereirae","species","Spirocamallanus pereirae","adults",60,107
"1422",NA,"Actitis macularia","species","Spotted Sandpiper","adults","Maritrema sp.","genus","Maritrema sp.","metacercaria",4,69
"1423",NA,"Bucephala albeola","species","Bufflehead","adults","Hysterolecitha trilocalis","species","Hysterolecitha trilocalis","parthenitae",18,57
"1424",NA,"Actitis macularia","species","Spotted Sandpiper","adults","Himasthla rhigedana","species","Himasthla rhigedana","metacercaria",4,55
"1425",NA,"Aechmophorus occidentalis","species","Western Grebe","adults","Hysterolecitha trilocalis","species","Hysterolecitha trilocalis","adults",5,57
"1426",NA,"Anas discors","species","Blue-winged Teal","adults","Hysterolecitha trilocalis","species","Hysterolecitha trilocalis","parthenitae",10,57
"1427",NA,"Egretta alba","species","Great Egret","adults","Spirocamallanus pereirae","species","Spirocamallanus pereirae","adults",35,107
"1428",NA,"Nycticorax nycticorax","species","Black-crowned Night Heron","adults","Spirocamallanus pereirae","species","Spirocamallanus pereirae","adults",65,107
"1429",NA,"Anas cyanoptera","species","Cinnamon Teal","adults","Hysterolecitha trilocalis","species","Hysterolecitha trilocalis","parthenitae",9,57
"1430",NA,"Pachygrapsus crassipes","species","Striped Shore Crab","adults","Renicola sp.","genus","Renicola sp.","metacercaria",68,104
"1431",NA,"Anas crecca","species","Green-winged Teal","adults","Hysterolecitha trilocalis","species","Hysterolecitha trilocalis","parthenitae",8,57
"1432",NA,"Hemigrapsus oregonensis","species","Green Shore Crab","adults","Parvatrema sp.","genus","Parvatrema sp.","metacercaria",44,87
"1433",NA,"Calidris alpina","species","Dunlin","adults","Gyrodactylus sp.","genus","Gyrodactylus sp.","adults",20,52
"1434",NA,"Ceryle alcyon","species","Belted Kingfisher","adults","Glossocercus sp.","genus","Glossocercus sp.","plerocercoid",27,51
"1435",NA,"Calidris mauri","species","Western Sandpiper","adults","Acanthoparyphium spinulosum","species","Acanthoparyphium spinulosum","metacercaria",21,2
"1436",NA,"Numenius americanus","species","Long-billed Curlew","adults","Spirocamallanus pereirae","species","Spirocamallanus pereirae","adults",62,107
"1437",NA,"Larus californicus","species","California Gull","adults","Spirocamallanus pereirae","species","Spirocamallanus pereirae","adults",49,107
"1438",NA,"Mergus serrator","species","Red-breasted Merganser","adults","Hysterolecitha trilocalis","species","Hysterolecitha trilocalis","adults",60,57
"1439",NA,"Limnodromus scilopaceus","species","Long-billed Dowitcher","adults","Carcinonemertes sp.","species","Carcinonemertes sp.","adults",54,24
"1440",NA,"Calidris minutilla","species","Least Sandpiper","adults","Acanthoparyphium spinulosum","species","Acanthoparyphium spinulosum","metacercaria",22,2
"1441",NA,"Sterna caspia","species","Caspian Tern","adults","Spirocamallanus pereirae","species","Spirocamallanus pereirae","adults",91,107
"1442",NA,"Pachygrapsus crassipes","species","Striped Shore Crab","adults","Cloacitrema michiganiensis","species","Cloacitrema michiganiensis","metacercaria",68,34
"1443",NA,"Pachygrapsus crassipes","species","Striped Shore Crab","adults","Parorchis acanthus","species","Parorchis acanthus","metacercaria",68,86
"1444",NA,"Egretta alba","species","Great Egret","adults","Hysterolecitha trilocalis","species","Hysterolecitha trilocalis","adults",35,57
"1445",NA,"Nycticorax nycticorax","species","Black-crowned Night Heron","adults","Hysterolecitha trilocalis","species","Hysterolecitha trilocalis","adults",65,57
"1446",NA,"Limnodromus scilopaceus","species","Long-billed Dowitcher","adults","Glossocercus sp.","genus","Glossocercus sp.","plerocercoid",54,51
"1447",NA,"Calidris mauri","species","Western Sandpiper","adults","Maritrema sp.","genus","Maritrema sp.","metacercaria",21,69
"1448",NA,"Larus delawarensis","species","Ring-billed Gull","adults","Spirocamallanus pereirae","species","Spirocamallanus pereirae","adults",51,107
"1449",NA,"Calidris mauri","species","Western Sandpiper","adults","Himasthla rhigedana","species","Himasthla rhigedana","metacercaria",21,55
"1450",NA,"Larus canus","species","Mew Gull","adults","Spirocamallanus pereirae","species","Spirocamallanus pereirae","adults",50,107
"1451",NA,"Calidris minutilla","species","Least Sandpiper","adults","Maritrema sp.","genus","Maritrema sp.","metacercaria",22,69
"1452",NA,"Accipiter cooperi","species","Cooper's Hawk","adults","Acanthoparyphium spinulosum","species","Acanthoparyphium spinulosum","adults",3,2
"1453",NA,"Calidris minutilla","species","Least Sandpiper","adults","Himasthla rhigedana","species","Himasthla rhigedana","metacercaria",22,55
"1454",NA,"Podilymbus podiceps","species","Pied-billed Grebe","adults","Spirocamallanus pereirae","species","Spirocamallanus pereirae","adults",78,107
"1455",NA,"Corvus brachyrhynchos","species","American Crow","adults","Spirocamallanus pereirae","species","Spirocamallanus pereirae","adults",32,107
"1456",NA,"Egretta thula","species","Snowy Egret","adults","Spirocamallanus pereirae","species","Spirocamallanus pereirae","adults",37,107
"1457",NA,"Limosa fedoa","species","Marbled Godwit","adults","Spirocamallanus pereirae","species","Spirocamallanus pereirae","adults",55,107
"1458",NA,"Egretta caerulea","species","Little Blue Heron","adults","Spirocamallanus pereirae","species","Spirocamallanus pereirae","adults",36,107
"1459",NA,"Calidris minutilla","species","Least Sandpiper","adults","Gyrodactylus sp.","genus","Gyrodactylus sp.","adults",22,52
"1460",NA,"Recurvirostra americana","species","American Avocet","adults","Spirocamallanus pereirae","species","Spirocamallanus pereirae","adults",85,107
"1461",NA,"Actitis macularia","species","Spotted Sandpiper","adults","Carcinonemertes sp.","species","Carcinonemertes sp.","adults",4,24
"1462",NA,"Podilymbus podiceps","species","Pied-billed Grebe","adults","Hysterolecitha trilocalis","species","Hysterolecitha trilocalis","adults",78,57
"1463",NA,"Calidris alpina","species","Dunlin","adults","Glossocercus sp.","genus","Glossocercus sp.","plerocercoid",20,51
"1464",NA,"Catoptrophorus semipalmatus","species","Willet","adults","Spirocamallanus pereirae","species","Spirocamallanus pereirae","adults",26,107
"1465",NA,"Pachygrapsus crassipes","species","Striped Shore Crab","adults","Acanthoparyphium spinulosum","species","Acanthoparyphium spinulosum","metacercaria",68,2
"1466",NA,"Limnodromus scilopaceus","species","Long-billed Dowitcher","adults","Hysterolecitha trilocalis","species","Hysterolecitha trilocalis","parthenitae",54,57
"1467",NA,"Egretta thula","species","Snowy Egret","adults","Hysterolecitha trilocalis","species","Hysterolecitha trilocalis","adults",37,57
"1468",NA,"Procyon locator","species","Raccoon","adults","Portunion conformis","species","Portunion conformis","adults",82,96
"1469",NA,"Butorides virescens","species","Green Heron","adults","Spirocamallanus pereirae","species","Spirocamallanus pereirae","adults",19,107
"1470",NA,"Egretta caerulea","species","Little Blue Heron","adults","Hysterolecitha trilocalis","species","Hysterolecitha trilocalis","adults",36,57
"1471",NA,"Pluvialis squatarola","species","Black-bellied Plover","adults","Spirocamallanus pereirae","species","Spirocamallanus pereirae","adults",77,107
"1472",NA,"Larus philadelphia","species","Bonaparte's Gull","adults","Spirocamallanus pereirae","species","Spirocamallanus pereirae","adults",52,107
"1473",NA,"Pachygrapsus crassipes","species","Striped Shore Crab","adults","Maritrema sp.","genus","Maritrema sp.","metacercaria",68,69
"1474",NA,"Accipiter cooperi","species","Cooper's Hawk","adults","Himasthla rhigedana","species","Himasthla rhigedana","adults",3,55
"1475",NA,"Pachygrapsus crassipes","species","Striped Shore Crab","adults","Himasthla rhigedana","species","Himasthla rhigedana","metacercaria",68,55
"1476",NA,"Tringa melanoleuca","species","Greater Yellowlegs","adults","Spirocamallanus pereirae","species","Spirocamallanus pereirae","adults",98,107
"1477",NA,"Calidris mauri","species","Western Sandpiper","adults","Carcinonemertes sp.","species","Carcinonemertes sp.","adults",21,24
"1478",NA,"Ceryle alcyon","species","Belted Kingfisher","adults","Spirocamallanus pereirae","species","Spirocamallanus pereirae","adults",27,107
"1479",NA,"Accipiter cooperi","species","Cooper's Hawk","adults","Parorchis acanthus","species","Parorchis acanthus","adults",3,86
"1480",NA,"Hemigrapsus oregonensis","species","Green Shore Crab","adults","Renicola sp.","genus","Renicola sp.","metacercaria",44,104
"1481",NA,"Calidris minutilla","species","Least Sandpiper","adults","Glossocercus sp.","genus","Glossocercus sp.","plerocercoid",22,51
"1482",NA,"Actitis macularia","species","Spotted Sandpiper","adults","Hysterolecitha trilocalis","species","Hysterolecitha trilocalis","parthenitae",4,57
"1483",NA,"Limnodromus scilopaceus","species","Long-billed Dowitcher","adults","Spirocamallanus pereirae","species","Spirocamallanus pereirae","adults",54,107
"1484",NA,"Hemigrapsus oregonensis","species","Green Shore Crab","adults","Cloacitrema michiganiensis","species","Cloacitrema michiganiensis","metacercaria",44,34
"1485",NA,"Hemigrapsus oregonensis","species","Green Shore Crab","adults","Parorchis acanthus","species","Parorchis acanthus","metacercaria",44,86
"1486",NA,"Calidris mauri","species","Western Sandpiper","adults","Hysterolecitha trilocalis","species","Hysterolecitha trilocalis","parthenitae",21,57
"1487",NA,"Pachygrapsus crassipes","species","Striped Shore Crab","adults","Carcinonemertes sp.","species","Carcinonemertes sp.","adults",68,24
"1488",NA,"Calidris alpina","species","Dunlin","adults","Spirocamallanus pereirae","species","Spirocamallanus pereirae","adults",20,107
"1489",NA,"Anas platyrhynchos","species","Mallard","adults","Phocitremoides ovale","species","Phocitremoides ovale","parthenitae",11,89
"1490",NA,"Anas platyrhynchos","species","Mallard","adults","Pygidiopsoides spindalis","species","Pygidiopsoides spindalis","parthenitae",11,100
"1491",NA,"Anas platyrhynchos","species","Mallard","adults","Stictodora hancocki","species","Stictodora hancocki","parthenitae",11,109
"1492",NA,"Melanitta perspicillata","species","Surf Scoter","adults","Portunion conformis","species","Portunion conformis","adults",59,96
"1493",NA,"Anas platyrhynchos","species","Mallard","adults","Renicola buchanani","species","Renicola buchanani","parthenitae",11,102
"1494",NA,"Anas platyrhynchos","species","Mallard","adults","Renicola cerithidicola","species","Renicola cerithidicola","parthenitae",11,103
"1495",NA,"Hemigrapsus oregonensis","species","Green Shore Crab","adults","Acanthoparyphium spinulosum","species","Acanthoparyphium spinulosum","metacercaria",44,2
"1496",NA,"Nycticorax nycticorax","species","Black-crowned Night Heron","adults","Portunion conformis","species","Portunion conformis","adults",65,96
"1497",NA,"Anas platyrhynchos","species","Mallard","adults","Euhaplorchis californiensis","species","Euhaplorchis californiensis","parthenitae",11,46
"1498",NA,"Melanitta perspicillata","species","Surf Scoter","adults","Phocitremoides ovale","species","Phocitremoides ovale","parthenitae",59,89
"1499",NA,"Anas platyrhynchos","species","Mallard","adults","Mesostephanus appendiculatus","species","Mesostephanus appendiculatus","parthenitae",11,73
"1500",NA,"Anas platyrhynchos","species","Mallard","adults","Renicola sp.","genus","Renicola sp.","parthenitae",11,104
"1501",NA,"Melanitta perspicillata","species","Surf Scoter","adults","Pygidiopsoides spindalis","species","Pygidiopsoides spindalis","parthenitae",59,100
"1502",NA,"Melanitta perspicillata","species","Surf Scoter","adults","Stictodora hancocki","species","Stictodora hancocki","parthenitae",59,109
"1503",NA,"Melanitta perspicillata","species","Surf Scoter","adults","Renicola buchanani","species","Renicola buchanani","parthenitae",59,102
"1504",NA,"Numenius americanus","species","Long-billed Curlew","adults","Portunion conformis","species","Portunion conformis","adults",62,96
"1505",NA,"Melanitta perspicillata","species","Surf Scoter","adults","Renicola cerithidicola","species","Renicola cerithidicola","parthenitae",59,103
"1506",NA,"Larus californicus","species","California Gull","adults","Portunion conformis","species","Portunion conformis","adults",49,96
"1507",NA,"Anas platyrhynchos","species","Mallard","adults","Austrobilharzia sp.","genus","Austrobilharzia sp.","parthenitae",11,17
"1508",NA,"Melanitta perspicillata","species","Surf Scoter","adults","Euhaplorchis californiensis","species","Euhaplorchis californiensis","parthenitae",59,46
"1509",NA,"Melanitta perspicillata","species","Surf Scoter","adults","Mesostephanus appendiculatus","species","Mesostephanus appendiculatus","parthenitae",59,73
"1510",NA,"Melanitta perspicillata","species","Surf Scoter","adults","Renicola sp.","genus","Renicola sp.","parthenitae",59,104
"1511",NA,"Hemigrapsus oregonensis","species","Green Shore Crab","adults","Himasthla rhigedana","species","Himasthla rhigedana","metacercaria",44,55
"1512",NA,"Melanitta perspicillata","species","Surf Scoter","adults","Austrobilharzia sp.","genus","Austrobilharzia sp.","parthenitae",59,17
"1513",NA,"Larus delawarensis","species","Ring-billed Gull","adults","Portunion conformis","species","Portunion conformis","adults",51,96
"1514",NA,"Pachygrapsus crassipes","species","Striped Shore Crab","adults","Hysterolecitha trilocalis","species","Hysterolecitha trilocalis","parthenitae",68,57
"1515",NA,"Oxyura jamaicensis","species","Ruddy Duck","adults","Phocitremoides ovale","species","Phocitremoides ovale","parthenitae",67,89
"1516",NA,"Larus canus","species","Mew Gull","adults","Portunion conformis","species","Portunion conformis","adults",50,96
"1517",NA,"Oxyura jamaicensis","species","Ruddy Duck","adults","Pygidiopsoides spindalis","species","Pygidiopsoides spindalis","parthenitae",67,100
"1518",NA,"Oxyura jamaicensis","species","Ruddy Duck","adults","Stictodora hancocki","species","Stictodora hancocki","parthenitae",67,109
"1519",NA,"Oxyura jamaicensis","species","Ruddy Duck","adults","Renicola buchanani","species","Renicola buchanani","parthenitae",67,102
"1520",NA,"Oxyura jamaicensis","species","Ruddy Duck","adults","Renicola cerithidicola","species","Renicola cerithidicola","parthenitae",67,103
"1521",NA,"Podilymbus podiceps","species","Pied-billed Grebe","adults","Portunion conformis","species","Portunion conformis","adults",78,96
"1522",NA,"Numenius phaeopus","species","Whimbrel","adults","Portunion conformis","species","Portunion conformis","adults",63,96
"1523",NA,"Bucephala albeola","species","Bufflehead","adults","Portunion conformis","species","Portunion conformis","adults",18,96
"1524",NA,"Corvus brachyrhynchos","species","American Crow","adults","Portunion conformis","species","Portunion conformis","adults",32,96
"1525",NA,"Oxyura jamaicensis","species","Ruddy Duck","adults","Euhaplorchis californiensis","species","Euhaplorchis californiensis","parthenitae",67,46
"1526",NA,"Oxyura jamaicensis","species","Ruddy Duck","adults","Mesostephanus appendiculatus","species","Mesostephanus appendiculatus","parthenitae",67,73
"1527",NA,"Egretta thula","species","Snowy Egret","adults","Portunion conformis","species","Portunion conformis","adults",37,96
"1528",NA,"Limosa fedoa","species","Marbled Godwit","adults","Portunion conformis","species","Portunion conformis","adults",55,96
"1529",NA,"Bucephala albeola","species","Bufflehead","adults","Phocitremoides ovale","species","Phocitremoides ovale","parthenitae",18,89
"1530",NA,"Egretta caerulea","species","Little Blue Heron","adults","Portunion conformis","species","Portunion conformis","adults",36,96
"1531",NA,"Oxyura jamaicensis","species","Ruddy Duck","adults","Austrobilharzia sp.","genus","Austrobilharzia sp.","parthenitae",67,17
"1532",NA,"Bucephala albeola","species","Bufflehead","adults","Pygidiopsoides spindalis","species","Pygidiopsoides spindalis","parthenitae",18,100
"1533",NA,"Bucephala albeola","species","Bufflehead","adults","Stictodora hancocki","species","Stictodora hancocki","parthenitae",18,109
"1534",NA,"Bucephala albeola","species","Bufflehead","adults","Renicola buchanani","species","Renicola buchanani","parthenitae",18,102
"1535",NA,"Bucephala albeola","species","Bufflehead","adults","Renicola cerithidicola","species","Renicola cerithidicola","parthenitae",18,103
"1536",NA,"Accipiter cooperi","species","Cooper's Hawk","adults","Glossocercus sp.","genus","Glossocercus sp.","adults",3,51
"1537",NA,"Bucephala albeola","species","Bufflehead","adults","Euhaplorchis californiensis","species","Euhaplorchis californiensis","parthenitae",18,46
"1538",NA,"Catoptrophorus semipalmatus","species","Willet","adults","Portunion conformis","species","Portunion conformis","adults",26,96
"1539",NA,"Bucephala albeola","species","Bufflehead","adults","Mesostephanus appendiculatus","species","Mesostephanus appendiculatus","parthenitae",18,73
"1540",NA,"Bucephala albeola","species","Bufflehead","adults","Renicola sp.","genus","Renicola sp.","parthenitae",18,104
"1541",NA,"Bucephala albeola","species","Bufflehead","adults","Austrobilharzia sp.","genus","Austrobilharzia sp.","parthenitae",18,17
"1542",NA,"Pluvialis squatarola","species","Black-bellied Plover","adults","Portunion conformis","species","Portunion conformis","adults",77,96
"1543",NA,"Catoptrophorus semipalmatus","species","Willet","adults","Renicola cerithidicola","species","Renicola cerithidicola","parthenitae",26,103
"1544",NA,"Larus philadelphia","species","Bonaparte's Gull","adults","Portunion conformis","species","Portunion conformis","adults",52,96
"1545",NA,"Recurvirostra americana","species","American Avocet","adults","Maritrema sp.","genus","Maritrema sp.","parthenitae",85,69
"1546",NA,"Catoptrophorus semipalmatus","species","Willet","adults","Euhaplorchis californiensis","species","Euhaplorchis californiensis","parthenitae",26,46
"1547",NA,"Recurvirostra americana","species","American Avocet","adults","Austrobilharzia sp.","genus","Austrobilharzia sp.","parthenitae",85,17
"1548",NA,"Pluvialis squatarola","species","Black-bellied Plover","adults","Renicola cerithidicola","species","Renicola cerithidicola","parthenitae",77,103
"1549",NA,"Catoptrophorus semipalmatus","species","Willet","adults","Austrobilharzia sp.","genus","Austrobilharzia sp.","parthenitae",26,17
"1550",NA,"Pluvialis squatarola","species","Black-bellied Plover","adults","Euhaplorchis californiensis","species","Euhaplorchis californiensis","parthenitae",77,46
"1551",NA,"Pluvialis squatarola","species","Black-bellied Plover","adults","Austrobilharzia sp.","genus","Austrobilharzia sp.","parthenitae",77,17
"1552",NA,"Tringa melanoleuca","species","Greater Yellowlegs","adults","Renicola cerithidicola","species","Renicola cerithidicola","parthenitae",98,103
"1553",NA,"Tringa melanoleuca","species","Greater Yellowlegs","adults","Euhaplorchis californiensis","species","Euhaplorchis californiensis","parthenitae",98,46
"1554",NA,"Melanitta perspicillata","species","Surf Scoter","adults","Orthione griffenis","species","Orthione griffinis","adults",59,81
"1555",NA,"Limnodromus scilopaceus","species","Long-billed Dowitcher","adults","Portunion conformis","species","Portunion conformis","adults",54,96
"1556",NA,"Tringa melanoleuca","species","Greater Yellowlegs","adults","Maritrema sp.","genus","Maritrema sp.","parthenitae",98,69
"1557",NA,"Tringa melanoleuca","species","Greater Yellowlegs","adults","Austrobilharzia sp.","genus","Austrobilharzia sp.","parthenitae",98,17
"1558",NA,"Numenius americanus","species","Long-billed Curlew","adults","Orthione griffenis","species","Orthione griffinis","adults",62,81
"1559",NA,"Hemigrapsus oregonensis","species","Green Shore Crab","adults","Hysterolecitha trilocalis","species","Hysterolecitha trilocalis","parthenitae",44,57
"1560",NA,"Limnodromus scilopaceus","species","Long-billed Dowitcher","adults","Austrobilharzia sp.","genus","Austrobilharzia sp.","parthenitae",54,17
"1561",NA,"Actitis macularia","species","Spotted Sandpiper","adults","Portunion conformis","species","Portunion conformis","adults",4,96
"1562",NA,"Actitis macularia","species","Spotted Sandpiper","adults","Phocitremoides ovale","species","Phocitremoides ovale","parthenitae",4,89
"1563",NA,"Actitis macularia","species","Spotted Sandpiper","adults","Pygidiopsoides spindalis","species","Pygidiopsoides spindalis","parthenitae",4,100
"1564",NA,"Actitis macularia","species","Spotted Sandpiper","adults","Stictodora hancocki","species","Stictodora hancocki","parthenitae",4,109
"1565",NA,"Actitis macularia","species","Spotted Sandpiper","adults","Renicola buchanani","species","Renicola buchanani","parthenitae",4,102
"1566",NA,"Actitis macularia","species","Spotted Sandpiper","adults","Renicola cerithidicola","species","Renicola cerithidicola","parthenitae",4,103
"1567",NA,"Catoptrophorus semipalmatus","species","Willet","adults","Orthione griffenis","species","Orthione griffinis","adults",26,81
"1568",NA,"Actitis macularia","species","Spotted Sandpiper","adults","Euhaplorchis californiensis","species","Euhaplorchis californiensis","parthenitae",4,46
"1569",NA,"Calidris alpina","species","Dunlin","adults","Austrobilharzia sp.","genus","Austrobilharzia sp.","parthenitae",20,17
"1570",NA,"Actitis macularia","species","Spotted Sandpiper","adults","Mesostephanus appendiculatus","species","Mesostephanus appendiculatus","parthenitae",4,73
"1571",NA,"Actitis macularia","species","Spotted Sandpiper","adults","Austrobilharzia sp.","genus","Austrobilharzia sp.","parthenitae",4,17
"1572",NA,"Calidris mauri","species","Western Sandpiper","adults","Portunion conformis","species","Portunion conformis","adults",21,96
"1573",NA,"Calidris mauri","species","Western Sandpiper","adults","Phocitremoides ovale","species","Phocitremoides ovale","parthenitae",21,89
"1574",NA,"Calidris mauri","species","Western Sandpiper","adults","Pygidiopsoides spindalis","species","Pygidiopsoides spindalis","parthenitae",21,100
"1575",NA,"Calidris mauri","species","Western Sandpiper","adults","Stictodora hancocki","species","Stictodora hancocki","parthenitae",21,109
"1576",NA,"Calidris mauri","species","Western Sandpiper","adults","Renicola buchanani","species","Renicola buchanani","parthenitae",21,102
"1577",NA,"Calidris mauri","species","Western Sandpiper","adults","Renicola cerithidicola","species","Renicola cerithidicola","parthenitae",21,103
"1578",NA,"Calidris mauri","species","Western Sandpiper","adults","Euhaplorchis californiensis","species","Euhaplorchis californiensis","parthenitae",21,46
"1579",NA,"Calidris mauri","species","Western Sandpiper","adults","Mesostephanus appendiculatus","species","Mesostephanus appendiculatus","parthenitae",21,73
"1580",NA,"Calidris mauri","species","Western Sandpiper","adults","Austrobilharzia sp.","genus","Austrobilharzia sp.","parthenitae",21,17
"1581",NA,"Calidris minutilla","species","Least Sandpiper","adults","Austrobilharzia sp.","genus","Austrobilharzia sp.","parthenitae",22,17
"1582",NA,"Pachygrapsus crassipes","species","Striped Shore Crab","adults","Portunion conformis","species","Portunion conformis","adults",68,96
"1583",NA,"Pachygrapsus crassipes","species","Striped Shore Crab","adults","Phocitremoides ovale","species","Phocitremoides ovale","parthenitae",68,89
"1584",NA,"Pachygrapsus crassipes","species","Striped Shore Crab","adults","Pygidiopsoides spindalis","species","Pygidiopsoides spindalis","parthenitae",68,100
"1585",NA,"Pachygrapsus crassipes","species","Striped Shore Crab","adults","Stictodora hancocki","species","Stictodora hancocki","parthenitae",68,109
"1586",NA,"Pachygrapsus crassipes","species","Striped Shore Crab","adults","Renicola buchanani","species","Renicola buchanani","parthenitae",68,102
"1587",NA,"Pachygrapsus crassipes","species","Striped Shore Crab","adults","Renicola cerithidicola","species","Renicola cerithidicola","parthenitae",68,103
"1588",NA,"Pachygrapsus crassipes","species","Striped Shore Crab","adults","Euhaplorchis californiensis","species","Euhaplorchis californiensis","parthenitae",68,46
"1589",NA,"Pardosa sp.","genus","Pardosa sp.","adults","Maritrema sp.","genus","Maritrema sp.","metacercaria",70,69
"1590",NA,"Pachygrapsus crassipes","species","Striped Shore Crab","adults","Mesostephanus appendiculatus","species","Mesostephanus appendiculatus","parthenitae",68,73
"1591",NA,"Pachygrapsus crassipes","species","Striped Shore Crab","adults","Austrobilharzia sp.","genus","Austrobilharzia sp.","parthenitae",68,17
"1592",NA,"Carinoma mutabilis","species","Carinoma mutabilis","adults","Renicola sp.","genus","Renicola sp.","metacercaria",24,104
"1593",NA,"Carinoma mutabilis","species","Carinoma mutabilis","adults","Acanthoparyphium spinulosum","species","Acanthoparyphium spinulosum","metacercaria",24,2
"1594",NA,"Parorchis acanthus","species","Parorchis acanthus","parthenitae","Phocitremoides ovale","species","Phocitremoides ovale","parthenitae",71,89
"1595",NA,"Parorchis acanthus","species","Parorchis acanthus","parthenitae","Pygidiopsoides spindalis","species","Pygidiopsoides spindalis","parthenitae",71,100
"1596",NA,"Parorchis acanthus","species","Parorchis acanthus","parthenitae","Stictodora hancocki","species","Stictodora hancocki","parthenitae",71,109
"1597",NA,"Parorchis acanthus","species","Parorchis acanthus","parthenitae","Renicola buchanani","species","Renicola buchanani","parthenitae",71,102
"1598",NA,"Parorchis acanthus","species","Parorchis acanthus","parthenitae","Renicola cerithidicola","species","Renicola cerithidicola","parthenitae",71,103
"1599",NA,"Cloacitrema michiganiensis","species","Cloacitrema michiganiensis","parthenitae","Phocitremoides ovale","species","Phocitremoides ovale","parthenitae",31,89
"1600",NA,"Parorchis acanthus","species","Parorchis acanthus","parthenitae","Catatropis johnstoni","species","Catatropis johnstoni","parthenitae",71,26
"1601",NA,"Cloacitrema michiganiensis","species","Cloacitrema michiganiensis","parthenitae","Pygidiopsoides spindalis","species","Pygidiopsoides spindalis","parthenitae",31,100
"1602",NA,"Cloacitrema michiganiensis","species","Cloacitrema michiganiensis","parthenitae","Stictodora hancocki","species","Stictodora hancocki","parthenitae",31,109
"1603",NA,"Himasthla rhigedana","species","Himasthla rhigedana","parthenitae","Phocitremoides ovale","species","Phocitremoides ovale","parthenitae",46,89
"1604",NA,"Cloacitrema michiganiensis","species","Cloacitrema michiganiensis","parthenitae","Renicola buchanani","species","Renicola buchanani","parthenitae",31,102
"1605",NA,"Parorchis acanthus","species","Parorchis acanthus","parthenitae","Euhaplorchis californiensis","species","Euhaplorchis californiensis","parthenitae",71,46
"1606",NA,"Cloacitrema michiganiensis","species","Cloacitrema michiganiensis","parthenitae","Renicola cerithidicola","species","Renicola cerithidicola","parthenitae",31,103
"1607",NA,"Parorchis acanthus","species","Parorchis acanthus","parthenitae","Mesostephanus appendiculatus","species","Mesostephanus appendiculatus","parthenitae",71,73
"1608",NA,"Parorchis acanthus","species","Parorchis acanthus","parthenitae","Acanthoparyphium spinulosum","species","Acanthoparyphium spinulosum","parthenitae",71,2
"1609",NA,"Parorchis acanthus","species","Parorchis acanthus","parthenitae","Renicola sp.","genus","Renicola sp.","parthenitae",71,104
"1610",NA,"Himasthla rhigedana","species","Himasthla rhigedana","parthenitae","Pygidiopsoides spindalis","species","Pygidiopsoides spindalis","parthenitae",46,100
"1611",NA,"Himasthla rhigedana","species","Himasthla rhigedana","parthenitae","Stictodora hancocki","species","Stictodora hancocki","parthenitae",46,109
"1612",NA,"Himasthla rhigedana","species","Himasthla rhigedana","parthenitae","Renicola buchanani","species","Renicola buchanani","parthenitae",46,102
"1613",NA,"Cloacitrema michiganiensis","species","Cloacitrema michiganiensis","parthenitae","Catatropis johnstoni","species","Catatropis johnstoni","parthenitae",31,26
"1614",NA,"Austrobilharzia sp.","genus","Austrobilharzia sp.","parthenitae","Phocitremoides ovale","species","Phocitremoides ovale","parthenitae",16,89
"1615",NA,"Himasthla rhigedana","species","Himasthla rhigedana","parthenitae","Renicola cerithidicola","species","Renicola cerithidicola","parthenitae",46,103
"1616",NA,"Cloacitrema michiganiensis","species","Cloacitrema michiganiensis","parthenitae","Euhaplorchis californiensis","species","Euhaplorchis californiensis","parthenitae",31,46
"1617",NA,"Austrobilharzia sp.","genus","Austrobilharzia sp.","parthenitae","Pygidiopsoides spindalis","species","Pygidiopsoides spindalis","parthenitae",16,100
"1618",NA,"Himasthla rhigedana","species","Himasthla rhigedana","parthenitae","Catatropis johnstoni","species","Catatropis johnstoni","parthenitae",46,26
"1619",NA,"Austrobilharzia sp.","genus","Austrobilharzia sp.","parthenitae","Stictodora hancocki","species","Stictodora hancocki","parthenitae",16,109
"1620",NA,"Cloacitrema michiganiensis","species","Cloacitrema michiganiensis","parthenitae","Mesostephanus appendiculatus","species","Mesostephanus appendiculatus","parthenitae",31,73
"1621",NA,"Austrobilharzia sp.","genus","Austrobilharzia sp.","parthenitae","Renicola buchanani","species","Renicola buchanani","parthenitae",16,102
"1622",NA,"Cloacitrema michiganiensis","species","Cloacitrema michiganiensis","parthenitae","Acanthoparyphium spinulosum","species","Acanthoparyphium spinulosum","parthenitae",31,2
"1623",NA,"Cloacitrema michiganiensis","species","Cloacitrema michiganiensis","parthenitae","Renicola sp.","genus","Renicola sp.","parthenitae",31,104
"1624",NA,"Austrobilharzia sp.","genus","Austrobilharzia sp.","parthenitae","Renicola cerithidicola","species","Renicola cerithidicola","parthenitae",16,103
"1625",NA,"Acanthoparyphium spinulosum","species","Acanthoparyphium spinulosum","parthenitae","Phocitremoides ovale","species","Phocitremoides ovale","parthenitae",2,89
"1626",NA,"Himasthla rhigedana","species","Himasthla rhigedana","parthenitae","Euhaplorchis californiensis","species","Euhaplorchis californiensis","parthenitae",46,46
"1627",NA,"Mesostephanus appendiculatus","species","Mesostephanus appendiculatus","parthenitae","Phocitremoides ovale","species","Phocitremoides ovale","parthenitae",61,89
"1628",NA,"Himasthla rhigedana","species","Himasthla rhigedana","parthenitae","Mesostephanus appendiculatus","species","Mesostephanus appendiculatus","parthenitae",46,73
"1629",NA,"Euhaplorchis californiensis","species","Euhaplorchis californiensis","parthenitae","Phocitremoides ovale","species","Phocitremoides ovale","parthenitae",38,89
"1630",NA,"Austrobilharzia sp.","genus","Austrobilharzia sp.","parthenitae","Catatropis johnstoni","species","Catatropis johnstoni","parthenitae",16,26
"1631",NA,"Parorchis acanthus","species","Parorchis acanthus","parthenitae","Himasthla rhigedana","species","Himasthla rhigedana","parthenitae",71,55
"1632",NA,"Himasthla rhigedana","species","Himasthla rhigedana","parthenitae","Acanthoparyphium spinulosum","species","Acanthoparyphium spinulosum","parthenitae",46,2
"1633",NA,"Himasthla rhigedana","species","Himasthla rhigedana","parthenitae","Renicola sp.","genus","Renicola sp.","parthenitae",46,104
"1634",NA,"Acanthoparyphium spinulosum","species","Acanthoparyphium spinulosum","parthenitae","Pygidiopsoides spindalis","species","Pygidiopsoides spindalis","parthenitae",2,100
"1635",NA,"Acanthoparyphium spinulosum","species","Acanthoparyphium spinulosum","parthenitae","Stictodora hancocki","species","Stictodora hancocki","parthenitae",2,109
"1636",NA,"Mesostephanus appendiculatus","species","Mesostephanus appendiculatus","parthenitae","Pygidiopsoides spindalis","species","Pygidiopsoides spindalis","parthenitae",61,100
"1637",NA,"Renicola sp.","genus","Renicola sp.","parthenitae","Renicola buchanani","species","Renicola buchanani","parthenitae",88,102
"1638",NA,"Acanthoparyphium spinulosum","species","Acanthoparyphium spinulosum","parthenitae","Renicola buchanani","species","Renicola buchanani","parthenitae",2,102
"1639",NA,"Mesostephanus appendiculatus","species","Mesostephanus appendiculatus","parthenitae","Stictodora hancocki","species","Stictodora hancocki","parthenitae",61,109
"1640",NA,"Mesostephanus appendiculatus","species","Mesostephanus appendiculatus","parthenitae","Renicola buchanani","species","Renicola buchanani","parthenitae",61,102
"1641",NA,"Renicola sp.","genus","Renicola sp.","parthenitae","Renicola cerithidicola","species","Renicola cerithidicola","parthenitae",88,103
"1642",NA,"Acanthoparyphium spinulosum","species","Acanthoparyphium spinulosum","parthenitae","Renicola cerithidicola","species","Renicola cerithidicola","parthenitae",2,103
"1643",NA,"Austrobilharzia sp.","genus","Austrobilharzia sp.","parthenitae","Euhaplorchis californiensis","species","Euhaplorchis californiensis","parthenitae",16,46
"1644",NA,"Euhaplorchis californiensis","species","Euhaplorchis californiensis","parthenitae","Pygidiopsoides spindalis","species","Pygidiopsoides spindalis","parthenitae",38,100
"1645",NA,"Mesostephanus appendiculatus","species","Mesostephanus appendiculatus","parthenitae","Renicola cerithidicola","species","Renicola cerithidicola","parthenitae",61,103
"1646",NA,"Euhaplorchis californiensis","species","Euhaplorchis californiensis","parthenitae","Stictodora hancocki","species","Stictodora hancocki","parthenitae",38,109
"1647",NA,"Euhaplorchis californiensis","species","Euhaplorchis californiensis","parthenitae","Renicola buchanani","species","Renicola buchanani","parthenitae",38,102
"1648",NA,"Parorchis acanthus","species","Parorchis acanthus","parthenitae","Cloacitrema michiganiensis","species","Cloacitrema michiganiensis","parthenitae",71,34
"1649",NA,"Austrobilharzia sp.","genus","Austrobilharzia sp.","parthenitae","Mesostephanus appendiculatus","species","Mesostephanus appendiculatus","parthenitae",16,73
"1650",NA,"Euhaplorchis californiensis","species","Euhaplorchis californiensis","parthenitae","Renicola cerithidicola","species","Renicola cerithidicola","parthenitae",38,103
"1651",NA,"Austrobilharzia sp.","genus","Austrobilharzia sp.","parthenitae","Acanthoparyphium spinulosum","species","Acanthoparyphium spinulosum","parthenitae",16,2
"1652",NA,"Austrobilharzia sp.","genus","Austrobilharzia sp.","parthenitae","Renicola sp.","genus","Renicola sp.","parthenitae",16,104
"1653",NA,"Renicola sp.","genus","Renicola sp.","parthenitae","Catatropis johnstoni","species","Catatropis johnstoni","parthenitae",88,26
"1654",NA,"Acanthoparyphium spinulosum","species","Acanthoparyphium spinulosum","parthenitae","Catatropis johnstoni","species","Catatropis johnstoni","parthenitae",2,26
"1655",NA,"Mesostephanus appendiculatus","species","Mesostephanus appendiculatus","parthenitae","Catatropis johnstoni","species","Catatropis johnstoni","parthenitae",61,26
"1656",NA,"Catatropis johnstoni","species","Catatropis johnstoni","parthenitae","Renicola buchanani","species","Renicola buchanani","parthenitae",25,102
"1657",NA,"Stictodora hancocki","species","Stictodora hancocki","parthenitae","Phocitremoides ovale","species","Phocitremoides ovale","parthenitae",92,89
"1658",NA,"Catatropis johnstoni","species","Catatropis johnstoni","parthenitae","Renicola cerithidicola","species","Renicola cerithidicola","parthenitae",25,103
"1659",NA,"Pygidiopsoides spindalis","species","Pygidiopsoides spindalis","parthenitae","Phocitremoides ovale","species","Phocitremoides ovale","parthenitae",84,89
"1660",NA,"Euhaplorchis californiensis","species","Euhaplorchis californiensis","parthenitae","Catatropis johnstoni","species","Catatropis johnstoni","parthenitae",38,26
"1661",NA,"Acanthoparyphium spinulosum","species","Acanthoparyphium spinulosum","parthenitae","Euhaplorchis californiensis","species","Euhaplorchis californiensis","parthenitae",2,46
"1662",NA,"Mesostephanus appendiculatus","species","Mesostephanus appendiculatus","parthenitae","Euhaplorchis californiensis","species","Euhaplorchis californiensis","parthenitae",61,46
"1663",NA,"Renicola cerithidicola","species","Renicola cerithidicola","parthenitae","Renicola buchanani","species","Renicola buchanani","parthenitae",87,102
"1664",NA,"Renicola sp.","genus","Renicola sp.","parthenitae","Mesostephanus appendiculatus","species","Mesostephanus appendiculatus","parthenitae",88,73
"1665",NA,"Acanthoparyphium spinulosum","species","Acanthoparyphium spinulosum","parthenitae","Mesostephanus appendiculatus","species","Mesostephanus appendiculatus","parthenitae",2,73
"1666",NA,"Stictodora hancocki","species","Stictodora hancocki","parthenitae","Pygidiopsoides spindalis","species","Pygidiopsoides spindalis","parthenitae",92,100
"1667",NA,"Acanthoparyphium spinulosum","species","Acanthoparyphium spinulosum","parthenitae","Renicola sp.","genus","Renicola sp.","parthenitae",2,104
"1668",NA,"Pygidiopsoides spindalis","species","Pygidiopsoides spindalis","parthenitae","Stictodora hancocki","species","Stictodora hancocki","parthenitae",84,109
"1669",NA,"Stictodora hancocki","species","Stictodora hancocki","parthenitae","Renicola buchanani","species","Renicola buchanani","parthenitae",92,102
"1670",NA,"Mesostephanus appendiculatus","species","Mesostephanus appendiculatus","parthenitae","Renicola sp.","genus","Renicola sp.","parthenitae",61,104
"1671",NA,"Pygidiopsoides spindalis","species","Pygidiopsoides spindalis","parthenitae","Renicola buchanani","species","Renicola buchanani","parthenitae",84,102
"1672",NA,"Renicola buchanani","species","Renicola buchanani","parthenitae","Renicola cerithidicola","species","Renicola cerithidicola","parthenitae",86,103
"1673",NA,"Stictodora hancocki","species","Stictodora hancocki","parthenitae","Renicola cerithidicola","species","Renicola cerithidicola","parthenitae",92,103
"1674",NA,"Euhaplorchis californiensis","species","Euhaplorchis californiensis","parthenitae","Mesostephanus appendiculatus","species","Mesostephanus appendiculatus","parthenitae",38,73
"1675",NA,"Pygidiopsoides spindalis","species","Pygidiopsoides spindalis","parthenitae","Renicola cerithidicola","species","Renicola cerithidicola","parthenitae",84,103
"1676",NA,"Euhaplorchis californiensis","species","Euhaplorchis californiensis","parthenitae","Renicola sp.","genus","Renicola sp.","parthenitae",38,104
"1677",NA,"Phocitremoides ovale","species","Phocitremoides ovale","parthenitae","Pygidiopsoides spindalis","species","Pygidiopsoides spindalis","parthenitae",74,100
"1678",NA,"Phocitremoides ovale","species","Phocitremoides ovale","parthenitae","Stictodora hancocki","species","Stictodora hancocki","parthenitae",74,109
"1679",NA,"Himasthla rhigedana","species","Himasthla rhigedana","parthenitae","Cloacitrema michiganiensis","species","Cloacitrema michiganiensis","parthenitae",46,34
"1680",NA,"Phocitremoides ovale","species","Phocitremoides ovale","parthenitae","Renicola buchanani","species","Renicola buchanani","parthenitae",74,102
"1681",NA,"Catatropis johnstoni","species","Catatropis johnstoni","parthenitae","Mesostephanus appendiculatus","species","Mesostephanus appendiculatus","parthenitae",25,73
"1682",NA,"Stictodora hancocki","species","Stictodora hancocki","parthenitae","Catatropis johnstoni","species","Catatropis johnstoni","parthenitae",92,26
"1683",NA,"Austrobilharzia sp.","genus","Austrobilharzia sp.","parthenitae","Himasthla rhigedana","species","Himasthla rhigedana","parthenitae",16,55
"1684",NA,"Phocitremoides ovale","species","Phocitremoides ovale","parthenitae","Renicola cerithidicola","species","Renicola cerithidicola","parthenitae",74,103
"1685",NA,"Catatropis johnstoni","species","Catatropis johnstoni","parthenitae","Renicola sp.","genus","Renicola sp.","parthenitae",25,104
"1686",NA,"Pygidiopsoides spindalis","species","Pygidiopsoides spindalis","parthenitae","Catatropis johnstoni","species","Catatropis johnstoni","parthenitae",84,26
"1687",NA,"Stictodora hancocki","species","Stictodora hancocki","parthenitae","Euhaplorchis californiensis","species","Euhaplorchis californiensis","parthenitae",92,46
"1688",NA,"Renicola cerithidicola","species","Renicola cerithidicola","parthenitae","Mesostephanus appendiculatus","species","Mesostephanus appendiculatus","parthenitae",87,73
"1689",NA,"Pygidiopsoides spindalis","species","Pygidiopsoides spindalis","parthenitae","Euhaplorchis californiensis","species","Euhaplorchis californiensis","parthenitae",84,46
"1690",NA,"Phocitremoides ovale","species","Phocitremoides ovale","parthenitae","Catatropis johnstoni","species","Catatropis johnstoni","parthenitae",74,26
"1691",NA,"Renicola cerithidicola","species","Renicola cerithidicola","parthenitae","Renicola sp.","genus","Renicola sp.","parthenitae",87,104
"1692",NA,"Renicola buchanani","species","Renicola buchanani","parthenitae","Mesostephanus appendiculatus","species","Mesostephanus appendiculatus","parthenitae",86,73
"1693",NA,"Austrobilharzia sp.","genus","Austrobilharzia sp.","parthenitae","Cloacitrema michiganiensis","species","Cloacitrema michiganiensis","parthenitae",16,34
"1694",NA,"Stictodora hancocki","species","Stictodora hancocki","parthenitae","Mesostephanus appendiculatus","species","Mesostephanus appendiculatus","parthenitae",92,73
"1695",NA,"Renicola buchanani","species","Renicola buchanani","parthenitae","Renicola sp.","genus","Renicola sp.","parthenitae",86,104
"1696",NA,"Pygidiopsoides spindalis","species","Pygidiopsoides spindalis","parthenitae","Mesostephanus appendiculatus","species","Mesostephanus appendiculatus","parthenitae",84,73
"1697",NA,"Stictodora hancocki","species","Stictodora hancocki","parthenitae","Renicola sp.","genus","Renicola sp.","parthenitae",92,104
"1698",NA,"Pygidiopsoides spindalis","species","Pygidiopsoides spindalis","parthenitae","Renicola sp.","genus","Renicola sp.","parthenitae",84,104
"1699",NA,"Phocitremoides ovale","species","Phocitremoides ovale","parthenitae","Euhaplorchis californiensis","species","Euhaplorchis californiensis","parthenitae",74,46
"1700",NA,"Phocitremoides ovale","species","Phocitremoides ovale","parthenitae","Mesostephanus appendiculatus","species","Mesostephanus appendiculatus","parthenitae",74,73
"1701",NA,"Phocitremoides ovale","species","Phocitremoides ovale","parthenitae","Renicola sp.","genus","Renicola sp.","parthenitae",74,104
"1702",NA,"Acanthoparyphium spinulosum","species","Acanthoparyphium spinulosum","parthenitae","Cloacitrema michiganiensis","species","Cloacitrema michiganiensis","parthenitae",2,34
"1703",NA,"Austrobilharzia sp.","genus","Austrobilharzia sp.","parthenitae","Parorchis acanthus","species","Parorchis acanthus","parthenitae",16,86
"1704",NA,"Hysterolecitha trilocalis","species","Hysterolecitha trilocalis","parthenitae","Acteocina inculta","species","Acteocina inculta","adults",48,4
"1705",NA,"Austrobilharzia sp.","genus","Austrobilharzia sp.","parthenitae","Cerithidea californica","species","California Horn Snail","adults",16,29
"1706",NA,"Maritrema sp.","genus","Maritrema sp.","parthenitae","Cerithidea californica","species","California Horn Snail","adults",58,29
"1707",NA,"Renicola sp.","genus","Renicola sp.","parthenitae","Cerithidea californica","species","California Horn Snail","adults",88,29
"1708",NA,"Mesostephanus appendiculatus","species","Mesostephanus appendiculatus","parthenitae","Cerithidea californica","species","California Horn Snail","adults",61,29
"1709",NA,"Euhaplorchis californiensis","species","Euhaplorchis californiensis","parthenitae","Cerithidea californica","species","California Horn Snail","adults",38,29
"1710",NA,"Renicola cerithidicola","species","Renicola cerithidicola","parthenitae","Cerithidea californica","species","California Horn Snail","adults",87,29
"1711",NA,"Orthione griffenis","species","Orthione griffinis","adults","Upogebia macginitieorum","species","Southern Mud Shrimp","adults",66,118
"1712",NA,"Renicola buchanani","species","Renicola buchanani","parthenitae","Cerithidea californica","species","California Horn Snail","adults",86,29
"1713",NA,"Stictodora hancocki","species","Stictodora hancocki","parthenitae","Cerithidea californica","species","California Horn Snail","adults",92,29
"1714",NA,"Pygidiopsoides spindalis","species","Pygidiopsoides spindalis","parthenitae","Cerithidea californica","species","California Horn Snail","adults",84,29
"1715",NA,"Phocitremoides ovale","species","Phocitremoides ovale","parthenitae","Cerithidea californica","species","California Horn Snail","adults",74,29
"1716",NA,"Portunion conformis","species","Portunion conformis","adults","Hemigrapsus oregonensis","species","Green Shore Crab","adults",81,53
"1717",NA,"Carinoma mutabilis","species","Carinoma mutabilis","adults","Apicomplexa","genus","apicomplexan-spionid","adults",24,13
"1718",NA,"Carinoma mutabilis","species","Carinoma mutabilis","adults","Polydora cilliata","species","Polydora cilliata","adults",24,94
"1719",NA,"Aedes taeniorhynchus","species","Black Salt Marsh Mosquito","adults","Plasmodium sp.","genus","Plasmodium sp.","adults",6,91
"1720",NA,"Culex tarsalis","species","Western Encephalitis Mosquito","adults","Plasmodium sp.","genus","Plasmodium sp.","adults",33,91
"1721",NA,"Upogebia macginitieorum","species","Southern Mud Shrimp","adults","Hysterolecitha trilocalis","species","Hysterolecitha trilocalis","metacercaria",99,57
"1722",NA,"Upogebia macginitieorum","species","Southern Mud Shrimp","adults","Glossocercus sp.","genus","Glossocercus sp.","procercoid",99,51
"1723",NA,"Upogebia macginitieorum","species","Southern Mud Shrimp","adults","Orthione griffenis","species","Orthione griffinis","larvae",99,81
"1724",NA,"Hemigrapsus oregonensis","species","Green Shore Crab","adults","Apicomplexa","genus","apicomplexan-spionid","adults",44,13
"1725",NA,"Hemigrapsus oregonensis","species","Green Shore Crab","adults","Polydora cilliata","species","Polydora cilliata","adults",44,94
"1726",NA,"Pachygrapsus crassipes","species","Striped Shore Crab","adults","Cuscuta salina","species","Dodder","adults",68,39
"1727",NA,"Pachygrapsus crassipes","species","Striped Shore Crab","adults","Picornavirus","genus","virus","adults",68,90
"1728",NA,"Pachygrapsus crassipes","species","Striped Shore Crab","adults","Apicomplexa","genus","apicomplexan-spionid","adults",68,13
"1729",NA,"Pachygrapsus crassipes","species","Striped Shore Crab","adults","Polydora cilliata","species","Polydora cilliata","adults",68,94
"1730",NA,"Recurvirostra americana","species","American Avocet","adults","Apicomplexa","genus","apicomplexan-spionid","adults",85,13
"1731",NA,"Recurvirostra americana","species","American Avocet","adults","Polydora cilliata","species","Polydora cilliata","adults",85,94
"1732",NA,"Recurvirostra americana","species","American Avocet","adults","Trichodina sp.","genus","Trichodina sp.","adults",85,115
"1733",NA,"Fulica americana","species","American Coot","adults","Cuscuta salina","species","Dodder","adults",39,39
"1734",NA,"Corvus brachyrhynchos","species","American Crow","adults","Picornavirus","genus","virus","adults",32,90
"1735",NA,"Corvus brachyrhynchos","species","American Crow","adults","Trichodina sp.","genus","Trichodina sp.","adults",32,115
"1736",NA,"Anas americana","species","American Wigeon","adults","Cuscuta salina","species","Dodder","adults",7,39
"1737",NA,"Pluvialis squatarola","species","Black-bellied Plover","adults","Picornavirus","genus","virus","adults",77,90
"1738",NA,"Pluvialis squatarola","species","Black-bellied Plover","adults","Apicomplexa","genus","apicomplexan-spionid","adults",77,13
"1739",NA,"Pluvialis squatarola","species","Black-bellied Plover","adults","Polydora cilliata","species","Polydora cilliata","adults",77,94
"1740",NA,"Pluvialis squatarola","species","Black-bellied Plover","adults","Trichodina sp.","genus","Trichodina sp.","adults",77,115
"1741",NA,"Nycticorax nycticorax","species","Black-crowned Night Heron","adults","Picornavirus","genus","virus","adults",65,90
"1742",NA,"Nycticorax nycticorax","species","Black-crowned Night Heron","adults","Trichodina sp.","genus","Trichodina sp.","adults",65,115
"1743",NA,"Nycticorax nycticorax","species","Black-crowned Night Heron","adults","Henneguya","genus","Henneguya","adults",65,54
"1744",NA,"Ceryle alcyon","species","Belted Kingfisher","adults","Trichodina sp.","genus","Trichodina sp.","adults",27,115
"1745",NA,"Larus philadelphia","species","Bonaparte's Gull","adults","Picornavirus","genus","virus","adults",52,90
"1746",NA,"Larus philadelphia","species","Bonaparte's Gull","adults","Trichodina sp.","genus","Trichodina sp.","adults",52,115
"1747",NA,"Bucephala albeola","species","Bufflehead","adults","Picornavirus","genus","virus","adults",18,90
"1748",NA,"Anas discors","species","Blue-winged Teal","adults","Cuscuta salina","species","Dodder","adults",10,39
"1749",NA,"Larus californicus","species","California Gull","adults","Picornavirus","genus","virus","adults",49,90
"1750",NA,"Larus californicus","species","California Gull","adults","Trichodina sp.","genus","Trichodina sp.","adults",49,115
"1751",NA,"Sterna caspia","species","Caspian Tern","adults","Trichodina sp.","genus","Trichodina sp.","adults",91,115
"1752",NA,"Anas cyanoptera","species","Cinnamon Teal","adults","Cuscuta salina","species","Dodder","adults",9,39
"1753",NA,"Accipiter cooperi","species","Cooper's Hawk","adults","Plasmodium sp.","genus","Plasmodium sp.","adults",3,91
"1754",NA,"Phalacrocorax penicillatus","species","Double-crested Cormorant","adults","Trichodina sp.","genus","Trichodina sp.","adults",73,115
"1755",NA,"Phalacrocorax penicillatus","species","Double-crested Cormorant","adults","Henneguya","genus","Henneguya","adults",73,54
"1756",NA,"Calidris alpina","species","Dunlin","adults","Apicomplexa","genus","apicomplexan-spionid","adults",20,13
"1757",NA,"Calidris alpina","species","Dunlin","adults","Polydora cilliata","species","Polydora cilliata","adults",20,94
"1758",NA,"Calidris alpina","species","Dunlin","adults","Trichodina sp.","genus","Trichodina sp.","adults",20,115
"1759",NA,"Ardea herodius","species","Great Blue Heron","adults","Trichodina sp.","genus","Trichodina sp.","adults",13,115
"1760",NA,"Ardea herodius","species","Great Blue Heron","adults","Henneguya","genus","Henneguya","adults",13,54
"1761",NA,"Egretta alba","species","Great Egret","adults","Trichodina sp.","genus","Trichodina sp.","adults",35,115
"1762",NA,"Egretta alba","species","Great Egret","adults","Henneguya","genus","Henneguya","adults",35,54
"1763",NA,"Butorides virescens","species","Green Heron","adults","Trichodina sp.","genus","Trichodina sp.","adults",19,115
"1764",NA,"Tringa melanoleuca","species","Greater Yellowlegs","adults","Apicomplexa","genus","apicomplexan-spionid","adults",98,13
"1765",NA,"Tringa melanoleuca","species","Greater Yellowlegs","adults","Polydora cilliata","species","Polydora cilliata","adults",98,94
"1766",NA,"Tringa melanoleuca","species","Greater Yellowlegs","adults","Trichodina sp.","genus","Trichodina sp.","adults",98,115
"1767",NA,"Anas crecca","species","Green-winged Teal","adults","Cuscuta salina","species","Dodder","adults",8,39
"1768",NA,"Numenius americanus","species","Long-billed Curlew","adults","Picornavirus","genus","virus","adults",62,90
"1769",NA,"Numenius americanus","species","Long-billed Curlew","adults","Trichodina sp.","genus","Trichodina sp.","adults",62,115
"1770",NA,"Limnodromus scilopaceus","species","Long-billed Dowitcher","adults","Picornavirus","genus","virus","adults",54,90
"1771",NA,"Limnodromus scilopaceus","species","Long-billed Dowitcher","adults","Apicomplexa","genus","apicomplexan-spionid","adults",54,13
"1772",NA,"Limnodromus scilopaceus","species","Long-billed Dowitcher","adults","Polydora cilliata","species","Polydora cilliata","adults",54,94
"1773",NA,"Limnodromus scilopaceus","species","Long-billed Dowitcher","adults","Trichodina sp.","genus","Trichodina sp.","adults",54,115
"1774",NA,"Egretta caerulea","species","Little Blue Heron","adults","Picornavirus","genus","virus","adults",36,90
"1775",NA,"Egretta caerulea","species","Little Blue Heron","adults","Trichodina sp.","genus","Trichodina sp.","adults",36,115
"1776",NA,"Egretta caerulea","species","Little Blue Heron","adults","Henneguya","genus","Henneguya","adults",36,54
"1777",NA,"Calidris minutilla","species","Least Sandpiper","adults","Apicomplexa","genus","apicomplexan-spionid","adults",22,13
"1778",NA,"Calidris minutilla","species","Least Sandpiper","adults","Polydora cilliata","species","Polydora cilliata","adults",22,94
"1779",NA,"Calidris minutilla","species","Least Sandpiper","adults","Trichodina sp.","genus","Trichodina sp.","adults",22,115
"1780",NA,"Calidris minutilla","species","Least Sandpiper","adults","Hysterolecitha trilocalis","species","Hysterolecitha trilocalis","metacercaria",22,57
"1781",NA,"Calidris minutilla","species","Least Sandpiper","adults","Orthione griffenis","species","Orthione griffinis","larvae",22,81
"1782",NA,"Limosa fedoa","species","Marbled Godwit","adults","Picornavirus","genus","virus","adults",55,90
"1783",NA,"Limosa fedoa","species","Marbled Godwit","adults","Apicomplexa","genus","apicomplexan-spionid","adults",55,13
"1784",NA,"Limosa fedoa","species","Marbled Godwit","adults","Polydora cilliata","species","Polydora cilliata","adults",55,94
"1785",NA,"Limosa fedoa","species","Marbled Godwit","adults","Trichodina sp.","genus","Trichodina sp.","adults",55,115
"1786",NA,"Anas platyrhynchos","species","Mallard","adults","Cuscuta salina","species","Dodder","adults",11,39
"1787",NA,"Larus canus","species","Mew Gull","adults","Picornavirus","genus","virus","adults",50,90
"1788",NA,"Larus canus","species","Mew Gull","adults","Trichodina sp.","genus","Trichodina sp.","adults",50,115
"1789",NA,"Podilymbus podiceps","species","Pied-billed Grebe","adults","Picornavirus","genus","virus","adults",78,90
"1790",NA,"Podilymbus podiceps","species","Pied-billed Grebe","adults","Trichodina sp.","genus","Trichodina sp.","adults",78,115
"1791",NA,"Podilymbus podiceps","species","Pied-billed Grebe","adults","Henneguya","genus","Henneguya","adults",78,54
"1792",NA,"Larus delawarensis","species","Ring-billed Gull","adults","Picornavirus","genus","virus","adults",51,90
"1793",NA,"Larus delawarensis","species","Ring-billed Gull","adults","Trichodina sp.","genus","Trichodina sp.","adults",51,115
"1794",NA,"Mergus serrator","species","Red-breasted Merganser","adults","Trichodina sp.","genus","Trichodina sp.","adults",60,115
"1795",NA,"Mergus serrator","species","Red-breasted Merganser","adults","Henneguya","genus","Henneguya","adults",60,54
"1796",NA,"Oxyura jamaicensis","species","Ruddy Duck","adults","Cuscuta salina","species","Dodder","adults",67,39
"1797",NA,"Oxyura jamaicensis","species","Ruddy Duck","adults","Apicomplexa","genus","apicomplexan-spionid","adults",67,13
"1798",NA,"Oxyura jamaicensis","species","Ruddy Duck","adults","Polydora cilliata","species","Polydora cilliata","adults",67,94
"1799",NA,"Oxyura jamaicensis","species","Ruddy Duck","adults","Glossocercus sp.","genus","Glossocercus sp.","procercoid",67,51
"1800",NA,"Oxyura jamaicensis","species","Ruddy Duck","adults","Orthione griffenis","species","Orthione griffinis","larvae",67,81
"1801",NA,"Charadrius semipalmatus","species","Semipalmated Plover","adults","Apicomplexa","genus","apicomplexan-spionid","adults",28,13
"1802",NA,"Charadrius semipalmatus","species","Semipalmated Plover","adults","Polydora cilliata","species","Polydora cilliata","adults",28,94
"1803",NA,"Egretta thula","species","Snowy Egret","adults","Picornavirus","genus","virus","adults",37,90
"1804",NA,"Egretta thula","species","Snowy Egret","adults","Trichodina sp.","genus","Trichodina sp.","adults",37,115
"1805",NA,"Egretta thula","species","Snowy Egret","adults","Henneguya","genus","Henneguya","adults",37,54
"1806",NA,"Actitis macularia","species","Spotted Sandpiper","adults","Picornavirus","genus","virus","adults",4,90
"1807",NA,"Actitis macularia","species","Spotted Sandpiper","adults","Apicomplexa","genus","apicomplexan-spionid","adults",4,13
"1808",NA,"Actitis macularia","species","Spotted Sandpiper","adults","Polydora cilliata","species","Polydora cilliata","adults",4,94
"1809",NA,"Melanitta perspicillata","species","Surf Scoter","adults","Picornavirus","genus","virus","adults",59,90
"1810",NA,"Aechmophorus occidentalis","species","Western Grebe","adults","Trichodina sp.","genus","Trichodina sp.","adults",5,115
"1811",NA,"Aechmophorus occidentalis","species","Western Grebe","adults","Henneguya","genus","Henneguya","adults",5,54
"1812",NA,"Calidris mauri","species","Western Sandpiper","adults","Picornavirus","genus","virus","adults",21,90
"1813",NA,"Calidris mauri","species","Western Sandpiper","adults","Apicomplexa","genus","apicomplexan-spionid","adults",21,13
"1814",NA,"Calidris mauri","species","Western Sandpiper","adults","Polydora cilliata","species","Polydora cilliata","adults",21,94
"1815",NA,"Numenius phaeopus","species","Whimbrel","adults","Picornavirus","genus","virus","adults",63,90
"1816",NA,"Catoptrophorus semipalmatus","species","Willet","adults","Picornavirus","genus","virus","adults",26,90
"1817",NA,"Catoptrophorus semipalmatus","species","Willet","adults","Apicomplexa","genus","apicomplexan-spionid","adults",26,13
"1818",NA,"Catoptrophorus semipalmatus","species","Willet","adults","Polydora cilliata","species","Polydora cilliata","adults",26,94
"1819",NA,"Catoptrophorus semipalmatus","species","Willet","adults","Trichodina sp.","genus","Trichodina sp.","adults",26,115
"1820",NA,"Procyon locator","species","Raccoon","adults","Picornavirus","genus","virus","adults",82,90
"1821",NA,"Procyon locator","species","Raccoon","adults","Plasmodium sp.","genus","Plasmodium sp.","adults",82,91
"1822",NA,"Procyon locator","species","Raccoon","adults","Trichodina sp.","genus","Trichodina sp.","adults",82,115
"1823",NA,"Picornavirus","genus","virus","adults","Portunion conformis","species","Portunion conformis","adults",75,96
"1824","predacious","Saxidomus nuttalli","species","Butter Clam","adults","Pygidiopsoides spindalis","species","Pygidiopsoides spindalis","cercaria",89,100
"1825","predacious","Saxidomus nuttalli","species","Butter Clam","adults","Renicola cerithidicola","species","Renicola cerithidicola","cercaria",89,103
"1826","predacious","Saxidomus nuttalli","species","Butter Clam","adults","Maritrema sp.","genus","Maritrema sp.","cercaria",89,69
"1827","predacious","Saxidomus nuttalli","species","Butter Clam","adults","Probolocoryphe species A","genus","Probolocoryphe species A","cercaria",89,97
"1828","predacious","Nuttallia nuttallii","species","California Mahogany Clam","adults","Pygidiopsoides spindalis","species","Pygidiopsoides spindalis","cercaria",64,100
"1829","predacious","Saxidomus nuttalli","species","Butter Clam","adults","Phocitremoides ovale","species","Phocitremoides ovale","cercaria",89,89
"1830","predacious","Macoma secta","species","White Sand Macoma","adults","Pygidiopsoides spindalis","species","Pygidiopsoides spindalis","cercaria",57,100
"1831","predacious","Nuttallia nuttallii","species","California Mahogany Clam","adults","Renicola cerithidicola","species","Renicola cerithidicola","cercaria",64,103
"1832","predacious","Saxidomus nuttalli","species","Butter Clam","adults","Austrobilharzia sp.","genus","Austrobilharzia sp.","cercaria",89,17
"1833","predacious","Nuttallia nuttallii","species","California Mahogany Clam","adults","Maritrema sp.","genus","Maritrema sp.","cercaria",64,69
"1834","predacious","Tagelus californianus","species","California Jackknife Clam","adults","Pygidiopsoides spindalis","species","Pygidiopsoides spindalis","cercaria",94,100
"1835","predacious","Saxidomus nuttalli","species","Butter Clam","adults","Euhaplorchis californiensis","species","Euhaplorchis californiensis","cercaria",89,46
"1836","predacious","Protothaca staminea","species","Pacific Littleneck Clam","adults","Pygidiopsoides spindalis","species","Pygidiopsoides spindalis","cercaria",83,100
"1837","predacious","Saxidomus nuttalli","species","Butter Clam","adults","Renicola sp.","genus","Renicola sp.","cercaria",89,104
"1838","predacious","Nuttallia nuttallii","species","California Mahogany Clam","adults","Probolocoryphe species A","genus","Probolocoryphe species A","cercaria",64,97
"1839","predacious","Macoma secta","species","White Sand Macoma","adults","Renicola cerithidicola","species","Renicola cerithidicola","cercaria",57,103
"1840","predacious","Macoma secta","species","White Sand Macoma","adults","Maritrema sp.","genus","Maritrema sp.","cercaria",57,69
"1841","predacious","Saxidomus nuttalli","species","Butter Clam","adults","Mesostephanus appendiculatus","species","Mesostephanus appendiculatus","cercaria",89,73
"1842","predacious","Saxidomus nuttalli","species","Butter Clam","adults","Stictodora hancocki","species","Stictodora hancocki","cercaria",89,109
"1843","predacious","Tagelus californianus","species","California Jackknife Clam","adults","Renicola cerithidicola","species","Renicola cerithidicola","cercaria",94,103
"1844","predacious","Protothaca staminea","species","Pacific Littleneck Clam","adults","Renicola cerithidicola","species","Renicola cerithidicola","cercaria",83,103
"1845","predacious","Tagelus californianus","species","California Jackknife Clam","adults","Maritrema sp.","genus","Maritrema sp.","cercaria",94,69
"1846","predacious","Saxidomus nuttalli","species","Butter Clam","adults","Parvatrema sp.","genus","Parvatrema sp.","cercaria",89,87
"1847","predacious","Tagelus subteres","species","Lesser Tagelus","adults","Pygidiopsoides spindalis","species","Pygidiopsoides spindalis","cercaria",95,100
"1848","predacious","Macoma secta","species","White Sand Macoma","adults","Probolocoryphe species A","genus","Probolocoryphe species A","cercaria",57,97
"1849","predacious","Protothaca staminea","species","Pacific Littleneck Clam","adults","Maritrema sp.","genus","Maritrema sp.","cercaria",83,69
"1850","predacious","Nuttallia nuttallii","species","California Mahogany Clam","adults","Phocitremoides ovale","species","Phocitremoides ovale","cercaria",64,89
"1851","predacious","Tagelus californianus","species","California Jackknife Clam","adults","Probolocoryphe species A","genus","Probolocoryphe species A","cercaria",94,97
"1852","predacious","Nuttallia nuttallii","species","California Mahogany Clam","adults","Austrobilharzia sp.","genus","Austrobilharzia sp.","cercaria",64,17
"1853","predacious","Protothaca staminea","species","Pacific Littleneck Clam","adults","Probolocoryphe species A","genus","Probolocoryphe species A","cercaria",83,97
"1854","predacious","Macoma nasuta","species","Bent-nosed Clam","adults","Pygidiopsoides spindalis","species","Pygidiopsoides spindalis","cercaria",56,100
"1855","predacious","Tagelus affinis","species","Fat Jackknife Clam","adults","Pygidiopsoides spindalis","species","Pygidiopsoides spindalis","cercaria",93,100
"1856","predacious","Saxidomus nuttalli","species","Butter Clam","adults","Cloacitrema michiganiensis","species","Cloacitrema michiganiensis","cercaria",89,34
"1857","predacious","Saxidomus nuttalli","species","Butter Clam","adults","Renicola buchanani","species","Renicola buchanani","cercaria",89,102
"1858","predacious","Tagelus subteres","species","Lesser Tagelus","adults","Renicola cerithidicola","species","Renicola cerithidicola","cercaria",95,103
"1859","predacious","Nuttallia nuttallii","species","California Mahogany Clam","adults","Euhaplorchis californiensis","species","Euhaplorchis californiensis","cercaria",64,46
"1860","predacious","Tagelus subteres","species","Lesser Tagelus","adults","Maritrema sp.","genus","Maritrema sp.","cercaria",95,69
"1861","predacious","Nuttallia nuttallii","species","California Mahogany Clam","adults","Renicola sp.","genus","Renicola sp.","cercaria",64,104
"1862","predacious","Macoma secta","species","White Sand Macoma","adults","Phocitremoides ovale","species","Phocitremoides ovale","cercaria",57,89
"1863","predacious","Macoma secta","species","White Sand Macoma","adults","Austrobilharzia sp.","genus","Austrobilharzia sp.","cercaria",57,17
"1864","predacious","Macoma nasuta","species","Bent-nosed Clam","adults","Renicola cerithidicola","species","Renicola cerithidicola","cercaria",56,103
"1865","predacious","Nuttallia nuttallii","species","California Mahogany Clam","adults","Mesostephanus appendiculatus","species","Mesostephanus appendiculatus","cercaria",64,73
"1866","predacious","Nuttallia nuttallii","species","California Mahogany Clam","adults","Stictodora hancocki","species","Stictodora hancocki","cercaria",64,109
"1867","predacious","Tagelus affinis","species","Fat Jackknife Clam","adults","Renicola cerithidicola","species","Renicola cerithidicola","cercaria",93,103
"1868","predacious","Saxidomus nuttalli","species","Butter Clam","adults","Acanthoparyphium spinulosum","species","Acanthoparyphium spinulosum","cercaria",89,2
"1869","predacious","Tagelus californianus","species","California Jackknife Clam","adults","Phocitremoides ovale","species","Phocitremoides ovale","cercaria",94,89
"1870","predacious","Tagelus subteres","species","Lesser Tagelus","adults","Probolocoryphe species A","genus","Probolocoryphe species A","cercaria",95,97
"1871","predacious","Saxidomus nuttalli","species","Butter Clam","adults","Parorchis acanthus","species","Parorchis acanthus","cercaria",89,86
"1872","predacious","Protothaca staminea","species","Pacific Littleneck Clam","adults","Phocitremoides ovale","species","Phocitremoides ovale","cercaria",83,89
"1873","predacious","Macoma nasuta","species","Bent-nosed Clam","adults","Maritrema sp.","genus","Maritrema sp.","cercaria",56,69
"1874","predacious","Tagelus affinis","species","Fat Jackknife Clam","adults","Maritrema sp.","genus","Maritrema sp.","cercaria",93,69
"1875","predacious","Macoma secta","species","White Sand Macoma","adults","Euhaplorchis californiensis","species","Euhaplorchis californiensis","cercaria",57,46
"1876","predacious","Tagelus californianus","species","California Jackknife Clam","adults","Austrobilharzia sp.","genus","Austrobilharzia sp.","cercaria",94,17
"1877","predacious","Saxidomus nuttalli","species","Butter Clam","adults","Catatropis johnstoni","species","Catatropis johnstoni","cercaria",89,26
"1878","predacious","Protothaca staminea","species","Pacific Littleneck Clam","adults","Austrobilharzia sp.","genus","Austrobilharzia sp.","cercaria",83,17
"1879","predacious","Nuttallia nuttallii","species","California Mahogany Clam","adults","Parvatrema sp.","genus","Parvatrema sp.","cercaria",64,87
"1880","predacious","Macoma secta","species","White Sand Macoma","adults","Renicola sp.","genus","Renicola sp.","cercaria",57,104
"1881","predacious","Tagelus californianus","species","California Jackknife Clam","adults","Euhaplorchis californiensis","species","Euhaplorchis californiensis","cercaria",94,46
"1882","predacious","Macoma nasuta","species","Bent-nosed Clam","adults","Probolocoryphe species A","genus","Probolocoryphe species A","cercaria",56,97
"1883","predacious","Tagelus affinis","species","Fat Jackknife Clam","adults","Probolocoryphe species A","genus","Probolocoryphe species A","cercaria",93,97
"1884","predacious","Protothaca staminea","species","Pacific Littleneck Clam","adults","Euhaplorchis californiensis","species","Euhaplorchis californiensis","cercaria",83,46
"1885","predacious","Macoma secta","species","White Sand Macoma","adults","Mesostephanus appendiculatus","species","Mesostephanus appendiculatus","cercaria",57,73
"1886","predacious","Macoma secta","species","White Sand Macoma","adults","Stictodora hancocki","species","Stictodora hancocki","cercaria",57,109
"1887","predacious","Tagelus californianus","species","California Jackknife Clam","adults","Renicola sp.","genus","Renicola sp.","cercaria",94,104
"1888","predacious","Protothaca staminea","species","Pacific Littleneck Clam","adults","Renicola sp.","genus","Renicola sp.","cercaria",83,104
"1889","predacious","Nuttallia nuttallii","species","California Mahogany Clam","adults","Cloacitrema michiganiensis","species","Cloacitrema michiganiensis","cercaria",64,34
"1890","predacious","Tagelus subteres","species","Lesser Tagelus","adults","Phocitremoides ovale","species","Phocitremoides ovale","cercaria",95,89
"1891","predacious","Nuttallia nuttallii","species","California Mahogany Clam","adults","Renicola buchanani","species","Renicola buchanani","cercaria",64,102
"1892","predacious","Tagelus californianus","species","California Jackknife Clam","adults","Mesostephanus appendiculatus","species","Mesostephanus appendiculatus","cercaria",94,73
"1893","predacious","Tagelus californianus","species","California Jackknife Clam","adults","Stictodora hancocki","species","Stictodora hancocki","cercaria",94,109
"1894","predacious","Macoma secta","species","White Sand Macoma","adults","Parvatrema sp.","genus","Parvatrema sp.","cercaria",57,87
"1895","predacious","Protothaca staminea","species","Pacific Littleneck Clam","adults","Mesostephanus appendiculatus","species","Mesostephanus appendiculatus","cercaria",83,73
"1896","predacious","Protothaca staminea","species","Pacific Littleneck Clam","adults","Stictodora hancocki","species","Stictodora hancocki","cercaria",83,109
"1897","predacious","Tagelus subteres","species","Lesser Tagelus","adults","Austrobilharzia sp.","genus","Austrobilharzia sp.","cercaria",95,17
"1898","predacious","Saxidomus nuttalli","species","Butter Clam","adults","Himasthla rhigedana","species","Himasthla rhigedana","cercaria",89,55
"1899","predacious","Tagelus subteres","species","Lesser Tagelus","adults","Euhaplorchis californiensis","species","Euhaplorchis californiensis","cercaria",95,46
"1900","predacious","Protothaca staminea","species","Pacific Littleneck Clam","adults","Parvatrema sp.","genus","Parvatrema sp.","cercaria",83,87
"1901","predacious","Macoma nasuta","species","Bent-nosed Clam","adults","Phocitremoides ovale","species","Phocitremoides ovale","cercaria",56,89
"1902","predacious","Tagelus affinis","species","Fat Jackknife Clam","adults","Phocitremoides ovale","species","Phocitremoides ovale","cercaria",93,89
"1903","predacious","Nuttallia nuttallii","species","California Mahogany Clam","adults","Acanthoparyphium spinulosum","species","Acanthoparyphium spinulosum","cercaria",64,2
"1904","predacious","Macoma secta","species","White Sand Macoma","adults","Cloacitrema michiganiensis","species","Cloacitrema michiganiensis","cercaria",57,34
"1905","predacious","Tagelus subteres","species","Lesser Tagelus","adults","Renicola sp.","genus","Renicola sp.","cercaria",95,104
"1906","predacious","Macoma nasuta","species","Bent-nosed Clam","adults","Austrobilharzia sp.","genus","Austrobilharzia sp.","cercaria",56,17
"1907","predacious","Tagelus affinis","species","Fat Jackknife Clam","adults","Austrobilharzia sp.","genus","Austrobilharzia sp.","cercaria",93,17
"1908","predacious","Macoma secta","species","White Sand Macoma","adults","Renicola buchanani","species","Renicola buchanani","cercaria",57,102
"1909","predacious","Nuttallia nuttallii","species","California Mahogany Clam","adults","Parorchis acanthus","species","Parorchis acanthus","cercaria",64,86
"1910","predacious","Nuttallia nuttallii","species","California Mahogany Clam","adults","Catatropis johnstoni","species","Catatropis johnstoni","cercaria",64,26
"1911","predacious","Tagelus subteres","species","Lesser Tagelus","adults","Mesostephanus appendiculatus","species","Mesostephanus appendiculatus","cercaria",95,73
"1912","predacious","Tagelus subteres","species","Lesser Tagelus","adults","Stictodora hancocki","species","Stictodora hancocki","cercaria",95,109
"1913","predacious","Macoma nasuta","species","Bent-nosed Clam","adults","Euhaplorchis californiensis","species","Euhaplorchis californiensis","cercaria",56,46
"1914","predacious","Tagelus affinis","species","Fat Jackknife Clam","adults","Euhaplorchis californiensis","species","Euhaplorchis californiensis","cercaria",93,46
"1915","predacious","Tagelus californianus","species","California Jackknife Clam","adults","Renicola buchanani","species","Renicola buchanani","cercaria",94,102
"1916","predacious","Protothaca staminea","species","Pacific Littleneck Clam","adults","Cloacitrema michiganiensis","species","Cloacitrema michiganiensis","cercaria",83,34
"1917","predacious","Protothaca staminea","species","Pacific Littleneck Clam","adults","Renicola buchanani","species","Renicola buchanani","cercaria",83,102
"1918","predacious","Macoma nasuta","species","Bent-nosed Clam","adults","Renicola sp.","genus","Renicola sp.","cercaria",56,104
"1919","predacious","Tagelus affinis","species","Fat Jackknife Clam","adults","Renicola sp.","genus","Renicola sp.","cercaria",93,104
"1920","predacious","Macoma secta","species","White Sand Macoma","adults","Acanthoparyphium spinulosum","species","Acanthoparyphium spinulosum","cercaria",57,2
"1921","predacious","Macoma secta","species","White Sand Macoma","adults","Parorchis acanthus","species","Parorchis acanthus","cercaria",57,86
"1922","predacious","Macoma nasuta","species","Bent-nosed Clam","adults","Mesostephanus appendiculatus","species","Mesostephanus appendiculatus","cercaria",56,73
"1923","predacious","Macoma nasuta","species","Bent-nosed Clam","adults","Stictodora hancocki","species","Stictodora hancocki","cercaria",56,109
"1924","predacious","Tagelus affinis","species","Fat Jackknife Clam","adults","Mesostephanus appendiculatus","species","Mesostephanus appendiculatus","cercaria",93,73
"1925","predacious","Tagelus affinis","species","Fat Jackknife Clam","adults","Stictodora hancocki","species","Stictodora hancocki","cercaria",93,109
"1926","predacious","Macoma secta","species","White Sand Macoma","adults","Catatropis johnstoni","species","Catatropis johnstoni","cercaria",57,26
"1927","predacious","Macoma nasuta","species","Bent-nosed Clam","adults","Parvatrema sp.","genus","Parvatrema sp.","cercaria",56,87
"1928","predacious","Protothaca staminea","species","Pacific Littleneck Clam","adults","Parorchis acanthus","species","Parorchis acanthus","cercaria",83,86
"1929","predacious","Tagelus californianus","species","California Jackknife Clam","adults","Catatropis johnstoni","species","Catatropis johnstoni","cercaria",94,26
"1930","predacious","Nuttallia nuttallii","species","California Mahogany Clam","adults","Himasthla rhigedana","species","Himasthla rhigedana","cercaria",64,55
"1931","predacious","Tagelus subteres","species","Lesser Tagelus","adults","Renicola buchanani","species","Renicola buchanani","cercaria",95,102
"1932","predacious","Protothaca staminea","species","Pacific Littleneck Clam","adults","Catatropis johnstoni","species","Catatropis johnstoni","cercaria",83,26
"1933","predacious","Macoma nasuta","species","Bent-nosed Clam","adults","Renicola buchanani","species","Renicola buchanani","cercaria",56,102
"1934","predacious","Tagelus affinis","species","Fat Jackknife Clam","adults","Renicola buchanani","species","Renicola buchanani","cercaria",93,102
"1935","predacious","Saxidomus nuttalli","species","Butter Clam","adults","Capitella capitata","species","Capitella capitata","larvae",89,23
"1936","predacious","Saxidomus nuttalli","species","Butter Clam","adults","Polydora nuchalis","species","Polydora nuchalis","larvae",89,95
"1937","predacious","Macoma secta","species","White Sand Macoma","adults","Himasthla rhigedana","species","Himasthla rhigedana","cercaria",57,55
"1938","predacious","Saxidomus nuttalli","species","Butter Clam","adults","Cryptomya californica","species","California Softshell Clam","larvae",89,37
"1939","predacious","Saxidomus nuttalli","species","Butter Clam","adults","Macoma nasuta","species","Bent-nosed Clam","larvae",89,67
"1940","predacious","Saxidomus nuttalli","species","Butter Clam","adults","Macoma secta","species","White Sand Macoma","larvae",89,68
"1941","predacious","Saxidomus nuttalli","species","Butter Clam","adults","Mytilus galloprovincialis","species","Blue Mussel","larvae",89,75
"1942","predacious","Saxidomus nuttalli","species","Butter Clam","adults","Nuttallia nuttallii","species","California Mahogany Clam","larvae",89,79
"1943","predacious","Saxidomus nuttalli","species","Butter Clam","adults","Protothaca staminea","species","Pacific Littleneck Clam","larvae",89,99
"1944","predacious","Saxidomus nuttalli","species","Butter Clam","adults","Saxidomus nuttalli","species","Butter Clam","larvae",89,106
"1945","predacious","Saxidomus nuttalli","species","Butter Clam","adults","Tagelus affinis","species","Fat Jackknife Clam","larvae",89,110
"1946","predacious","Saxidomus nuttalli","species","Butter Clam","adults","Tagelus californianus","species","California Jackknife Clam","larvae",89,111
"1947","predacious","Saxidomus nuttalli","species","Butter Clam","adults","Tagelus subteres","species","Lesser Tagelus","larvae",89,112
"1948","predacious","Tagelus subteres","species","Lesser Tagelus","adults","Catatropis johnstoni","species","Catatropis johnstoni","cercaria",95,26
"1949","predacious","Tagelus californianus","species","California Jackknife Clam","adults","Himasthla rhigedana","species","Himasthla rhigedana","cercaria",94,55
"1950","predacious","Protothaca staminea","species","Pacific Littleneck Clam","adults","Himasthla rhigedana","species","Himasthla rhigedana","cercaria",83,55
"1951","predacious","Macoma nasuta","species","Bent-nosed Clam","adults","Catatropis johnstoni","species","Catatropis johnstoni","cercaria",56,26
"1952","predacious","Tagelus affinis","species","Fat Jackknife Clam","adults","Catatropis johnstoni","species","Catatropis johnstoni","cercaria",93,26
"1953","predacious","Nuttallia nuttallii","species","California Mahogany Clam","adults","Capitella capitata","species","Capitella capitata","larvae",64,23
"1954","predacious","Nuttallia nuttallii","species","California Mahogany Clam","adults","Polydora nuchalis","species","Polydora nuchalis","larvae",64,95
"1955","predacious","Nuttallia nuttallii","species","California Mahogany Clam","adults","Cryptomya californica","species","California Softshell Clam","larvae",64,37
"1956","predacious","Nuttallia nuttallii","species","California Mahogany Clam","adults","Macoma nasuta","species","Bent-nosed Clam","larvae",64,67
"1957","predacious","Nuttallia nuttallii","species","California Mahogany Clam","adults","Macoma secta","species","White Sand Macoma","larvae",64,68
"1958","predacious","Nuttallia nuttallii","species","California Mahogany Clam","adults","Mytilus galloprovincialis","species","Blue Mussel","larvae",64,75
"1959","predacious","Nuttallia nuttallii","species","California Mahogany Clam","adults","Nuttallia nuttallii","species","California Mahogany Clam","larvae",64,79
"1960","predacious","Nuttallia nuttallii","species","California Mahogany Clam","adults","Protothaca staminea","species","Pacific Littleneck Clam","larvae",64,99
"1961","predacious","Nuttallia nuttallii","species","California Mahogany Clam","adults","Saxidomus nuttalli","species","Butter Clam","larvae",64,106
"1962","predacious","Nuttallia nuttallii","species","California Mahogany Clam","adults","Tagelus affinis","species","Fat Jackknife Clam","larvae",64,110
"1963","predacious","Nuttallia nuttallii","species","California Mahogany Clam","adults","Tagelus californianus","species","California Jackknife Clam","larvae",64,111
"1964","predacious","Nuttallia nuttallii","species","California Mahogany Clam","adults","Tagelus subteres","species","Lesser Tagelus","larvae",64,112
"1965","predacious","Macoma nasuta","species","Bent-nosed Clam","adults","Himasthla rhigedana","species","Himasthla rhigedana","cercaria",56,55
"1966","predacious","Tagelus affinis","species","Fat Jackknife Clam","adults","Himasthla rhigedana","species","Himasthla rhigedana","cercaria",93,55
"1967","predacious","Macoma secta","species","White Sand Macoma","adults","Capitella capitata","species","Capitella capitata","larvae",57,23
"1968","predacious","Macoma secta","species","White Sand Macoma","adults","Polydora nuchalis","species","Polydora nuchalis","larvae",57,95
"1969","predacious","Macoma secta","species","White Sand Macoma","adults","Cryptomya californica","species","California Softshell Clam","larvae",57,37
"1970","predacious","Macoma secta","species","White Sand Macoma","adults","Macoma nasuta","species","Bent-nosed Clam","larvae",57,67
"1971","predacious","Macoma secta","species","White Sand Macoma","adults","Macoma secta","species","White Sand Macoma","larvae",57,68
"1972","predacious","Macoma secta","species","White Sand Macoma","adults","Mytilus galloprovincialis","species","Blue Mussel","larvae",57,75
"1973","predacious","Macoma secta","species","White Sand Macoma","adults","Nuttallia nuttallii","species","California Mahogany Clam","larvae",57,79
"1974","predacious","Macoma secta","species","White Sand Macoma","adults","Protothaca staminea","species","Pacific Littleneck Clam","larvae",57,99
"1975","predacious","Macoma secta","species","White Sand Macoma","adults","Saxidomus nuttalli","species","Butter Clam","larvae",57,106
"1976","predacious","Macoma secta","species","White Sand Macoma","adults","Tagelus affinis","species","Fat Jackknife Clam","larvae",57,110
"1977","predacious","Macoma secta","species","White Sand Macoma","adults","Tagelus californianus","species","California Jackknife Clam","larvae",57,111
"1978","predacious","Macoma secta","species","White Sand Macoma","adults","Tagelus subteres","species","Lesser Tagelus","larvae",57,112
"1979","predacious","Tagelus californianus","species","California Jackknife Clam","adults","Capitella capitata","species","Capitella capitata","larvae",94,23
"1980","predacious","Tagelus californianus","species","California Jackknife Clam","adults","Polydora nuchalis","species","Polydora nuchalis","larvae",94,95
"1981","predacious","Tagelus californianus","species","California Jackknife Clam","adults","Cryptomya californica","species","California Softshell Clam","larvae",94,37
"1982","predacious","Tagelus californianus","species","California Jackknife Clam","adults","Macoma nasuta","species","Bent-nosed Clam","larvae",94,67
"1983","predacious","Tagelus californianus","species","California Jackknife Clam","adults","Macoma secta","species","White Sand Macoma","larvae",94,68
"1984","predacious","Tagelus californianus","species","California Jackknife Clam","adults","Mytilus galloprovincialis","species","Blue Mussel","larvae",94,75
"1985","predacious","Tagelus californianus","species","California Jackknife Clam","adults","Nuttallia nuttallii","species","California Mahogany Clam","larvae",94,79
"1986","predacious","Tagelus californianus","species","California Jackknife Clam","adults","Protothaca staminea","species","Pacific Littleneck Clam","larvae",94,99
"1987","predacious","Tagelus californianus","species","California Jackknife Clam","adults","Saxidomus nuttalli","species","Butter Clam","larvae",94,106
"1988","predacious","Tagelus californianus","species","California Jackknife Clam","adults","Tagelus affinis","species","Fat Jackknife Clam","larvae",94,110
"1989","predacious","Tagelus californianus","species","California Jackknife Clam","adults","Tagelus californianus","species","California Jackknife Clam","larvae",94,111
"1990","predacious","Tagelus californianus","species","California Jackknife Clam","adults","Tagelus subteres","species","Lesser Tagelus","larvae",94,112
"1991","predacious","Anas platyrhynchos","species","Mallard","adults","Culex tarsalis","species","Western Encephalitis Mosquito","larvae",11,38
"1992","predacious","Anas platyrhynchos","species","Mallard","adults","Aedes taeniorhynchus","species","Black Salt Marsh Mosquito","larvae",11,7
"1993","predacious","Anas americana","species","American Wigeon","adults","Culex tarsalis","species","Western Encephalitis Mosquito","larvae",7,38
"1994","predacious","Anas americana","species","American Wigeon","adults","Aedes taeniorhynchus","species","Black Salt Marsh Mosquito","larvae",7,7
"1995","predacious","Oxyura jamaicensis","species","Ruddy Duck","adults","Culex tarsalis","species","Western Encephalitis Mosquito","larvae",67,38
"1996","predacious","Upogebia macginitieorum","species","Southern Mud Shrimp","adults","Capitella capitata","species","Capitella capitata","larvae",99,23
"1997","predacious","Upogebia macginitieorum","species","Southern Mud Shrimp","adults","Polydora nuchalis","species","Polydora nuchalis","larvae",99,95
"1998","predacious","Upogebia macginitieorum","species","Southern Mud Shrimp","adults","Cryptomya californica","species","California Softshell Clam","larvae",99,37
"1999","predacious","Upogebia macginitieorum","species","Southern Mud Shrimp","adults","Macoma nasuta","species","Bent-nosed Clam","larvae",99,67
"2000","predacious","Upogebia macginitieorum","species","Southern Mud Shrimp","adults","Macoma secta","species","White Sand Macoma","larvae",99,68
"2001","predacious","Upogebia macginitieorum","species","Southern Mud Shrimp","adults","Mytilus galloprovincialis","species","Blue Mussel","larvae",99,75
"2002","predacious","Upogebia macginitieorum","species","Southern Mud Shrimp","adults","Nuttallia nuttallii","species","California Mahogany Clam","larvae",99,79
"2003","predacious","Upogebia macginitieorum","species","Southern Mud Shrimp","adults","Protothaca staminea","species","Pacific Littleneck Clam","larvae",99,99
"2004","predacious","Upogebia macginitieorum","species","Southern Mud Shrimp","adults","Saxidomus nuttalli","species","Butter Clam","larvae",99,106
"2005","predacious","Upogebia macginitieorum","species","Southern Mud Shrimp","adults","Tagelus affinis","species","Fat Jackknife Clam","larvae",99,110
"2006","predacious","Upogebia macginitieorum","species","Southern Mud Shrimp","adults","Tagelus californianus","species","California Jackknife Clam","larvae",99,111
"2007","predacious","Upogebia macginitieorum","species","Southern Mud Shrimp","adults","Tagelus subteres","species","Lesser Tagelus","larvae",99,112
"2008","predacious","Oxyura jamaicensis","species","Ruddy Duck","adults","Aedes taeniorhynchus","species","Black Salt Marsh Mosquito","larvae",67,7
"2009","predacious","Tagelus affinis","species","Fat Jackknife Clam","adults","Capitella capitata","species","Capitella capitata","larvae",93,23
"2010","predacious","Tagelus affinis","species","Fat Jackknife Clam","adults","Polydora nuchalis","species","Polydora nuchalis","larvae",93,95
"2011","predacious","Oxyura jamaicensis","species","Ruddy Duck","adults","Capitella capitata","species","Capitella capitata","adults",67,23
"2012","predacious","Tagelus affinis","species","Fat Jackknife Clam","adults","Cryptomya californica","species","California Softshell Clam","larvae",93,37
"2013","predacious","Tagelus affinis","species","Fat Jackknife Clam","adults","Macoma nasuta","species","Bent-nosed Clam","larvae",93,67
"2014","predacious","Tagelus affinis","species","Fat Jackknife Clam","adults","Macoma secta","species","White Sand Macoma","larvae",93,68
"2015","predacious","Tagelus affinis","species","Fat Jackknife Clam","adults","Mytilus galloprovincialis","species","Blue Mussel","larvae",93,75
"2016","predacious","Tagelus affinis","species","Fat Jackknife Clam","adults","Nuttallia nuttallii","species","California Mahogany Clam","larvae",93,79
"2017","predacious","Tagelus affinis","species","Fat Jackknife Clam","adults","Protothaca staminea","species","Pacific Littleneck Clam","larvae",93,99
"2018","predacious","Tagelus affinis","species","Fat Jackknife Clam","adults","Saxidomus nuttalli","species","Butter Clam","larvae",93,106
"2019","predacious","Tagelus affinis","species","Fat Jackknife Clam","adults","Tagelus affinis","species","Fat Jackknife Clam","larvae",93,110
"2020","predacious","Tagelus affinis","species","Fat Jackknife Clam","adults","Tagelus californianus","species","California Jackknife Clam","larvae",93,111
"2021","predacious","Tagelus affinis","species","Fat Jackknife Clam","adults","Tagelus subteres","species","Lesser Tagelus","larvae",93,112
"2022","predacious","Oxyura jamaicensis","species","Ruddy Duck","adults","Polydora nuchalis","species","Polydora nuchalis","adults",67,95
"2023","predacious","Anas discors","species","Blue-winged Teal","adults","Culex tarsalis","species","Western Encephalitis Mosquito","larvae",10,38
"2024","predacious","Anas cyanoptera","species","Cinnamon Teal","adults","Culex tarsalis","species","Western Encephalitis Mosquito","larvae",9,38
"2025","predacious","Anas platyrhynchos","species","Mallard","adults","Acteocina inculta","species","Acteocina inculta","adults",11,4
"2026","predacious","Anas crecca","species","Green-winged Teal","adults","Culex tarsalis","species","Western Encephalitis Mosquito","larvae",8,38
"2027","predacious","Anas discors","species","Blue-winged Teal","adults","Aedes taeniorhynchus","species","Black Salt Marsh Mosquito","larvae",10,7
"2028","predacious","Anas cyanoptera","species","Cinnamon Teal","adults","Aedes taeniorhynchus","species","Black Salt Marsh Mosquito","larvae",9,7
"2029","predacious","Anas crecca","species","Green-winged Teal","adults","Aedes taeniorhynchus","species","Black Salt Marsh Mosquito","larvae",8,7
"2030","predacious","Anas americana","species","American Wigeon","adults","Acteocina inculta","species","Acteocina inculta","adults",7,4
"2031","predacious","Oxyura jamaicensis","species","Ruddy Duck","adults","Acteocina inculta","species","Acteocina inculta","adults",67,4
"2032","predacious","Anas discors","species","Blue-winged Teal","adults","Acteocina inculta","species","Acteocina inculta","adults",10,4
"2033","predacious","Anas cyanoptera","species","Cinnamon Teal","adults","Acteocina inculta","species","Acteocina inculta","adults",9,4
"2034","predacious","Anas crecca","species","Green-winged Teal","adults","Acteocina inculta","species","Acteocina inculta","adults",8,4
"2035","predacious","Anas platyrhynchos","species","Mallard","adults","Ephydra","genus","Ephydra","larvae",11,45
"2036","predacious","Charadrius semipalmatus","species","Semipalmated Plover","adults","Carinoma mutabilis","species","Carinoma mutabilis","adults",28,25
"2037","predacious","Anas americana","species","American Wigeon","adults","Ephydra","genus","Ephydra","larvae",7,45
"2038","predacious","Charadrius semipalmatus","species","Semipalmated Plover","adults","Capitella capitata","species","Capitella capitata","adults",28,23
"2039","predacious","Charadrius semipalmatus","species","Semipalmated Plover","adults","Polydora nuchalis","species","Polydora nuchalis","adults",28,95
"2040","predacious","Oxyura jamaicensis","species","Ruddy Duck","adults","Ephydra","genus","Ephydra","larvae",67,45
"2041","predacious","Anas discors","species","Blue-winged Teal","adults","Ephydra","genus","Ephydra","larvae",10,45
"2042","predacious","Anas cyanoptera","species","Cinnamon Teal","adults","Ephydra","genus","Ephydra","larvae",9,45
"2043","predacious","Anas crecca","species","Green-winged Teal","adults","Ephydra","genus","Ephydra","larvae",8,45
"2044","predacious","Anas platyrhynchos","species","Mallard","adults","Cerithidea californica","species","California Horn Snail","adults",11,29
"2045","predacious","Oxyura jamaicensis","species","Ruddy Duck","adults","Cerithidea californica","species","California Horn Snail","adults",67,29
"2046","predacious","Oxyura jamaicensis","species","Ruddy Duck","adults","Macoma nasuta","species","Bent-nosed Clam","adults",67,67
"2047","predacious","Oxyura jamaicensis","species","Ruddy Duck","adults","Macoma secta","species","White Sand Macoma","adults",67,68
"2048","predacious","Macoma nasuta","species","Bent-nosed Clam","adults","Hysterolecitha trilocalis","species","Hysterolecitha trilocalis","cercaria",56,57
"2049","predacious","Macoma secta","species","White Sand Macoma","adults","Hysterolecitha trilocalis","species","Hysterolecitha trilocalis","cercaria",57,57
"2050","predacious","Nuttallia nuttallii","species","California Mahogany Clam","adults","Hysterolecitha trilocalis","species","Hysterolecitha trilocalis","cercaria",64,57
"2051","predacious","Protothaca staminea","species","Pacific Littleneck Clam","adults","Hysterolecitha trilocalis","species","Hysterolecitha trilocalis","cercaria",83,57
"2052","predacious","Saxidomus nuttalli","species","Butter Clam","adults","Hysterolecitha trilocalis","species","Hysterolecitha trilocalis","cercaria",89,57
"2053","predacious","Tagelus affinis","species","Fat Jackknife Clam","adults","Hysterolecitha trilocalis","species","Hysterolecitha trilocalis","cercaria",93,57
"2054","predacious","Tagelus californianus","species","California Jackknife Clam","adults","Hysterolecitha trilocalis","species","Hysterolecitha trilocalis","cercaria",94,57
"2055","predacious","Tagelus subteres","species","Lesser Tagelus","adults","Hysterolecitha trilocalis","species","Hysterolecitha trilocalis","cercaria",95,57
"2056","predacious","Anas americana","species","American Wigeon","adults","Salicornia virginica","species","Pickleweed","adults",7,105
"2057","predacious","Anas discors","species","Blue-winged Teal","adults","Salicornia virginica","species","Pickleweed","adults",10,105
"2058","predacious","Anas cyanoptera","species","Cinnamon Teal","adults","Salicornia virginica","species","Pickleweed","adults",9,105
"2059","predacious","Anas crecca","species","Green-winged Teal","adults","Salicornia virginica","species","Pickleweed","adults",8,105
"2060","predacious","Anas platyrhynchos","species","Mallard","adults","Distichlis spicata","species","Salt Grass","adults",11,41
"2061","predacious","Anas platyrhynchos","species","Mallard","adults","Frankenia salina","species","Alkali Heath","adults",11,47
"2062","predacious","Anas platyrhynchos","species","Mallard","adults","Jaumea carnosa","species","Fleshy Jaumea","adults",11,58
"2063","predacious","Anas platyrhynchos","species","Mallard","adults","Limonium californicum","species","California Sea Lavender","adults",11,65
"2064","predacious","Anas platyrhynchos","species","Mallard","adults","Monanthocloe littoralis","species","Shore Grass","adults",11,74
"2065","predacious","Anas platyrhynchos","species","Mallard","adults","Salicornia virginica","species","Pickleweed","adults",11,105
"2066","predacious","Anas platyrhynchos","species","Mallard","adults","Cordylanthus maritimus","species","Salt Marsh Bird's Beak","adults",11,35
"2067","predacious","Oxyura jamaicensis","species","Ruddy Duck","adults","Distichlis spicata","species","Salt Grass","adults",67,41
"2068","predacious","Oxyura jamaicensis","species","Ruddy Duck","adults","Frankenia salina","species","Alkali Heath","adults",67,47
"2069","predacious","Oxyura jamaicensis","species","Ruddy Duck","adults","Jaumea carnosa","species","Fleshy Jaumea","adults",67,58
"2070","predacious","Oxyura jamaicensis","species","Ruddy Duck","adults","Monanthocloe littoralis","species","Shore Grass","adults",67,74
"2071","predacious","Oxyura jamaicensis","species","Ruddy Duck","adults","Salicornia virginica","species","Pickleweed","adults",67,105
"2072",NA,"Acanthogobius flavimanus","species","Yellow-fin Goby","adults","Spirocamallanus pereirae","species","Spirocamallanus pereirae","larvae",1,107
"2073",NA,"Acanthogobius flavimanus","species","Yellow-fin Goby","adults","Pygidiopsoides spindalis","species","Pygidiopsoides spindalis","metacercaria",1,100
"2074","predacious","Acanthogobius flavimanus","species","Yellow-fin Goby","adults","Austrobilharzia sp.","genus","Austrobilharzia sp.","cercaria",1,17
"2075","predacious","Acanthogobius flavimanus","species","Yellow-fin Goby","adults","Parvatrema sp.","genus","Parvatrema sp.","cercaria",1,87
"2076","predacious","Acanthogobius flavimanus","species","Yellow-fin Goby","adults","Cloacitrema michiganiensis","species","Cloacitrema michiganiensis","cercaria",1,34
"2077","predacious","Acanthogobius flavimanus","species","Yellow-fin Goby","adults","Renicola buchanani","species","Renicola buchanani","cercaria",1,102
"2078",NA,"Acanthogobius flavimanus","species","Yellow-fin Goby","adults","Renicola cerithidicola","species","Renicola cerithidicola","metacercaria",1,103
"2079","predacious","Acanthogobius flavimanus","species","Yellow-fin Goby","adults","Acanthoparyphium spinulosum","species","Acanthoparyphium spinulosum","cercaria",1,2
"2080","predacious","Acanthogobius flavimanus","species","Yellow-fin Goby","adults","Parorchis acanthus","species","Parorchis acanthus","cercaria",1,86
"2081",NA,"Acanthogobius flavimanus","species","Yellow-fin Goby","adults","Phocitremoides ovale","species","Phocitremoides ovale","metacercaria",1,89
"2082",NA,"Acanthogobius flavimanus","species","Yellow-fin Goby","adults","Stictodora hancocki","species","Stictodora hancocki","metacercaria",1,109
"2083","predacious","Acanthogobius flavimanus","species","Yellow-fin Goby","adults","Himasthla rhigedana","species","Himasthla rhigedana","cercaria",1,55
"2084",NA,"Acanthogobius flavimanus","species","Yellow-fin Goby","adults","Mesostephanus appendiculatus","species","Mesostephanus appendiculatus","metacercaria",1,73
"2085",NA,"Acanthogobius flavimanus","species","Yellow-fin Goby","adults","Maritrema sp.","genus","Maritrema sp.","metacercaria",1,69
"2086",NA,"Acanthogobius flavimanus","species","Yellow-fin Goby","adults","Gyrodactylus sp.","genus","Gyrodactylus sp.","adults",1,52
"2087",NA,"Acanthogobius flavimanus","species","Yellow-fin Goby","adults","Carcinonemertes sp.","species","Carcinonemertes sp.","adults",1,24
"2088",NA,"Acanthogobius flavimanus","species","Yellow-fin Goby","adults","Hysterolecitha trilocalis","species","Hysterolecitha trilocalis","adults",1,57
"2089",NA,"Acanthogobius flavimanus","species","Yellow-fin Goby","adults","Portunion conformis","species","Portunion conformis","adults",1,96
"2090",NA,"Acanthogobius flavimanus","species","Yellow-fin Goby","adults","Picornavirus","genus","virus","adults",1,90
"2091",NA,"Acanthogobius flavimanus","species","Yellow-fin Goby","adults","Trichodina sp.","genus","Trichodina sp.","adults",1,115
"2092",NA,"Acanthogobius flavimanus","species","Yellow-fin Goby","adults","Henneguya","genus","Henneguya","adults",1,54
"2093",NA,"Acanthogobius flavimanus","species","Yellow-fin Goby","adults","Glossocercus sp.","genus","Glossocercus sp.","procercoid",1,51
"2094",NA,"Acanthogobius flavimanus","species","Yellow-fin Goby","adults","Orthione griffenis","species","Orthione griffinis","larvae",1,81
"2095",NA,"Atherinops affinis","species","Topsmelt","adults","Spirocamallanus pereirae","species","Spirocamallanus pereirae","larvae",15,107
"2096","predacious","Atherinops affinis","species","Topsmelt","adults","Capitella capitata","species","Capitella capitata","larvae",15,23
"2097","predacious","Atherinops affinis","species","Topsmelt","adults","Polydora nuchalis","species","Polydora nuchalis","larvae",15,95
"2098","predacious","Atherinops affinis","species","Topsmelt","adults","Cryptomya californica","species","California Softshell Clam","larvae",15,37
"2099","predacious","Atherinops affinis","species","Topsmelt","adults","Macoma nasuta","species","Bent-nosed Clam","larvae",15,67
"2100","predacious","Atherinops affinis","species","Topsmelt","adults","Macoma secta","species","White Sand Macoma","larvae",15,68
"2101","predacious","Atherinops affinis","species","Topsmelt","adults","Mytilus galloprovincialis","species","Blue Mussel","larvae",15,75
"2102","predacious","Atherinops affinis","species","Topsmelt","adults","Nuttallia nuttallii","species","California Mahogany Clam","larvae",15,79
"2103","predacious","Atherinops affinis","species","Topsmelt","adults","Protothaca staminea","species","Pacific Littleneck Clam","larvae",15,99
"2104","predacious","Atherinops affinis","species","Topsmelt","adults","Saxidomus nuttalli","species","Butter Clam","larvae",15,106
"2105","predacious","Atherinops affinis","species","Topsmelt","adults","Tagelus affinis","species","Fat Jackknife Clam","larvae",15,110
"2106","predacious","Atherinops affinis","species","Topsmelt","adults","Tagelus californianus","species","California Jackknife Clam","larvae",15,111
"2107","predacious","Atherinops affinis","species","Topsmelt","adults","Tagelus subteres","species","Lesser Tagelus","larvae",15,112
"2108",NA,"Atherinops affinis","species","Topsmelt","adults","Hysterolecitha trilocalis","species","Hysterolecitha trilocalis","metacercaria",15,57
"2109",NA,"Atherinops affinis","species","Topsmelt","adults","Glossocercus sp.","genus","Glossocercus sp.","procercoid",15,51
"2110",NA,"Atherinops affinis","species","Topsmelt","adults","Orthione griffenis","species","Orthione griffinis","larvae",15,81
"2111",NA,"Clevelandia ios","species","Arrow Goby","adults","Spirocamallanus pereirae","species","Spirocamallanus pereirae","larvae",30,107
"2112",NA,"Clevelandia ios","species","Arrow Goby","adults","Pygidiopsoides spindalis","species","Pygidiopsoides spindalis","cercaria",30,100
"2113","predacious","Clevelandia ios","species","Arrow Goby","adults","Renicola cerithidicola","species","Renicola cerithidicola","cercaria",30,103
"2114","predacious","Clevelandia ios","species","Arrow Goby","adults","Maritrema sp.","genus","Maritrema sp.","cercaria",30,69
"2115","predacious","Clevelandia ios","species","Arrow Goby","adults","Probolocoryphe species A","genus","Probolocoryphe species A","cercaria",30,97
"2116",NA,"Clevelandia ios","species","Arrow Goby","adults","Phocitremoides ovale","species","Phocitremoides ovale","cercaria",30,89
"2117","predacious","Clevelandia ios","species","Arrow Goby","adults","Austrobilharzia sp.","genus","Austrobilharzia sp.","cercaria",30,17
"2118","predacious","Clevelandia ios","species","Arrow Goby","adults","Euhaplorchis californiensis","species","Euhaplorchis californiensis","cercaria",30,46
"2119","predacious","Clevelandia ios","species","Arrow Goby","adults","Renicola sp.","genus","Renicola sp.","cercaria",30,104
"2120",NA,"Clevelandia ios","species","Arrow Goby","adults","Mesostephanus appendiculatus","species","Mesostephanus appendiculatus","cercaria",30,73
"2121",NA,"Clevelandia ios","species","Arrow Goby","adults","Stictodora hancocki","species","Stictodora hancocki","cercaria",30,109
"2122","predacious","Clevelandia ios","species","Arrow Goby","adults","Parvatrema sp.","genus","Parvatrema sp.","cercaria",30,87
"2123","predacious","Clevelandia ios","species","Arrow Goby","adults","Cloacitrema michiganiensis","species","Cloacitrema michiganiensis","cercaria",30,34
"2124",NA,"Clevelandia ios","species","Arrow Goby","adults","Renicola buchanani","species","Renicola buchanani","cercaria",30,102
"2125","predacious","Clevelandia ios","species","Arrow Goby","adults","Acanthoparyphium spinulosum","species","Acanthoparyphium spinulosum","cercaria",30,2
"2126","predacious","Clevelandia ios","species","Arrow Goby","adults","Parorchis acanthus","species","Parorchis acanthus","cercaria",30,86
"2127","predacious","Clevelandia ios","species","Arrow Goby","adults","Catatropis johnstoni","species","Catatropis johnstoni","cercaria",30,26
"2128","predacious","Clevelandia ios","species","Arrow Goby","adults","Himasthla rhigedana","species","Himasthla rhigedana","cercaria",30,55
"2129","predacious","Clevelandia ios","species","Arrow Goby","adults","Capitella capitata","species","Capitella capitata","larvae",30,23
"2130","predacious","Clevelandia ios","species","Arrow Goby","adults","Polydora nuchalis","species","Polydora nuchalis","larvae",30,95
"2131","predacious","Clevelandia ios","species","Arrow Goby","adults","Cryptomya californica","species","California Softshell Clam","larvae",30,37
"2132","predacious","Clevelandia ios","species","Arrow Goby","adults","Macoma nasuta","species","Bent-nosed Clam","larvae",30,67
"2133","predacious","Clevelandia ios","species","Arrow Goby","adults","Macoma secta","species","White Sand Macoma","larvae",30,68
"2134","predacious","Clevelandia ios","species","Arrow Goby","adults","Mytilus galloprovincialis","species","Blue Mussel","larvae",30,75
"2135","predacious","Clevelandia ios","species","Arrow Goby","adults","Nuttallia nuttallii","species","California Mahogany Clam","larvae",30,79
"2136","predacious","Clevelandia ios","species","Arrow Goby","adults","Protothaca staminea","species","Pacific Littleneck Clam","larvae",30,99
"2137","predacious","Clevelandia ios","species","Arrow Goby","adults","Saxidomus nuttalli","species","Butter Clam","larvae",30,106
"2138","predacious","Clevelandia ios","species","Arrow Goby","adults","Tagelus affinis","species","Fat Jackknife Clam","larvae",30,110
"2139","predacious","Clevelandia ios","species","Arrow Goby","adults","Tagelus californianus","species","California Jackknife Clam","larvae",30,111
"2140","predacious","Clevelandia ios","species","Arrow Goby","adults","Tagelus subteres","species","Lesser Tagelus","larvae",30,112
"2141",NA,"Clevelandia ios","species","Arrow Goby","adults","Hysterolecitha trilocalis","species","Hysterolecitha trilocalis","metacercaria",30,57
"2142",NA,"Clevelandia ios","species","Arrow Goby","adults","Glossocercus sp.","genus","Glossocercus sp.","procercoid",30,51
"2143",NA,"Clevelandia ios","species","Arrow Goby","adults","Orthione griffenis","species","Orthione griffinis","larvae",30,81
"2144",NA,"Cymatogaster aggregata","species","Shiner Surfperch","adults","Spirocamallanus pereirae","species","Spirocamallanus pereirae","larvae",34,107
"2145",NA,"Cymatogaster aggregata","species","Shiner Surfperch","adults","Maritrema sp.","genus","Maritrema sp.","metacercaria",34,69
"2146",NA,"Cymatogaster aggregata","species","Shiner Surfperch","adults","Hysterolecitha trilocalis","species","Hysterolecitha trilocalis","metacercaria",34,57
"2147",NA,"Cymatogaster aggregata","species","Shiner Surfperch","adults","Glossocercus sp.","genus","Glossocercus sp.","procercoid",34,51
"2148",NA,"Cymatogaster aggregata","species","Shiner Surfperch","adults","Orthione griffenis","species","Orthione griffinis","larvae",34,81
"2149",NA,"Fundulus parvipinnis","species","California Killifish","adults","Spirocamallanus pereirae","species","Spirocamallanus pereirae","larvae",40,107
"2150",NA,"Fundulus parvipinnis","species","California Killifish","adults","Pygidiopsoides spindalis","species","Pygidiopsoides spindalis","cercaria",40,100
"2151",NA,"Fundulus parvipinnis","species","California Killifish","adults","Renicola cerithidicola","species","Renicola cerithidicola","cercaria",40,103
"2152","predacious","Fundulus parvipinnis","species","California Killifish","adults","Maritrema sp.","genus","Maritrema sp.","cercaria",40,69
"2153","predacious","Fundulus parvipinnis","species","California Killifish","adults","Probolocoryphe species A","genus","Probolocoryphe species A","cercaria",40,97
"2154",NA,"Fundulus parvipinnis","species","California Killifish","adults","Phocitremoides ovale","species","Phocitremoides ovale","cercaria",40,89
"2155","predacious","Fundulus parvipinnis","species","California Killifish","adults","Austrobilharzia sp.","genus","Austrobilharzia sp.","cercaria",40,17
"2156",NA,"Fundulus parvipinnis","species","California Killifish","adults","Euhaplorchis californiensis","species","Euhaplorchis californiensis","cercaria",40,46
"2157","predacious","Fundulus parvipinnis","species","California Killifish","adults","Renicola sp.","genus","Renicola sp.","cercaria",40,104
"2158",NA,"Fundulus parvipinnis","species","California Killifish","adults","Mesostephanus appendiculatus","species","Mesostephanus appendiculatus","cercaria",40,73
"2159",NA,"Fundulus parvipinnis","species","California Killifish","adults","Stictodora hancocki","species","Stictodora hancocki","cercaria",40,109
"2160","predacious","Fundulus parvipinnis","species","California Killifish","adults","Parvatrema sp.","genus","Parvatrema sp.","cercaria",40,87
"2161","predacious","Fundulus parvipinnis","species","California Killifish","adults","Cloacitrema michiganiensis","species","Cloacitrema michiganiensis","cercaria",40,34
"2162",NA,"Fundulus parvipinnis","species","California Killifish","adults","Renicola buchanani","species","Renicola buchanani","cercaria",40,102
"2163","predacious","Fundulus parvipinnis","species","California Killifish","adults","Acanthoparyphium spinulosum","species","Acanthoparyphium spinulosum","cercaria",40,2
"2164","predacious","Fundulus parvipinnis","species","California Killifish","adults","Parorchis acanthus","species","Parorchis acanthus","cercaria",40,86
"2165","predacious","Fundulus parvipinnis","species","California Killifish","adults","Catatropis johnstoni","species","Catatropis johnstoni","cercaria",40,26
"2166","predacious","Fundulus parvipinnis","species","California Killifish","adults","Himasthla rhigedana","species","Himasthla rhigedana","cercaria",40,55
"2167","predacious","Fundulus parvipinnis","species","California Killifish","adults","Cryptomya californica","species","California Softshell Clam","larvae",40,37
"2168","predacious","Fundulus parvipinnis","species","California Killifish","adults","Macoma nasuta","species","Bent-nosed Clam","larvae",40,67
"2169","predacious","Fundulus parvipinnis","species","California Killifish","adults","Macoma secta","species","White Sand Macoma","larvae",40,68
"2170","predacious","Fundulus parvipinnis","species","California Killifish","adults","Mytilus galloprovincialis","species","Blue Mussel","larvae",40,75
"2171","predacious","Fundulus parvipinnis","species","California Killifish","adults","Nuttallia nuttallii","species","California Mahogany Clam","larvae",40,79
"2172","predacious","Fundulus parvipinnis","species","California Killifish","adults","Protothaca staminea","species","Pacific Littleneck Clam","larvae",40,99
"2173","predacious","Fundulus parvipinnis","species","California Killifish","adults","Saxidomus nuttalli","species","Butter Clam","larvae",40,106
"2174","predacious","Fundulus parvipinnis","species","California Killifish","adults","Tagelus affinis","species","Fat Jackknife Clam","larvae",40,110
"2175","predacious","Fundulus parvipinnis","species","California Killifish","adults","Tagelus californianus","species","California Jackknife Clam","larvae",40,111
"2176","predacious","Fundulus parvipinnis","species","California Killifish","adults","Tagelus subteres","species","Lesser Tagelus","larvae",40,112
"2177",NA,"Fundulus parvipinnis","species","California Killifish","adults","Hysterolecitha trilocalis","species","Hysterolecitha trilocalis","parthenitae",40,57
"2178",NA,"Fundulus parvipinnis","species","California Killifish","adults","Apicomplexa","genus","apicomplexan-spionid","adults",40,13
"2179",NA,"Fundulus parvipinnis","species","California Killifish","adults","Polydora cilliata","species","Polydora cilliata","adults",40,94
"2180",NA,"Fundulus parvipinnis","species","California Killifish","adults","Glossocercus sp.","genus","Glossocercus sp.","procercoid",40,51
"2181",NA,"Fundulus parvipinnis","species","California Killifish","adults","Orthione griffenis","species","Orthione griffinis","larvae",40,81
"2182",NA,"Gillichthys mirabilis","species","Long-jawed Mudsucker","adults","Spirocamallanus pereirae","species","Spirocamallanus pereirae","larvae",41,107
"2183",NA,"Gillichthys mirabilis","species","Long-jawed Mudsucker","adults","Pygidiopsoides spindalis","species","Pygidiopsoides spindalis","metacercaria",41,100
"2184","predacious","Gillichthys mirabilis","species","Long-jawed Mudsucker","adults","Parvatrema sp.","genus","Parvatrema sp.","cercaria",41,87
"2185",NA,"Gillichthys mirabilis","species","Long-jawed Mudsucker","adults","Euhaplorchis californiensis","species","Euhaplorchis californiensis","metacercaria",41,46
"2186",NA,"Gillichthys mirabilis","species","Long-jawed Mudsucker","adults","Renicola cerithidicola","species","Renicola cerithidicola","metacercaria",41,103
"2187","predacious","Gillichthys mirabilis","species","Long-jawed Mudsucker","adults","Acanthoparyphium spinulosum","species","Acanthoparyphium spinulosum","cercaria",41,2
"2188",NA,"Gillichthys mirabilis","species","Long-jawed Mudsucker","adults","Phocitremoides ovale","species","Phocitremoides ovale","metacercaria",41,89
"2189",NA,"Gillichthys mirabilis","species","Long-jawed Mudsucker","adults","Stictodora hancocki","species","Stictodora hancocki","metacercaria",41,109
"2190",NA,"Gillichthys mirabilis","species","Long-jawed Mudsucker","adults","Renicola buchanani","species","Renicola buchanani","metacercaria",41,102
"2191","predacious","Gillichthys mirabilis","species","Long-jawed Mudsucker","adults","Himasthla rhigedana","species","Himasthla rhigedana","cercaria",41,55
"2192",NA,"Gillichthys mirabilis","species","Long-jawed Mudsucker","adults","Cloacitrema michiganiensis","species","Cloacitrema michiganiensis","metacercaria",41,34
"2193",NA,"Gillichthys mirabilis","species","Long-jawed Mudsucker","adults","Parorchis acanthus","species","Parorchis acanthus","metacercaria",41,86
"2194",NA,"Gillichthys mirabilis","species","Long-jawed Mudsucker","adults","Mesostephanus appendiculatus","species","Mesostephanus appendiculatus","metacercaria",41,73
"2195",NA,"Gillichthys mirabilis","species","Long-jawed Mudsucker","adults","Maritrema sp.","genus","Maritrema sp.","metacercaria",41,69
"2196",NA,"Gillichthys mirabilis","species","Long-jawed Mudsucker","adults","Gyrodactylus sp.","genus","Gyrodactylus sp.","adults",41,52
"2197",NA,"Gillichthys mirabilis","species","Long-jawed Mudsucker","adults","Carcinonemertes sp.","species","Carcinonemertes sp.","adults",41,24
"2198",NA,"Gillichthys mirabilis","species","Long-jawed Mudsucker","adults","Glossocercus sp.","genus","Glossocercus sp.","plerocercoid",41,51
"2199",NA,"Gillichthys mirabilis","species","Long-jawed Mudsucker","adults","Portunion conformis","species","Portunion conformis","adults",41,96
"2200",NA,"Gillichthys mirabilis","species","Long-jawed Mudsucker","adults","Orthione griffenis","species","Orthione griffinis","adults",41,81
"2201",NA,"Gillichthys mirabilis","species","Long-jawed Mudsucker","adults","Picornavirus","genus","virus","adults",41,90
"2202",NA,"Gillichthys mirabilis","species","Long-jawed Mudsucker","adults","Trichodina sp.","genus","Trichodina sp.","adults",41,115
"2203",NA,"Gillichthys mirabilis","species","Long-jawed Mudsucker","adults","Hysterolecitha trilocalis","species","Hysterolecitha trilocalis","metacercaria",41,57
"2204",NA,"Hypsopsetta guttulata","species","Diamond Turbot","adults","Spirocamallanus pereirae","species","Spirocamallanus pereirae","larvae",47,107
"2205",NA,"Hypsopsetta guttulata","species","Diamond Turbot","adults","Pygidiopsoides spindalis","species","Pygidiopsoides spindalis","metacercaria",47,100
"2206","predacious","Hypsopsetta guttulata","species","Diamond Turbot","adults","Austrobilharzia sp.","genus","Austrobilharzia sp.","cercaria",47,17
"2207","predacious","Hypsopsetta guttulata","species","Diamond Turbot","adults","Parvatrema sp.","genus","Parvatrema sp.","cercaria",47,87
"2208","predacious","Hypsopsetta guttulata","species","Diamond Turbot","adults","Cloacitrema michiganiensis","species","Cloacitrema michiganiensis","cercaria",47,34
"2209","predacious","Hypsopsetta guttulata","species","Diamond Turbot","adults","Renicola buchanani","species","Renicola buchanani","cercaria",47,102
"2210",NA,"Hypsopsetta guttulata","species","Diamond Turbot","adults","Euhaplorchis californiensis","species","Euhaplorchis californiensis","metacercaria",47,46
"2211",NA,"Hypsopsetta guttulata","species","Diamond Turbot","adults","Renicola cerithidicola","species","Renicola cerithidicola","metacercaria",47,103
"2212","predacious","Hypsopsetta guttulata","species","Diamond Turbot","adults","Acanthoparyphium spinulosum","species","Acanthoparyphium spinulosum","cercaria",47,2
"2213","predacious","Hypsopsetta guttulata","species","Diamond Turbot","adults","Parorchis acanthus","species","Parorchis acanthus","cercaria",47,86
"2214",NA,"Hypsopsetta guttulata","species","Diamond Turbot","adults","Phocitremoides ovale","species","Phocitremoides ovale","metacercaria",47,89
"2215",NA,"Hypsopsetta guttulata","species","Diamond Turbot","adults","Stictodora hancocki","species","Stictodora hancocki","metacercaria",47,109
"2216","predacious","Hypsopsetta guttulata","species","Diamond Turbot","adults","Himasthla rhigedana","species","Himasthla rhigedana","cercaria",47,55
"2217",NA,"Hypsopsetta guttulata","species","Diamond Turbot","adults","Renicola sp.","genus","Renicola sp.","metacercaria",47,104
"2218",NA,"Hypsopsetta guttulata","species","Diamond Turbot","adults","Mesostephanus appendiculatus","species","Mesostephanus appendiculatus","metacercaria",47,73
"2219",NA,"Hypsopsetta guttulata","species","Diamond Turbot","adults","Maritrema sp.","genus","Maritrema sp.","metacercaria",47,69
"2220",NA,"Hypsopsetta guttulata","species","Diamond Turbot","adults","Gyrodactylus sp.","genus","Gyrodactylus sp.","adults",47,52
"2221",NA,"Hypsopsetta guttulata","species","Diamond Turbot","adults","Carcinonemertes sp.","species","Carcinonemertes sp.","adults",47,24
"2222",NA,"Hypsopsetta guttulata","species","Diamond Turbot","adults","Glossocercus sp.","genus","Glossocercus sp.","plerocercoid",47,51
"2223","predacious","Hypsopsetta guttulata","species","Diamond Turbot","adults","Polydora nuchalis","species","Polydora nuchalis","adults",47,95
"2224","predacious","Hypsopsetta guttulata","species","Diamond Turbot","adults","Traskorchestia traskiana","species","Salt Marsh Hopper","adults",47,113
"2225",NA,"Hypsopsetta guttulata","species","Diamond Turbot","adults","Portunion conformis","species","Portunion conformis","adults",47,96
"2226",NA,"Hypsopsetta guttulata","species","Diamond Turbot","adults","Orthione griffenis","species","Orthione griffinis","adults",47,81
"2227",NA,"Hypsopsetta guttulata","species","Diamond Turbot","adults","Picornavirus","genus","virus","adults",47,90
"2228",NA,"Hypsopsetta guttulata","species","Diamond Turbot","adults","Apicomplexa","genus","apicomplexan-spionid","adults",47,13
"2229",NA,"Hypsopsetta guttulata","species","Diamond Turbot","adults","Polydora cilliata","species","Polydora cilliata","adults",47,94
"2230",NA,"Hypsopsetta guttulata","species","Diamond Turbot","adults","Trichodina sp.","genus","Trichodina sp.","adults",47,115
"2231",NA,"Hypsopsetta guttulata","species","Diamond Turbot","adults","Hysterolecitha trilocalis","species","Hysterolecitha trilocalis","metacercaria",47,57
"2232",NA,"Leptocottus armatus","species","Staghorn Sculpin","adults","Pygidiopsoides spindalis","species","Pygidiopsoides spindalis","metacercaria",53,100
"2233","predacious","Leptocottus armatus","species","Staghorn Sculpin","adults","Parvatrema sp.","genus","Parvatrema sp.","cercaria",53,87
"2234",NA,"Leptocottus armatus","species","Staghorn Sculpin","adults","Euhaplorchis californiensis","species","Euhaplorchis californiensis","metacercaria",53,46
"2235",NA,"Leptocottus armatus","species","Staghorn Sculpin","adults","Renicola cerithidicola","species","Renicola cerithidicola","metacercaria",53,103
"2236","predacious","Leptocottus armatus","species","Staghorn Sculpin","adults","Acanthoparyphium spinulosum","species","Acanthoparyphium spinulosum","cercaria",53,2
"2237",NA,"Leptocottus armatus","species","Staghorn Sculpin","adults","Phocitremoides ovale","species","Phocitremoides ovale","metacercaria",53,89
"2238",NA,"Leptocottus armatus","species","Staghorn Sculpin","adults","Stictodora hancocki","species","Stictodora hancocki","metacercaria",53,109
"2239",NA,"Leptocottus armatus","species","Staghorn Sculpin","adults","Renicola buchanani","species","Renicola buchanani","metacercaria",53,102
"2240","predacious","Leptocottus armatus","species","Staghorn Sculpin","adults","Himasthla rhigedana","species","Himasthla rhigedana","cercaria",53,55
"2241",NA,"Leptocottus armatus","species","Staghorn Sculpin","adults","Cloacitrema michiganiensis","species","Cloacitrema michiganiensis","metacercaria",53,34
"2242",NA,"Leptocottus armatus","species","Staghorn Sculpin","adults","Parorchis acanthus","species","Parorchis acanthus","metacercaria",53,86
"2243",NA,"Leptocottus armatus","species","Staghorn Sculpin","adults","Mesostephanus appendiculatus","species","Mesostephanus appendiculatus","metacercaria",53,73
"2244",NA,"Leptocottus armatus","species","Staghorn Sculpin","adults","Maritrema sp.","genus","Maritrema sp.","metacercaria",53,69
"2245",NA,"Leptocottus armatus","species","Staghorn Sculpin","adults","Gyrodactylus sp.","genus","Gyrodactylus sp.","adults",53,52
"2246",NA,"Leptocottus armatus","species","Staghorn Sculpin","adults","Carcinonemertes sp.","species","Carcinonemertes sp.","adults",53,24
"2247",NA,"Leptocottus armatus","species","Staghorn Sculpin","adults","Glossocercus sp.","genus","Glossocercus sp.","plerocercoid",53,51
"2248",NA,"Leptocottus armatus","species","Staghorn Sculpin","adults","Spirocamallanus pereirae","species","Spirocamallanus pereirae","adults",53,107
"2249","predacious","Leptocottus armatus","species","Staghorn Sculpin","adults","Traskorchestia traskiana","species","Salt Marsh Hopper","adults",53,113
"2250",NA,"Leptocottus armatus","species","Staghorn Sculpin","adults","Portunion conformis","species","Portunion conformis","adults",53,96
"2251",NA,"Leptocottus armatus","species","Staghorn Sculpin","adults","Orthione griffenis","species","Orthione griffinis","adults",53,81
"2252",NA,"Leptocottus armatus","species","Staghorn Sculpin","adults","Picornavirus","genus","virus","adults",53,90
"2253",NA,"Leptocottus armatus","species","Staghorn Sculpin","adults","Trichodina sp.","genus","Trichodina sp.","adults",53,115
"2254",NA,"Paralichthys californicus","species","California Halibut","adults","Pygidiopsoides spindalis","species","Pygidiopsoides spindalis","metacercaria",69,100
"2255","predacious","Paralichthys californicus","species","California Halibut","adults","Austrobilharzia sp.","genus","Austrobilharzia sp.","cercaria",69,17
"2256","predacious","Paralichthys californicus","species","California Halibut","adults","Parvatrema sp.","genus","Parvatrema sp.","cercaria",69,87
"2257","predacious","Paralichthys californicus","species","California Halibut","adults","Cloacitrema michiganiensis","species","Cloacitrema michiganiensis","cercaria",69,34
"2258","predacious","Paralichthys californicus","species","California Halibut","adults","Renicola buchanani","species","Renicola buchanani","cercaria",69,102
"2259",NA,"Paralichthys californicus","species","California Halibut","adults","Euhaplorchis californiensis","species","Euhaplorchis californiensis","metacercaria",69,46
"2260",NA,"Paralichthys californicus","species","California Halibut","adults","Renicola cerithidicola","species","Renicola cerithidicola","metacercaria",69,103
"2261","predacious","Paralichthys californicus","species","California Halibut","adults","Acanthoparyphium spinulosum","species","Acanthoparyphium spinulosum","cercaria",69,2
"2262","predacious","Paralichthys californicus","species","California Halibut","adults","Parorchis acanthus","species","Parorchis acanthus","cercaria",69,86
"2263",NA,"Paralichthys californicus","species","California Halibut","adults","Phocitremoides ovale","species","Phocitremoides ovale","metacercaria",69,89
"2264",NA,"Paralichthys californicus","species","California Halibut","adults","Stictodora hancocki","species","Stictodora hancocki","metacercaria",69,109
"2265","predacious","Paralichthys californicus","species","California Halibut","adults","Himasthla rhigedana","species","Himasthla rhigedana","cercaria",69,55
"2266",NA,"Paralichthys californicus","species","California Halibut","adults","Mesostephanus appendiculatus","species","Mesostephanus appendiculatus","metacercaria",69,73
"2267",NA,"Paralichthys californicus","species","California Halibut","adults","Maritrema sp.","genus","Maritrema sp.","metacercaria",69,69
"2268",NA,"Paralichthys californicus","species","California Halibut","adults","Gyrodactylus sp.","genus","Gyrodactylus sp.","adults",69,52
"2269",NA,"Paralichthys californicus","species","California Halibut","adults","Carcinonemertes sp.","species","Carcinonemertes sp.","adults",69,24
"2270",NA,"Paralichthys californicus","species","California Halibut","adults","Glossocercus sp.","genus","Glossocercus sp.","plerocercoid",69,51
"2271",NA,"Paralichthys californicus","species","California Halibut","adults","Spirocamallanus pereirae","species","Spirocamallanus pereirae","adults",69,107
"2272","predacious","Paralichthys californicus","species","California Halibut","adults","Traskorchestia traskiana","species","Salt Marsh Hopper","adults",69,113
"2273",NA,"Paralichthys californicus","species","California Halibut","adults","Portunion conformis","species","Portunion conformis","adults",69,96
"2274",NA,"Paralichthys californicus","species","California Halibut","adults","Picornavirus","genus","virus","adults",69,90
"2275",NA,"Paralichthys californicus","species","California Halibut","adults","Trichodina sp.","genus","Trichodina sp.","adults",69,115
"2276",NA,"Triakis semifasciata","species","Leopard Shark","adults","Pygidiopsoides spindalis","species","Pygidiopsoides spindalis","metacercaria",96,100
"2277",NA,"Triakis semifasciata","species","Leopard Shark","adults","Euhaplorchis californiensis","species","Euhaplorchis californiensis","metacercaria",96,46
"2278",NA,"Triakis semifasciata","species","Leopard Shark","adults","Parvatrema sp.","genus","Parvatrema sp.","metacercaria",96,87
"2279",NA,"Triakis semifasciata","species","Leopard Shark","adults","Renicola cerithidicola","species","Renicola cerithidicola","metacercaria",96,103
"2280",NA,"Triakis semifasciata","species","Leopard Shark","adults","Phocitremoides ovale","species","Phocitremoides ovale","metacercaria",96,89
"2281",NA,"Triakis semifasciata","species","Leopard Shark","adults","Stictodora hancocki","species","Stictodora hancocki","metacercaria",96,109
"2282",NA,"Triakis semifasciata","species","Leopard Shark","adults","Renicola buchanani","species","Renicola buchanani","metacercaria",96,102
"2283",NA,"Triakis semifasciata","species","Leopard Shark","adults","Cloacitrema michiganiensis","species","Cloacitrema michiganiensis","metacercaria",96,34
"2284",NA,"Triakis semifasciata","species","Leopard Shark","adults","Parorchis acanthus","species","Parorchis acanthus","metacercaria",96,86
"2285",NA,"Triakis semifasciata","species","Leopard Shark","adults","Mesostephanus appendiculatus","species","Mesostephanus appendiculatus","metacercaria",96,73
"2286",NA,"Triakis semifasciata","species","Leopard Shark","adults","Acanthoparyphium spinulosum","species","Acanthoparyphium spinulosum","metacercaria",96,2
"2287",NA,"Triakis semifasciata","species","Leopard Shark","adults","Himasthla rhigedana","species","Himasthla rhigedana","metacercaria",96,55
"2288",NA,"Triakis semifasciata","species","Leopard Shark","adults","Gyrodactylus sp.","genus","Gyrodactylus sp.","adults",96,52
"2289",NA,"Triakis semifasciata","species","Leopard Shark","adults","Carcinonemertes sp.","species","Carcinonemertes sp.","adults",96,24
"2290",NA,"Triakis semifasciata","species","Leopard Shark","adults","Glossocercus sp.","genus","Glossocercus sp.","plerocercoid",96,51
"2291",NA,"Triakis semifasciata","species","Leopard Shark","adults","Spirocamallanus pereirae","species","Spirocamallanus pereirae","adults",96,107
"2292",NA,"Triakis semifasciata","species","Leopard Shark","adults","Hysterolecitha trilocalis","species","Hysterolecitha trilocalis","adults",96,57
"2293",NA,"Triakis semifasciata","species","Leopard Shark","adults","Portunion conformis","species","Portunion conformis","adults",96,96
"2294",NA,"Triakis semifasciata","species","Leopard Shark","adults","Orthione griffenis","species","Orthione griffinis","adults",96,81
"2295",NA,"Triakis semifasciata","species","Leopard Shark","adults","Picornavirus","genus","virus","adults",96,90
"2296",NA,"Triakis semifasciata","species","Leopard Shark","adults","Trichodina sp.","genus","Trichodina sp.","adults",96,115
"2297",NA,"Triakis semifasciata","species","Leopard Shark","adults","Henneguya","genus","Henneguya","adults",96,54
"2298",NA,"Urolophus halleri","species","Haller's Round Ray","adults","Pygidiopsoides spindalis","species","Pygidiopsoides spindalis","metacercaria",100,100
"2299",NA,"Urolophus halleri","species","Haller's Round Ray","adults","Parvatrema sp.","genus","Parvatrema sp.","metacercaria",100,87
"2300",NA,"Urolophus halleri","species","Haller's Round Ray","adults","Phocitremoides ovale","species","Phocitremoides ovale","metacercaria",100,89
"2301",NA,"Urolophus halleri","species","Haller's Round Ray","adults","Stictodora hancocki","species","Stictodora hancocki","metacercaria",100,109
"2302",NA,"Urolophus halleri","species","Haller's Round Ray","adults","Renicola buchanani","species","Renicola buchanani","metacercaria",100,102
"2303",NA,"Urolophus halleri","species","Haller's Round Ray","adults","Cloacitrema michiganiensis","species","Cloacitrema michiganiensis","metacercaria",100,34
"2304",NA,"Urolophus halleri","species","Haller's Round Ray","adults","Parorchis acanthus","species","Parorchis acanthus","metacercaria",100,86
"2305",NA,"Urolophus halleri","species","Haller's Round Ray","adults","Mesostephanus appendiculatus","species","Mesostephanus appendiculatus","metacercaria",100,73
"2306",NA,"Urolophus halleri","species","Haller's Round Ray","adults","Acanthoparyphium spinulosum","species","Acanthoparyphium spinulosum","metacercaria",100,2
"2307",NA,"Urolophus halleri","species","Haller's Round Ray","adults","Himasthla rhigedana","species","Himasthla rhigedana","metacercaria",100,55
"2308",NA,"Urolophus halleri","species","Haller's Round Ray","adults","Gyrodactylus sp.","genus","Gyrodactylus sp.","adults",100,52
"2309",NA,"Urolophus halleri","species","Haller's Round Ray","adults","Carcinonemertes sp.","species","Carcinonemertes sp.","adults",100,24
"2310",NA,"Urolophus halleri","species","Haller's Round Ray","adults","Spirocamallanus pereirae","species","Spirocamallanus pereirae","adults",100,107
"2311",NA,"Urolophus halleri","species","Haller's Round Ray","adults","Portunion conformis","species","Portunion conformis","adults",100,96
"2312",NA,"Urolophus halleri","species","Haller's Round Ray","adults","Orthione griffenis","species","Orthione griffinis","adults",100,81
"2313",NA,"Urolophus halleri","species","Haller's Round Ray","adults","Picornavirus","genus","virus","adults",100,90
"2314",NA,"Urolophus halleri","species","Haller's Round Ray","adults","Trichodina sp.","genus","Trichodina sp.","adults",100,115
